scene_id,recording_id,trajectory_source_path,trajectory_source_checksum,trajectory_source_size_bytes,trajectory_source_rows,trajectory_source_row_groups,source_recording_file,video_exists,video_size_bytes,video_checksum_policy
bellevue_116th_ne12th,Bellevue_116th_NE12th__2017-09-10_19-08-25,data/interim/bellevue_116th_ne12th/tracks_Bellevue_116th_NE12th__2017-09-10_19-08-25.parquet,b068313f869dc5d2b8e2b963b295a74593b61bb348d9cc1d6c849b6323eb1c7b,44560171,1535207,2,data/raw/bellevue_116th_ne12th/Bellevue_116th_NE12th__2017-09-10_19-08-25.mp4,True,438708285,sha256_on_demand_before_clip_or_frame_use
bellevue_116th_ne12th,Bellevue_116th_NE12th__2017-09-10_20-09-12,data/interim/bellevue_116th_ne12th/tracks_Bellevue_116th_NE12th__2017-09-10_20-09-12.parquet,bd0eca29c673aaa26f1307a0d5e552648ad838e51d238d58240912d393824c9f,11057412,334248,1,data/raw/bellevue_116th_ne12th/Bellevue_116th_NE12th__2017-09-10_20-09-12.mp4,True,340344466,sha256_on_demand_before_clip_or_frame_use
bellevue_116th_ne12th,Bellevue_116th_NE12th__2017-09-10_21-08-54,data/interim/bellevue_116th_ne12th/tracks_Bellevue_116th_NE12th__2017-09-10_21-08-54.parquet,ad024efff91a68a4ef554cfa6a9f07d34a845d242770952037688b6bfa5e6317,20254237,636188,1,data/raw/bellevue_116th_ne12th/Bellevue_116th_NE12th__2017-09-10_21-08-54.mp4,True,693257629,sha256_on_demand_before_clip_or_frame_use
bellevue_116th_ne12th,Bellevue_116th_NE12th__2017-09-10_22-08-50,data/interim/bellevue_116th_ne12th/tracks_Bellevue_116th_NE12th__2017-09-10_22-08-50.parquet,a028f4409d9ccbf84e99b842174cdb2713d4b2169522ac1718dd4320e2344500,3411991,88749,1,data/raw/bellevue_116th_ne12th/Bellevue_116th_NE12th__2017-09-10_22-08-50.mp4,True,94376249,sha256_on_demand_before_clip_or_frame_use
bellevue_116th_ne12th,Bellevue_116th_NE12th__2017-09-10_23-08-29,data/interim/bellevue_116th_ne12th/tracks_Bellevue_116th_NE12th__2017-09-10_23-08-29.parquet,31046a227dc21d93d0d18b6bf3310b914743b8f9bd6b32b0acce705bc0a42f3a,20735095,652176,1,data/raw/bellevue_116th_ne12th/Bellevue_116th_NE12th__2017-09-10_23-08-29.mp4,True,708631365,sha256_on_demand_before_clip_or_frame_use
bellevue_116th_ne12th,Bellevue_116th_NE12th__2017-09-11_00-08-29,data/interim/bellevue_116th_ne12th/tracks_Bellevue_116th_NE12th__2017-09-11_00-08-29.parquet,500469495ba5fcd1a3a20a03d89707045e0ea04d0bd2d22ea56bba1004bef881,14572568,448236,1,data/raw/bellevue_116th_ne12th/Bellevue_116th_NE12th__2017-09-11_00-08-29.mp4,True,477705592,sha256_on_demand_before_clip_or_frame_use
bellevue_116th_ne12th,Bellevue_116th_NE12th__2017-09-11_01-08-29,data/interim/bellevue_116th_ne12th/tracks_Bellevue_116th_NE12th__2017-09-11_01-08-29.parquet,98dee9b6c58875db2988b453d0d8ea7764549ac1917a4f31d44f7b34fe7d6701,18262116,570044,1,data/raw/bellevue_116th_ne12th/Bellevue_116th_NE12th__2017-09-11_01-08-29.mp4,True,594203496,sha256_on_demand_before_clip_or_frame_use
bellevue_116th_ne12th,Bellevue_116th_NE12th__2017-09-11_02-08-32,data/interim/bellevue_116th_ne12th/tracks_Bellevue_116th_NE12th__2017-09-11_02-08-32.parquet,710673b84aaa8f1af4d66fd40e10a1a1a19e5b902b6a83e64fe10a7c051c01c9,19410341,609381,1,data/raw/bellevue_116th_ne12th/Bellevue_116th_NE12th__2017-09-11_02-08-32.mp4,True,662371618,sha256_on_demand_before_clip_or_frame_use
bellevue_116th_ne12th,Bellevue_116th_NE12th__2017-09-11_03-08-30,data/interim/bellevue_116th_ne12th/tracks_Bellevue_116th_NE12th__2017-09-11_03-08-30.parquet,bc7bfd0e5d9ee3acfd5e692ed8947ab221424b264b93e07dd47222e7cd1bb028,18814653,589886,1,data/raw/bellevue_116th_ne12th/Bellevue_116th_NE12th__2017-09-11_03-08-30.mp4,True,663376491,sha256_on_demand_before_clip_or_frame_use
bellevue_116th_ne12th,Bellevue_116th_NE12th__2017-09-11_04-08-30,data/interim/bellevue_116th_ne12th/tracks_Bellevue_116th_NE12th__2017-09-11_04-08-30.parquet,5b273d89279518df0c5b45e146bf99f90e8ba636310052acfb3e1a56e9f06fbb,19097559,593563,1,data/raw/bellevue_116th_ne12th/Bellevue_116th_NE12th__2017-09-11_04-08-30.mp4,True,684161572,sha256_on_demand_before_clip_or_frame_use
bellevue_116th_ne12th,Bellevue_116th_NE12th__2017-09-11_05-08-39,data/interim/bellevue_116th_ne12th/tracks_Bellevue_116th_NE12th__2017-09-11_05-08-39.parquet,7cad8be3aa6400780031430bdb06490c5f3a232765dc54678719812f42104e10,2647879,68710,1,data/raw/bellevue_116th_ne12th/Bellevue_116th_NE12th__2017-09-11_05-08-39.mp4,True,86131110,sha256_on_demand_before_clip_or_frame_use
bellevue_116th_ne12th,Bellevue_116th_NE12th__2017-09-11_06-08-30,data/interim/bellevue_116th_ne12th/tracks_Bellevue_116th_NE12th__2017-09-11_06-08-30.parquet,82e7a98ace5199dac4435b6b0dd66b824bc4fc8bd861d035d4e05fab98dac21c,45737568,1578546,2,data/raw/bellevue_116th_ne12th/Bellevue_116th_NE12th__2017-09-11_06-08-30.mp4,True,470010601,sha256_on_demand_before_clip_or_frame_use
bellevue_116th_ne12th,Bellevue_116th_NE12th__2017-09-11_07-08-32,data/interim/bellevue_116th_ne12th/tracks_Bellevue_116th_NE12th__2017-09-11_07-08-32.parquet,19ce48e32336e20f4a77b2d0658e4809a5ae183af17e040be193a5db3836f3e4,7364979,219558,1,data/raw/bellevue_116th_ne12th/Bellevue_116th_NE12th__2017-09-11_07-08-32.mp4,True,68412272,sha256_on_demand_before_clip_or_frame_use
bellevue_116th_ne12th,Bellevue_116th_NE12th__2017-09-11_08-08-50,data/interim/bellevue_116th_ne12th/tracks_Bellevue_116th_NE12th__2017-09-11_08-08-50.parquet,f09b55a9714ffea3b9935e5f5e8815f547597b9e70890c15d7eecee07ec55b2d,10796962,338082,1,data/raw/bellevue_116th_ne12th/Bellevue_116th_NE12th__2017-09-11_08-08-50.mp4,True,146272337,sha256_on_demand_before_clip_or_frame_use
bellevue_116th_ne12th,Bellevue_116th_NE12th__2017-09-11_09-08-31,data/interim/bellevue_116th_ne12th/tracks_Bellevue_116th_NE12th__2017-09-11_09-08-31.parquet,f027f92f637b60224108e0ad6d60dd1a1022a6b41d6228ebe5ccaa4cf5bd6a02,16610387,547805,1,data/raw/bellevue_116th_ne12th/Bellevue_116th_NE12th__2017-09-11_09-08-31.mp4,True,231315695,sha256_on_demand_before_clip_or_frame_use
bellevue_116th_ne12th,Bellevue_116th_NE12th__2017-09-11_11-08-33,data/interim/bellevue_116th_ne12th/tracks_Bellevue_116th_NE12th__2017-09-11_11-08-33.parquet,03b7df7a15e1f69481092dc232a668c1077ddaff1d0c23f1367d7233c52266df,7639072,225751,1,data/raw/bellevue_116th_ne12th/Bellevue_116th_NE12th__2017-09-11_11-08-33.mp4,True,74165700,sha256_on_demand_before_clip_or_frame_use
bellevue_116th_ne12th,Bellevue_116th_NE12th__2017-09-11_12-08-33,data/interim/bellevue_116th_ne12th/tracks_Bellevue_116th_NE12th__2017-09-11_12-08-33.parquet,9ec79cf3a96c5fc8b9d57c1b4ace402f277e5c1e7398fedf6e915608d21fe4b5,3370681,89988,1,data/raw/bellevue_116th_ne12th/Bellevue_116th_NE12th__2017-09-11_12-08-33.mp4,True,24816722,sha256_on_demand_before_clip_or_frame_use
bellevue_116th_ne12th,Bellevue_116th_NE12th__2017-09-11_14-08-35,data/interim/bellevue_116th_ne12th/tracks_Bellevue_116th_NE12th__2017-09-11_14-08-35.parquet,45fcf7fad4394a48836e25206337e3d6a84d3187b7e35479d29e49d57b9f48a4,13700687,451297,1,data/raw/bellevue_116th_ne12th/Bellevue_116th_NE12th__2017-09-11_14-08-35.mp4,True,121601732,sha256_on_demand_before_clip_or_frame_use
bellevue_116th_ne12th,Bellevue_116th_NE12th__2017-09-11_15-08-36,data/interim/bellevue_116th_ne12th/tracks_Bellevue_116th_NE12th__2017-09-11_15-08-36.parquet,bf60f217ecb6613a08632bae1291702101c40bf337efdfad4b545726333adb3c,1923665,51738,1,data/raw/bellevue_116th_ne12th/Bellevue_116th_NE12th__2017-09-11_15-08-36.mp4,True,14674334,sha256_on_demand_before_clip_or_frame_use
bellevue_116th_ne12th,Bellevue_116th_NE12th__2017-09-11_16-08-37,data/interim/bellevue_116th_ne12th/tracks_Bellevue_116th_NE12th__2017-09-11_16-08-37.parquet,d46c4505bf2934681fc6007f63febb43599e401d8ca989cd7f47e7f77aaeb946,1559341,41618,1,data/raw/bellevue_116th_ne12th/Bellevue_116th_NE12th__2017-09-11_16-08-37.mp4,True,12180686,sha256_on_demand_before_clip_or_frame_use
bellevue_116th_ne12th,Bellevue_116th_NE12th__2017-09-11_17-08-39,data/interim/bellevue_116th_ne12th/tracks_Bellevue_116th_NE12th__2017-09-11_17-08-39.parquet,4fb712a97f51996819b7a6943774c03e29bb4a887070d304398d0ad9817d86f3,6677951,186394,1,data/raw/bellevue_116th_ne12th/Bellevue_116th_NE12th__2017-09-11_17-08-39.mp4,True,60807417,sha256_on_demand_before_clip_or_frame_use
bellevue_150th_eastgate,Bellevue_150th_Eastgate__2017-09-10_18-08-24,data/interim/bellevue_150th_eastgate/tracks_Bellevue_150th_Eastgate__2017-09-10_18-08-24.parquet,a5851be8fb6e11ebcc4d0db87b3abd9cc821a837f4107a27b24c495539a9ad20,48668164,1681416,2,data/raw/bellevue_150th_eastgate/Bellevue_150th_Eastgate__2017-09-10_18-08-24.mp4,True,370717286,sha256_on_demand_before_clip_or_frame_use
bellevue_150th_eastgate,Bellevue_150th_Eastgate__2017-09-10_19-08-25,data/interim/bellevue_150th_eastgate/tracks_Bellevue_150th_Eastgate__2017-09-10_19-08-25.parquet,1b91b8fdb3a5f7f5bcbd4b055cba1040a3419bec5f33c23ca3fc0bc21900e00c,70502892,2441873,3,data/raw/bellevue_150th_eastgate/Bellevue_150th_Eastgate__2017-09-10_19-08-25.mp4,True,418407351,sha256_on_demand_before_clip_or_frame_use
bellevue_150th_eastgate,Bellevue_150th_Eastgate__2017-09-10_20-08-25,data/interim/bellevue_150th_eastgate/tracks_Bellevue_150th_Eastgate__2017-09-10_20-08-25.parquet,98223fe48b4485b0d5207516b8df6939a9408530976c4b2354f8f45f9a171b56,30040502,981579,1,data/raw/bellevue_150th_eastgate/Bellevue_150th_Eastgate__2017-09-10_20-08-25.mp4,True,818248247,sha256_on_demand_before_clip_or_frame_use
bellevue_150th_eastgate,Bellevue_150th_Eastgate__2017-09-10_21-08-28,data/interim/bellevue_150th_eastgate/tracks_Bellevue_150th_Eastgate__2017-09-10_21-08-28.parquet,5f839f830624624088aadbb263be7e301694e14c53345322d93953405e3ee7ed,25989261,838485,1,data/raw/bellevue_150th_eastgate/Bellevue_150th_Eastgate__2017-09-10_21-08-28.mp4,True,785781152,sha256_on_demand_before_clip_or_frame_use
bellevue_150th_eastgate,Bellevue_150th_Eastgate__2017-09-10_22-08-28,data/interim/bellevue_150th_eastgate/tracks_Bellevue_150th_Eastgate__2017-09-10_22-08-28.parquet,c144bbe5d8d0220df34bab8e5ccc6d00c520b0ea96ba467c137a7edd38b3c387,21803919,683890,1,data/raw/bellevue_150th_eastgate/Bellevue_150th_Eastgate__2017-09-10_22-08-28.mp4,True,696119733,sha256_on_demand_before_clip_or_frame_use
bellevue_150th_eastgate,Bellevue_150th_Eastgate__2017-09-10_23-08-29,data/interim/bellevue_150th_eastgate/tracks_Bellevue_150th_Eastgate__2017-09-10_23-08-29.parquet,a159827ee97ac3d070f83fc3cfc9b58bca48ce7cfb488f4aa643b807347ca6ad,18194941,561131,1,data/raw/bellevue_150th_eastgate/Bellevue_150th_Eastgate__2017-09-10_23-08-29.mp4,True,637763700,sha256_on_demand_before_clip_or_frame_use
bellevue_150th_eastgate,Bellevue_150th_Eastgate__2017-09-11_00-08-29,data/interim/bellevue_150th_eastgate/tracks_Bellevue_150th_Eastgate__2017-09-11_00-08-29.parquet,7962c8623350ba1a7f04a25cea7452bdd1e1fd2585149550260b1bd3f0bbe7f6,14977038,450829,1,data/raw/bellevue_150th_eastgate/Bellevue_150th_Eastgate__2017-09-11_00-08-29.mp4,True,598175225,sha256_on_demand_before_clip_or_frame_use
bellevue_150th_eastgate,Bellevue_150th_Eastgate__2017-09-11_01-08-29,data/interim/bellevue_150th_eastgate/tracks_Bellevue_150th_Eastgate__2017-09-11_01-08-29.parquet,03f29eba8ca1369c7352c65497a5fd006bcf823c2997a3e750434260b83e2159,13193689,392882,1,data/raw/bellevue_150th_eastgate/Bellevue_150th_Eastgate__2017-09-11_01-08-29.mp4,True,542568600,sha256_on_demand_before_clip_or_frame_use
bellevue_150th_eastgate,Bellevue_150th_Eastgate__2017-09-11_02-08-29,data/interim/bellevue_150th_eastgate/tracks_Bellevue_150th_Eastgate__2017-09-11_02-08-29.parquet,c007befe03a8daa793d8a9b55c4a229c0d1f671404ad1087ea08695929f6641c,13614567,408078,1,data/raw/bellevue_150th_eastgate/Bellevue_150th_Eastgate__2017-09-11_02-08-29.mp4,True,584357487,sha256_on_demand_before_clip_or_frame_use
bellevue_150th_eastgate,Bellevue_150th_Eastgate__2017-09-11_03-08-30,data/interim/bellevue_150th_eastgate/tracks_Bellevue_150th_Eastgate__2017-09-11_03-08-30.parquet,98865d4c6cc1e64ebb838259476f06928c02c65942dd2ba098c371395ef5e77d,14210601,423739,1,data/raw/bellevue_150th_eastgate/Bellevue_150th_Eastgate__2017-09-11_03-08-30.mp4,True,606876397,sha256_on_demand_before_clip_or_frame_use
bellevue_150th_eastgate,Bellevue_150th_Eastgate__2017-09-11_04-08-29,data/interim/bellevue_150th_eastgate/tracks_Bellevue_150th_Eastgate__2017-09-11_04-08-29.parquet,0eb007751f85fd7de5e9b8d2ae07faebd29562dd4ab6094e1e13071b4c9b575f,15128897,451992,1,data/raw/bellevue_150th_eastgate/Bellevue_150th_Eastgate__2017-09-11_04-08-29.mp4,True,653012409,sha256_on_demand_before_clip_or_frame_use
bellevue_150th_eastgate,Bellevue_150th_Eastgate__2017-09-11_05-08-30,data/interim/bellevue_150th_eastgate/tracks_Bellevue_150th_Eastgate__2017-09-11_05-08-30.parquet,efaaf64874fd5ab557c96f99befb692f6ce6f7d5b4807ddc99cd3baf8300c337,22001444,685464,1,data/raw/bellevue_150th_eastgate/Bellevue_150th_Eastgate__2017-09-11_05-08-30.mp4,True,754633506,sha256_on_demand_before_clip_or_frame_use
bellevue_150th_eastgate,Bellevue_150th_Eastgate__2017-09-11_06-08-30,data/interim/bellevue_150th_eastgate/tracks_Bellevue_150th_Eastgate__2017-09-11_06-08-30.parquet,a08e3b826e33870e283435c8f7fec2f4044ba58ab642e8a411163eb8f4206ac4,71935223,2498807,3,data/raw/bellevue_150th_eastgate/Bellevue_150th_Eastgate__2017-09-11_06-08-30.mp4,True,481654803,sha256_on_demand_before_clip_or_frame_use
bellevue_150th_eastgate,Bellevue_150th_Eastgate__2017-09-11_07-08-31,data/interim/bellevue_150th_eastgate/tracks_Bellevue_150th_Eastgate__2017-09-11_07-08-31.parquet,135e16ba4797365ed168a2fd0b393e9b1892a97af6996599b341492f7c3df771,78160851,2693995,3,data/raw/bellevue_150th_eastgate/Bellevue_150th_Eastgate__2017-09-11_07-08-31.mp4,True,761005255,sha256_on_demand_before_clip_or_frame_use
bellevue_150th_eastgate,Bellevue_150th_Eastgate__2017-09-11_08-08-31,data/interim/bellevue_150th_eastgate/tracks_Bellevue_150th_Eastgate__2017-09-11_08-08-31.parquet,da616472ea735037397fd9e713573c5eea26b05f359c7672e99e077b38cfdff4,95623736,3273554,4,data/raw/bellevue_150th_eastgate/Bellevue_150th_Eastgate__2017-09-11_08-08-31.mp4,True,832614930,sha256_on_demand_before_clip_or_frame_use
bellevue_150th_eastgate,Bellevue_150th_Eastgate__2017-09-11_09-08-31,data/interim/bellevue_150th_eastgate/tracks_Bellevue_150th_Eastgate__2017-09-11_09-08-31.parquet,b56bcf862fc055d527ecdd02c280ba9afd7f6976afa1a9d68b1ca1f5013891e9,94423253,3251584,4,data/raw/bellevue_150th_eastgate/Bellevue_150th_Eastgate__2017-09-11_09-08-31.mp4,True,762633956,sha256_on_demand_before_clip_or_frame_use
bellevue_150th_eastgate,Bellevue_150th_Eastgate__2017-09-11_10-08-31,data/interim/bellevue_150th_eastgate/tracks_Bellevue_150th_Eastgate__2017-09-11_10-08-31.parquet,0ed730759a0908fc1e69ec013eabc89db74ff9e8a260f409a89d7e9c3c8d9432,77483200,2687551,3,data/raw/bellevue_150th_eastgate/Bellevue_150th_Eastgate__2017-09-11_10-08-31.mp4,True,682782826,sha256_on_demand_before_clip_or_frame_use
bellevue_150th_eastgate,Bellevue_150th_Eastgate__2017-09-11_11-08-32,data/interim/bellevue_150th_eastgate/tracks_Bellevue_150th_Eastgate__2017-09-11_11-08-32.parquet,c57f7c584ccd78e6b38522007e7d7d8b12cbf9f8fc9d930793ae20e83cc81197,74113111,2547396,3,data/raw/bellevue_150th_eastgate/Bellevue_150th_Eastgate__2017-09-11_11-08-32.mp4,True,668945957,sha256_on_demand_before_clip_or_frame_use
bellevue_150th_eastgate,Bellevue_150th_Eastgate__2017-09-11_12-08-32,data/interim/bellevue_150th_eastgate/tracks_Bellevue_150th_Eastgate__2017-09-11_12-08-32.parquet,a8537a6426e5fe7f80602ce6389ddf1fbba82e79da5c41cb3f80dc6fceb5afdf,77966227,2684562,3,data/raw/bellevue_150th_eastgate/Bellevue_150th_Eastgate__2017-09-11_12-08-32.mp4,True,675577192,sha256_on_demand_before_clip_or_frame_use
bellevue_150th_eastgate,Bellevue_150th_Eastgate__2017-09-11_13-08-32,data/interim/bellevue_150th_eastgate/tracks_Bellevue_150th_Eastgate__2017-09-11_13-08-32.parquet,50220857fc390e50af633a12d3454dad2c14eccb17ee40fe11714687d8d4dd55,63014023,2165586,3,data/raw/bellevue_150th_eastgate/Bellevue_150th_Eastgate__2017-09-11_13-08-32.mp4,True,569566422,sha256_on_demand_before_clip_or_frame_use
bellevue_150th_eastgate,Bellevue_150th_Eastgate__2017-09-11_14-08-31,data/interim/bellevue_150th_eastgate/tracks_Bellevue_150th_Eastgate__2017-09-11_14-08-31.parquet,e76a7c0917b10fbb0b0dba5c9de1f947aee995c2a7fd8edca96ea1955f8257f4,69616431,2373194,3,data/raw/bellevue_150th_eastgate/Bellevue_150th_Eastgate__2017-09-11_14-08-31.mp4,True,640424162,sha256_on_demand_before_clip_or_frame_use
bellevue_150th_eastgate,Bellevue_150th_Eastgate__2017-09-11_15-08-33,data/interim/bellevue_150th_eastgate/tracks_Bellevue_150th_Eastgate__2017-09-11_15-08-33.parquet,1f0d7e2bea2ad1be56eb64c89c5f9d69a400637d54ebec0eb89b4ffabca64e4b,77787273,2659192,3,data/raw/bellevue_150th_eastgate/Bellevue_150th_Eastgate__2017-09-11_15-08-33.mp4,True,695726656,sha256_on_demand_before_clip_or_frame_use
bellevue_150th_eastgate,Bellevue_150th_Eastgate__2017-09-11_16-08-33,data/interim/bellevue_150th_eastgate/tracks_Bellevue_150th_Eastgate__2017-09-11_16-08-33.parquet,10eb76b071328bb0a0a59fa7b3333baa776852dd9663aa10f750dcd149e93b53,80355912,2742448,3,data/raw/bellevue_150th_eastgate/Bellevue_150th_Eastgate__2017-09-11_16-08-33.mp4,True,707055549,sha256_on_demand_before_clip_or_frame_use
bellevue_150th_eastgate,Bellevue_150th_Eastgate__2017-09-11_17-08-33,data/interim/bellevue_150th_eastgate/tracks_Bellevue_150th_Eastgate__2017-09-11_17-08-33.parquet,a602f3581f20684f1d28a25d02914cd885b9f891b37707350e1cdd5896156e84,91800929,3146437,4,data/raw/bellevue_150th_eastgate/Bellevue_150th_Eastgate__2017-09-11_17-08-33.mp4,True,670193912,sha256_on_demand_before_clip_or_frame_use
bellevue_150th_newport,Bellevue_150th_Newport__2017-09-10_18-08-24,data/interim/bellevue_150th_newport/tracks_Bellevue_150th_Newport__2017-09-10_18-08-24.parquet,6c4b061efc692cd8f4772c96e7f37d7fc29d2cc41212f38f1d51dbf54daaf67e,53018414,1792540,2,data/raw/bellevue_150th_newport/Bellevue_150th_Newport__2017-09-10_18-08-24.mp4,True,725653754,sha256_on_demand_before_clip_or_frame_use
bellevue_150th_newport,Bellevue_150th_Newport__2017-09-10_19-08-24,data/interim/bellevue_150th_newport/tracks_Bellevue_150th_Newport__2017-09-10_19-08-24.parquet,6d69506aeebbd30877a04f7867c6c0a170d614c317d6a5e8d29c4586102344ad,55223650,1886124,2,data/raw/bellevue_150th_newport/Bellevue_150th_Newport__2017-09-10_19-08-24.mp4,True,562233775,sha256_on_demand_before_clip_or_frame_use
bellevue_150th_newport,Bellevue_150th_Newport__2017-09-10_20-08-25,data/interim/bellevue_150th_newport/tracks_Bellevue_150th_Newport__2017-09-10_20-08-25.parquet,140d567ff3aadadd18303be27f8ed367bd196e55fca75882127f2215a5d48478,23238513,700432,1,data/raw/bellevue_150th_newport/Bellevue_150th_Newport__2017-09-10_20-08-25.mp4,True,771199106,sha256_on_demand_before_clip_or_frame_use
bellevue_150th_newport,Bellevue_150th_Newport__2017-09-10_21-08-28,data/interim/bellevue_150th_newport/tracks_Bellevue_150th_Newport__2017-09-10_21-08-28.parquet,d73bc30993214f3734ffc07c52b16becc04c3ba308a117d5d5068b61a81cf400,19618159,576539,1,data/raw/bellevue_150th_newport/Bellevue_150th_Newport__2017-09-10_21-08-28.mp4,True,697682115,sha256_on_demand_before_clip_or_frame_use
bellevue_150th_newport,Bellevue_150th_Newport__2017-09-10_22-08-28,data/interim/bellevue_150th_newport/tracks_Bellevue_150th_Newport__2017-09-10_22-08-28.parquet,ce7b06f65720f2898403af4d7b70ec5e2f2f3d2377bc1f7e384c0391e9256aa8,16250283,469887,1,data/raw/bellevue_150th_newport/Bellevue_150th_Newport__2017-09-10_22-08-28.mp4,True,592134605,sha256_on_demand_before_clip_or_frame_use
bellevue_150th_newport,Bellevue_150th_Newport__2017-09-10_23-08-29,data/interim/bellevue_150th_newport/tracks_Bellevue_150th_Newport__2017-09-10_23-08-29.parquet,c140cc9d3b2dfb4cdca6dfd297350767d6683c761b01472d11f666b95b9e6129,15582849,449494,1,data/raw/bellevue_150th_newport/Bellevue_150th_Newport__2017-09-10_23-08-29.mp4,True,555848207,sha256_on_demand_before_clip_or_frame_use
bellevue_150th_newport,Bellevue_150th_Newport__2017-09-11_00-08-29,data/interim/bellevue_150th_newport/tracks_Bellevue_150th_Newport__2017-09-11_00-08-29.parquet,a7edc5854c4b3d28b7f7dab7242e8feddab0d675405da66a8b1e25be2fd3a0eb,15044385,432395,1,data/raw/bellevue_150th_newport/Bellevue_150th_Newport__2017-09-11_00-08-29.mp4,True,517268218,sha256_on_demand_before_clip_or_frame_use
bellevue_150th_newport,Bellevue_150th_Newport__2017-09-11_01-08-29,data/interim/bellevue_150th_newport/tracks_Bellevue_150th_Newport__2017-09-11_01-08-29.parquet,2d1ee51bebe7b270e578fd33112414e220efe83d44ec83b4d0e0bfb2b77c0f61,13597838,388537,1,data/raw/bellevue_150th_newport/Bellevue_150th_Newport__2017-09-11_01-08-29.mp4,True,448587688,sha256_on_demand_before_clip_or_frame_use
bellevue_150th_newport,Bellevue_150th_Newport__2017-09-11_02-08-29,data/interim/bellevue_150th_newport/tracks_Bellevue_150th_Newport__2017-09-11_02-08-29.parquet,d115b2ce42c2b365724019af55f85d0b0a80efe2f5434c4664790bd010936c91,14665220,421984,1,data/raw/bellevue_150th_newport/Bellevue_150th_Newport__2017-09-11_02-08-29.mp4,True,491176517,sha256_on_demand_before_clip_or_frame_use
bellevue_150th_newport,Bellevue_150th_Newport__2017-09-11_03-08-29,data/interim/bellevue_150th_newport/tracks_Bellevue_150th_Newport__2017-09-11_03-08-29.parquet,d50f7fa0a6bd7e46434b1939f77a7278d434b8c7ced349450f21f04e375b5d61,14794885,425914,1,data/raw/bellevue_150th_newport/Bellevue_150th_Newport__2017-09-11_03-08-29.mp4,True,501332756,sha256_on_demand_before_clip_or_frame_use
bellevue_150th_newport,Bellevue_150th_Newport__2017-09-11_04-08-29,data/interim/bellevue_150th_newport/tracks_Bellevue_150th_Newport__2017-09-11_04-08-29.parquet,c557eb0fb1a290a265fe6758d74f536543ae33a20c46e14ecc8fb35e2b4c2ae3,15328424,450421,1,data/raw/bellevue_150th_newport/Bellevue_150th_Newport__2017-09-11_04-08-29.mp4,True,525992387,sha256_on_demand_before_clip_or_frame_use
bellevue_150th_newport,Bellevue_150th_Newport__2017-09-11_05-08-29,data/interim/bellevue_150th_newport/tracks_Bellevue_150th_Newport__2017-09-11_05-08-29.parquet,878d22f41b39acce82f062ea825b396b49ab6fd68d48a72c7af90a1b9a275730,17537111,523096,1,data/raw/bellevue_150th_newport/Bellevue_150th_Newport__2017-09-11_05-08-29.mp4,True,610119263,sha256_on_demand_before_clip_or_frame_use
bellevue_150th_newport,Bellevue_150th_Newport__2017-09-11_06-08-30,data/interim/bellevue_150th_newport/tracks_Bellevue_150th_Newport__2017-09-11_06-08-30.parquet,55b62238aa8fe63033becd1022859631887675f09564d44397397c3b4c935025,58529538,2025701,2,data/raw/bellevue_150th_newport/Bellevue_150th_Newport__2017-09-11_06-08-30.mp4,True,524846399,sha256_on_demand_before_clip_or_frame_use
bellevue_150th_newport,Bellevue_150th_Newport__2017-09-11_07-08-31,data/interim/bellevue_150th_newport/tracks_Bellevue_150th_Newport__2017-09-11_07-08-31.parquet,e85f8a20e1191ebe18216bf901ee658d7448123534250d8a4e25b2ec3dd61e0d,82439090,2820434,3,data/raw/bellevue_150th_newport/Bellevue_150th_Newport__2017-09-11_07-08-31.mp4,True,789171387,sha256_on_demand_before_clip_or_frame_use
bellevue_150th_newport,Bellevue_150th_Newport__2017-09-11_08-08-31,data/interim/bellevue_150th_newport/tracks_Bellevue_150th_Newport__2017-09-11_08-08-31.parquet,a4ab3097b6c3039d83f52960ac1ebcd38a4cc5592a216c3ec86157436e04ae33,86029956,2927887,3,data/raw/bellevue_150th_newport/Bellevue_150th_Newport__2017-09-11_08-08-31.mp4,True,922656811,sha256_on_demand_before_clip_or_frame_use
bellevue_150th_newport,Bellevue_150th_Newport__2017-09-11_09-08-30,data/interim/bellevue_150th_newport/tracks_Bellevue_150th_Newport__2017-09-11_09-08-30.parquet,a7e0c785b2b90ae03ab45c7948a8090e90bb4b3d6c5ba4f1e4c15092796e6f82,58489016,2000117,2,data/raw/bellevue_150th_newport/Bellevue_150th_Newport__2017-09-11_09-08-30.mp4,True,804191481,sha256_on_demand_before_clip_or_frame_use
bellevue_150th_newport,Bellevue_150th_Newport__2017-09-11_10-08-31,data/interim/bellevue_150th_newport/tracks_Bellevue_150th_Newport__2017-09-11_10-08-31.parquet,0a13563ec3dbf6628ac60c6ff3d085418c3668d9f895b42091b49b8cfc2ff5fa,45423079,1517602,2,data/raw/bellevue_150th_newport/Bellevue_150th_Newport__2017-09-11_10-08-31.mp4,True,757883967,sha256_on_demand_before_clip_or_frame_use
bellevue_150th_newport,Bellevue_150th_Newport__2017-09-11_11-08-32,data/interim/bellevue_150th_newport/tracks_Bellevue_150th_Newport__2017-09-11_11-08-32.parquet,9e39f7c015ffe817bb0c2b3e12eaed53dde1dbc326d27612f23fea13d117ba2e,37745900,1217730,2,data/raw/bellevue_150th_newport/Bellevue_150th_Newport__2017-09-11_11-08-32.mp4,True,730430809,sha256_on_demand_before_clip_or_frame_use
bellevue_150th_newport,Bellevue_150th_Newport__2017-09-11_12-08-32,data/interim/bellevue_150th_newport/tracks_Bellevue_150th_Newport__2017-09-11_12-08-32.parquet,ace8a144a2c741c42f8efc01fda37b767632f6583b008a4e1a87a0fc6e22b571,39475495,1268566,2,data/raw/bellevue_150th_newport/Bellevue_150th_Newport__2017-09-11_12-08-32.mp4,True,741731018,sha256_on_demand_before_clip_or_frame_use
bellevue_150th_newport,Bellevue_150th_Newport__2017-09-11_13-08-32,data/interim/bellevue_150th_newport/tracks_Bellevue_150th_Newport__2017-09-11_13-08-32.parquet,51762120050a66e2bb2f7d62f40e1e5136b2a21858e6bd20e54a3f0cd00e63e3,36709794,1200411,2,data/raw/bellevue_150th_newport/Bellevue_150th_Newport__2017-09-11_13-08-32.mp4,True,672546920,sha256_on_demand_before_clip_or_frame_use
bellevue_150th_newport,Bellevue_150th_Newport__2017-09-11_14-08-31,data/interim/bellevue_150th_newport/tracks_Bellevue_150th_Newport__2017-09-11_14-08-31.parquet,b8ea9556b0dc79b7f6ded64e016542d521b1712e6a2795e49e2a7e4cfcacd6d1,51144336,1717033,2,data/raw/bellevue_150th_newport/Bellevue_150th_Newport__2017-09-11_14-08-31.mp4,True,878013948,sha256_on_demand_before_clip_or_frame_use
bellevue_150th_newport,Bellevue_150th_Newport__2017-09-11_15-08-32,data/interim/bellevue_150th_newport/tracks_Bellevue_150th_Newport__2017-09-11_15-08-32.parquet,b00a4545959d33395b64c9c12d00b9353d2996bc3481161c113941dcbebeb74d,72257690,2417610,3,data/raw/bellevue_150th_newport/Bellevue_150th_Newport__2017-09-11_15-08-32.mp4,True,1081422696,sha256_on_demand_before_clip_or_frame_use
bellevue_150th_newport,Bellevue_150th_Newport__2017-09-11_16-08-32,data/interim/bellevue_150th_newport/tracks_Bellevue_150th_Newport__2017-09-11_16-08-32.parquet,baa75e3098f6a58a091bb1bd08c328119aaba28566388a524468aae8900bce1e,69997777,2308363,3,data/raw/bellevue_150th_newport/Bellevue_150th_Newport__2017-09-11_16-08-32.mp4,True,1046820236,sha256_on_demand_before_clip_or_frame_use
bellevue_150th_newport,Bellevue_150th_Newport__2017-09-11_17-08-32,data/interim/bellevue_150th_newport/tracks_Bellevue_150th_Newport__2017-09-11_17-08-32.parquet,1eec07e5048deb806ac8a604a72796b39a6a469572e17bc10d8c56b2fe65dec4,77270505,2563078,3,data/raw/bellevue_150th_newport/Bellevue_150th_Newport__2017-09-11_17-08-32.mp4,True,1000239797,sha256_on_demand_before_clip_or_frame_use
bellevue_150th_se38th,Bellevue_150th_SE38th__2017-09-10_18-08-24,data/interim/bellevue_150th_se38th/tracks_Bellevue_150th_SE38th__2017-09-10_18-08-24.parquet,e83855083387665227ae3d9061b7fd6b285011f2a1ea912e704286d0769aa63f,70059896,2456797,3,data/raw/bellevue_150th_se38th/Bellevue_150th_SE38th__2017-09-10_18-08-24.mp4,True,500751094,sha256_on_demand_before_clip_or_frame_use
bellevue_150th_se38th,Bellevue_150th_SE38th__2017-09-10_19-08-25,data/interim/bellevue_150th_se38th/tracks_Bellevue_150th_SE38th__2017-09-10_19-08-25.parquet,d69b2f28fafd79b0f0589a048e5490dd87d95c2ee1c1d11679a13e577d2ec711,68032335,2351359,3,data/raw/bellevue_150th_se38th/Bellevue_150th_SE38th__2017-09-10_19-08-25.mp4,True,475179975,sha256_on_demand_before_clip_or_frame_use
bellevue_150th_se38th,Bellevue_150th_SE38th__2017-09-10_20-08-25,data/interim/bellevue_150th_se38th/tracks_Bellevue_150th_SE38th__2017-09-10_20-08-25.parquet,834552840152a5c6f114855c4c354cacbed3a6cc9514faab98155c6edd0dd51c,46104449,1532047,2,data/raw/bellevue_150th_se38th/Bellevue_150th_SE38th__2017-09-10_20-08-25.mp4,True,693676200,sha256_on_demand_before_clip_or_frame_use
bellevue_150th_se38th,Bellevue_150th_SE38th__2017-09-10_21-08-38,data/interim/bellevue_150th_se38th/tracks_Bellevue_150th_SE38th__2017-09-10_21-08-38.parquet,9b586b0a5bb3299427c143e0e6a2c3f8ee3763fd48da22395159bf4286bf560d,40363043,1323355,2,data/raw/bellevue_150th_se38th/Bellevue_150th_SE38th__2017-09-10_21-08-38.mp4,True,625784595,sha256_on_demand_before_clip_or_frame_use
bellevue_150th_se38th,Bellevue_150th_SE38th__2017-09-10_22-08-28,data/interim/bellevue_150th_se38th/tracks_Bellevue_150th_SE38th__2017-09-10_22-08-28.parquet,f6d982ce1608f184192096d1b56fbc0508e6fe63855275aec79641ee092f664b,31081880,1048936,2,data/raw/bellevue_150th_se38th/Bellevue_150th_SE38th__2017-09-10_22-08-28.mp4,True,526093806,sha256_on_demand_before_clip_or_frame_use
bellevue_150th_se38th,Bellevue_150th_SE38th__2017-09-10_23-08-29,data/interim/bellevue_150th_se38th/tracks_Bellevue_150th_SE38th__2017-09-10_23-08-29.parquet,425ac783a7f220d4c408ea2e736b1ab4549a7550a704950a9b7acb84e8098f4f,30083307,1014717,1,data/raw/bellevue_150th_se38th/Bellevue_150th_SE38th__2017-09-10_23-08-29.mp4,True,497871097,sha256_on_demand_before_clip_or_frame_use
bellevue_150th_se38th,Bellevue_150th_SE38th__2017-09-11_00-08-29,data/interim/bellevue_150th_se38th/tracks_Bellevue_150th_SE38th__2017-09-11_00-08-29.parquet,9055e7e8170fdc3c66edd0ea271d417b8d5e9096ac513490b9679b4517a1f6ed,28059878,945220,1,data/raw/bellevue_150th_se38th/Bellevue_150th_SE38th__2017-09-11_00-08-29.mp4,True,451723601,sha256_on_demand_before_clip_or_frame_use
bellevue_150th_se38th,Bellevue_150th_SE38th__2017-09-11_01-08-30,data/interim/bellevue_150th_se38th/tracks_Bellevue_150th_SE38th__2017-09-11_01-08-30.parquet,e0246f6ad2850ce153a9503f8bb3daf8821ce566c7dbdecda46ccb217c49d8b9,23851646,798607,1,data/raw/bellevue_150th_se38th/Bellevue_150th_SE38th__2017-09-11_01-08-30.mp4,True,382256065,sha256_on_demand_before_clip_or_frame_use
bellevue_150th_se38th,Bellevue_150th_SE38th__2017-09-11_02-08-29,data/interim/bellevue_150th_se38th/tracks_Bellevue_150th_SE38th__2017-09-11_02-08-29.parquet,6bb7562786d6d86c5057d9babe33a03d290b929990ae0d36f71d52226d1ba244,25209319,844647,1,data/raw/bellevue_150th_se38th/Bellevue_150th_SE38th__2017-09-11_02-08-29.mp4,True,419280454,sha256_on_demand_before_clip_or_frame_use
bellevue_150th_se38th,Bellevue_150th_SE38th__2017-09-11_03-08-30,data/interim/bellevue_150th_se38th/tracks_Bellevue_150th_SE38th__2017-09-11_03-08-30.parquet,5b22bd8bfbc2ffbe007eb2756533729c87456775b11d943a6bf33604b47d7d99,26063106,877384,1,data/raw/bellevue_150th_se38th/Bellevue_150th_SE38th__2017-09-11_03-08-30.mp4,True,435983737,sha256_on_demand_before_clip_or_frame_use
bellevue_150th_se38th,Bellevue_150th_SE38th__2017-09-11_04-08-29,data/interim/bellevue_150th_se38th/tracks_Bellevue_150th_SE38th__2017-09-11_04-08-29.parquet,7a7ec30cd1e6923760d42b9c92a9f732a4257250d65a57c8ad96a6ec2bf71ed8,28433338,961311,1,data/raw/bellevue_150th_se38th/Bellevue_150th_SE38th__2017-09-11_04-08-29.mp4,True,485002234,sha256_on_demand_before_clip_or_frame_use
bellevue_150th_se38th,Bellevue_150th_SE38th__2017-09-11_05-08-30,data/interim/bellevue_150th_se38th/tracks_Bellevue_150th_SE38th__2017-09-11_05-08-30.parquet,c608781857ff71ff6e2f5f143635b7f268c09711c1c743d6df0e575ff451417c,32434949,1089953,2,data/raw/bellevue_150th_se38th/Bellevue_150th_SE38th__2017-09-11_05-08-30.mp4,True,553306733,sha256_on_demand_before_clip_or_frame_use
bellevue_150th_se38th,Bellevue_150th_SE38th__2017-09-11_06-08-32,data/interim/bellevue_150th_se38th/tracks_Bellevue_150th_SE38th__2017-09-11_06-08-32.parquet,05ddf8b176c7621e10735211bd85a2f2345ccb518a347d3524869bed32661070,60040532,2120499,3,data/raw/bellevue_150th_se38th/Bellevue_150th_SE38th__2017-09-11_06-08-32.mp4,True,486714235,sha256_on_demand_before_clip_or_frame_use
bellevue_150th_se38th,Bellevue_150th_SE38th__2017-09-11_07-08-31,data/interim/bellevue_150th_se38th/tracks_Bellevue_150th_SE38th__2017-09-11_07-08-31.parquet,065c1114a0da0bb10ef62dc9541d8a13a85f63d90eb36461d168702c12e05e94,68223895,2348866,3,data/raw/bellevue_150th_se38th/Bellevue_150th_SE38th__2017-09-11_07-08-31.mp4,True,566625721,sha256_on_demand_before_clip_or_frame_use
bellevue_150th_se38th,Bellevue_150th_SE38th__2017-09-11_08-09-36,data/interim/bellevue_150th_se38th/tracks_Bellevue_150th_SE38th__2017-09-11_08-09-36.parquet,ec405e2a60a92ebc29950ee0619e9a78a5c01bcfaf4d6f5df1079c9a4f9aa215,11510830,364302,1,data/raw/bellevue_150th_se38th/Bellevue_150th_SE38th__2017-09-11_08-09-36.mp4,True,87225613,sha256_on_demand_before_clip_or_frame_use
bellevue_150th_se38th,Bellevue_150th_SE38th__2017-09-11_09-08-31,data/interim/bellevue_150th_se38th/tracks_Bellevue_150th_SE38th__2017-09-11_09-08-31.parquet,6a86bbf8c934c3dd26389ffd0cc19b1d7eb7d274e0c07bdbbffa775727375ce1,69076103,2367778,3,data/raw/bellevue_150th_se38th/Bellevue_150th_SE38th__2017-09-11_09-08-31.mp4,True,612854770,sha256_on_demand_before_clip_or_frame_use
bellevue_150th_se38th,Bellevue_150th_SE38th__2017-09-11_10-08-33,data/interim/bellevue_150th_se38th/tracks_Bellevue_150th_SE38th__2017-09-11_10-08-33.parquet,f47b72f03be0982987ca162dac2f66624b49cd84e449187f156a3573d11a25f0,66591364,2296145,3,data/raw/bellevue_150th_se38th/Bellevue_150th_SE38th__2017-09-11_10-08-33.mp4,True,590857374,sha256_on_demand_before_clip_or_frame_use
bellevue_150th_se38th,Bellevue_150th_SE38th__2017-09-11_11-08-34,data/interim/bellevue_150th_se38th/tracks_Bellevue_150th_SE38th__2017-09-11_11-08-34.parquet,5471f0fc8322049e3c4e0c90f157cac45417229fde65c2b9868c15b5e0b74f2d,72385626,2515891,3,data/raw/bellevue_150th_se38th/Bellevue_150th_SE38th__2017-09-11_11-08-34.mp4,True,596032532,sha256_on_demand_before_clip_or_frame_use
bellevue_150th_se38th,Bellevue_150th_SE38th__2017-09-11_12-08-38,data/interim/bellevue_150th_se38th/tracks_Bellevue_150th_SE38th__2017-09-11_12-08-38.parquet,cd356b727dd31b6ffedc347809b6067f5eff5b7c46dd6273f8f1178e0c2bd5b4,75403211,2607316,3,data/raw/bellevue_150th_se38th/Bellevue_150th_SE38th__2017-09-11_12-08-38.mp4,True,594950400,sha256_on_demand_before_clip_or_frame_use
bellevue_150th_se38th,Bellevue_150th_SE38th__2017-09-11_13-08-32,data/interim/bellevue_150th_se38th/tracks_Bellevue_150th_SE38th__2017-09-11_13-08-32.parquet,33c960adfa91ed0f74a91de509790c5009bd919e34601f6db2ce970407d4a4ff,58096819,2035979,2,data/raw/bellevue_150th_se38th/Bellevue_150th_SE38th__2017-09-11_13-08-32.mp4,True,496577791,sha256_on_demand_before_clip_or_frame_use
bellevue_150th_se38th,Bellevue_150th_SE38th__2017-09-11_14-08-32,data/interim/bellevue_150th_se38th/tracks_Bellevue_150th_SE38th__2017-09-11_14-08-32.parquet,628d0017a1e71f90a59480eb3676be32fb2e3434cae0c9145c7a9814bb292aa4,73500401,2541503,3,data/raw/bellevue_150th_se38th/Bellevue_150th_SE38th__2017-09-11_14-08-32.mp4,True,598888513,sha256_on_demand_before_clip_or_frame_use
bellevue_150th_se38th,Bellevue_150th_SE38th__2017-09-11_16-08-35,data/interim/bellevue_150th_se38th/tracks_Bellevue_150th_SE38th__2017-09-11_16-08-35.parquet,e1414071a38ed8e400dbc1ec7970016c3d00c717c3a9d8daf73fef5c6bfc20eb,13169584,424769,1,data/raw/bellevue_150th_se38th/Bellevue_150th_SE38th__2017-09-11_16-08-35.mp4,True,97350116,sha256_on_demand_before_clip_or_frame_use
bellevue_150th_se38th,Bellevue_150th_SE38th__2017-09-11_17-08-45,data/interim/bellevue_150th_se38th/tracks_Bellevue_150th_SE38th__2017-09-11_17-08-45.parquet,7d24bf1719ee6654ed76388b2304ca5e0d6119382f0cff3adf9654cb4f8b7ddc,13030015,419405,1,data/raw/bellevue_150th_se38th/Bellevue_150th_SE38th__2017-09-11_17-08-45.mp4,True,99844603,sha256_on_demand_before_clip_or_frame_use
bellevue_ne8th,Bellevue_Bellevue_NE8th__2017-09-10_18-08-23,data/interim/bellevue_ne8th/tracks_Bellevue_Bellevue_NE8th__2017-09-10_18-08-23.parquet,ebb92cd99ea9f2abbd9173f8322c23124fac535dbb35fcc82bcbbadb4df954af,90333981,3138427,3,data/raw/bellevue_ne8th/Bellevue_Bellevue_NE8th__2017-09-10_18-08-23.mp4,True,878611657,sha256_on_demand_before_clip_or_frame_use
bellevue_ne8th,Bellevue_Bellevue_NE8th__2017-09-10_19-08-24,data/interim/bellevue_ne8th/tracks_Bellevue_Bellevue_NE8th__2017-09-10_19-08-24.parquet,40b2d2d832f177738940979a365e3221bc9971f0b166ccef5b420242cc82fd36,81046548,2789617,3,data/raw/bellevue_ne8th/Bellevue_Bellevue_NE8th__2017-09-10_19-08-24.mp4,True,677329150,sha256_on_demand_before_clip_or_frame_use
bellevue_ne8th,Bellevue_Bellevue_NE8th__2017-09-10_20-08-24,data/interim/bellevue_ne8th/tracks_Bellevue_Bellevue_NE8th__2017-09-10_20-08-24.parquet,4615068e21c5421e24725706e889344fbd14960f31a4b26d35003144ed2076b0,68364583,2289954,3,data/raw/bellevue_ne8th/Bellevue_Bellevue_NE8th__2017-09-10_20-08-24.mp4,True,664862580,sha256_on_demand_before_clip_or_frame_use
bellevue_ne8th,Bellevue_Bellevue_NE8th__2017-09-10_21-08-28,data/interim/bellevue_ne8th/tracks_Bellevue_Bellevue_NE8th__2017-09-10_21-08-28.parquet,c6757ba9d22be3e38c5f2e567a77fedfaaa7c0ed24dbbd791ebd9c7efe18efa9,57052732,1944076,2,data/raw/bellevue_ne8th/Bellevue_Bellevue_NE8th__2017-09-10_21-08-28.mp4,True,587275174,sha256_on_demand_before_clip_or_frame_use
bellevue_ne8th,Bellevue_Bellevue_NE8th__2017-09-10_22-08-28,data/interim/bellevue_ne8th/tracks_Bellevue_Bellevue_NE8th__2017-09-10_22-08-28.parquet,a26e2e07f441d4472f45b18c8d85d8d8fe9b29f6436c1667805c42351e2012de,42603003,1439951,2,data/raw/bellevue_ne8th/Bellevue_Bellevue_NE8th__2017-09-10_22-08-28.mp4,True,482459929,sha256_on_demand_before_clip_or_frame_use
bellevue_ne8th,Bellevue_Bellevue_NE8th__2017-09-10_23-08-29,data/interim/bellevue_ne8th/tracks_Bellevue_Bellevue_NE8th__2017-09-10_23-08-29.parquet,9a2b5fb270c10d622f7d0a79471546ff1bbb1edec206c8773e4bac10dc5ba67c,39252702,1321278,2,data/raw/bellevue_ne8th/Bellevue_Bellevue_NE8th__2017-09-10_23-08-29.mp4,True,442079489,sha256_on_demand_before_clip_or_frame_use
bellevue_ne8th,Bellevue_Bellevue_NE8th__2017-09-11_00-08-29,data/interim/bellevue_ne8th/tracks_Bellevue_Bellevue_NE8th__2017-09-11_00-08-29.parquet,eb82c32e778f3b3e0b0921f4f10ea92f88d746646b31e04b2f74da89629b5c95,35349410,1190263,2,data/raw/bellevue_ne8th/Bellevue_Bellevue_NE8th__2017-09-11_00-08-29.mp4,True,404834922,sha256_on_demand_before_clip_or_frame_use
bellevue_ne8th,Bellevue_Bellevue_NE8th__2017-09-11_01-08-29,data/interim/bellevue_ne8th/tracks_Bellevue_Bellevue_NE8th__2017-09-11_01-08-29.parquet,aeee5254f3ab93a49f51ad5b17471f896ac7891383e17e22610c29b0989a543c,28340122,988229,1,data/raw/bellevue_ne8th/Bellevue_Bellevue_NE8th__2017-09-11_01-08-29.mp4,True,335573075,sha256_on_demand_before_clip_or_frame_use
bellevue_ne8th,Bellevue_Bellevue_NE8th__2017-09-11_02-08-29,data/interim/bellevue_ne8th/tracks_Bellevue_Bellevue_NE8th__2017-09-11_02-08-29.parquet,bee385f6f135bc794c1bf34bd694a80d7598ca90f7636b06cf0c425174bd3562,31083751,1078150,2,data/raw/bellevue_ne8th/Bellevue_Bellevue_NE8th__2017-09-11_02-08-29.mp4,True,366075222,sha256_on_demand_before_clip_or_frame_use
bellevue_ne8th,Bellevue_Bellevue_NE8th__2017-09-11_03-08-29,data/interim/bellevue_ne8th/tracks_Bellevue_Bellevue_NE8th__2017-09-11_03-08-29.parquet,2745c4e40d8a72640e17d228248807a67fdbb0b185bab63ead3ced1163822aa9,30034459,1040225,1,data/raw/bellevue_ne8th/Bellevue_Bellevue_NE8th__2017-09-11_03-08-29.mp4,True,383770630,sha256_on_demand_before_clip_or_frame_use
bellevue_ne8th,Bellevue_Bellevue_NE8th__2017-09-11_04-08-29,data/interim/bellevue_ne8th/tracks_Bellevue_Bellevue_NE8th__2017-09-11_04-08-29.parquet,8be6085132d6847aa218cf62827f8da558406bd6caede9a954cb963ebccecd6b,34320729,1158401,2,data/raw/bellevue_ne8th/Bellevue_Bellevue_NE8th__2017-09-11_04-08-29.mp4,True,406416264,sha256_on_demand_before_clip_or_frame_use
bellevue_ne8th,Bellevue_Bellevue_NE8th__2017-09-11_05-08-29,data/interim/bellevue_ne8th/tracks_Bellevue_Bellevue_NE8th__2017-09-11_05-08-29.parquet,bbd792ee4987e67aa11f0bad61e753c97353c049e7b13e0753aa360df742a43d,40739069,1368493,2,data/raw/bellevue_ne8th/Bellevue_Bellevue_NE8th__2017-09-11_05-08-29.mp4,True,469286658,sha256_on_demand_before_clip_or_frame_use
bellevue_ne8th,Bellevue_Bellevue_NE8th__2017-09-11_06-08-29,data/interim/bellevue_ne8th/tracks_Bellevue_Bellevue_NE8th__2017-09-11_06-08-29.parquet,f577f6e7630a03540e3e227e5236a7d720ed9d9d7be68f19db84a95204766b79,48076336,1665324,2,data/raw/bellevue_ne8th/Bellevue_Bellevue_NE8th__2017-09-11_06-08-29.mp4,True,521295198,sha256_on_demand_before_clip_or_frame_use
bellevue_ne8th,Bellevue_Bellevue_NE8th__2017-09-11_07-08-31,data/interim/bellevue_ne8th/tracks_Bellevue_Bellevue_NE8th__2017-09-11_07-08-31.parquet,3f607d5b6b9216e451a60de60474d5d467615dbcded900657b40c63ec4f10414,62023367,2141213,3,data/raw/bellevue_ne8th/Bellevue_Bellevue_NE8th__2017-09-11_07-08-31.mp4,True,703265467,sha256_on_demand_before_clip_or_frame_use
bellevue_ne8th,Bellevue_Bellevue_NE8th__2017-09-11_08-08-31,data/interim/bellevue_ne8th/tracks_Bellevue_Bellevue_NE8th__2017-09-11_08-08-31.parquet,f82c5ab78d82815ad8e677caaa4f03de8aa4c1102e5355601536026d7d1c39a4,64101420,2181123,3,data/raw/bellevue_ne8th/Bellevue_Bellevue_NE8th__2017-09-11_08-08-31.mp4,True,690958004,sha256_on_demand_before_clip_or_frame_use
bellevue_ne8th,Bellevue_Bellevue_NE8th__2017-09-11_09-08-30,data/interim/bellevue_ne8th/tracks_Bellevue_Bellevue_NE8th__2017-09-11_09-08-30.parquet,43e0946a22b4da8bbe351fa9632d85826cd79049e337ffb1fd322b488eb28f8b,80821382,2793467,3,data/raw/bellevue_ne8th/Bellevue_Bellevue_NE8th__2017-09-11_09-08-30.mp4,True,777165060,sha256_on_demand_before_clip_or_frame_use
bellevue_ne8th,Bellevue_Bellevue_NE8th__2017-09-11_10-08-31,data/interim/bellevue_ne8th/tracks_Bellevue_Bellevue_NE8th__2017-09-11_10-08-31.parquet,4518729af32cbaf7ad450dd07ef73e14110f522759d8306382a1513e898938f3,95790454,3319343,4,data/raw/bellevue_ne8th/Bellevue_Bellevue_NE8th__2017-09-11_10-08-31.mp4,True,817394357,sha256_on_demand_before_clip_or_frame_use
bellevue_ne8th,Bellevue_Bellevue_NE8th__2017-09-11_11-08-31,data/interim/bellevue_ne8th/tracks_Bellevue_Bellevue_NE8th__2017-09-11_11-08-31.parquet,5d4489f6334df7960e7e498161bbd5e0e30ff9fdcf25a7ffc368a4127a62ade3,106984525,3709363,4,data/raw/bellevue_ne8th/Bellevue_Bellevue_NE8th__2017-09-11_11-08-31.mp4,True,924316990,sha256_on_demand_before_clip_or_frame_use
bellevue_ne8th,Bellevue_Bellevue_NE8th__2017-09-11_12-08-31,data/interim/bellevue_ne8th/tracks_Bellevue_Bellevue_NE8th__2017-09-11_12-08-31.parquet,16e6a65a610b728c70aa390b47f916f6e27fbc8e7bf1e748f29f8c9873c8197a,104208406,3578125,4,data/raw/bellevue_ne8th/Bellevue_Bellevue_NE8th__2017-09-11_12-08-31.mp4,True,986047389,sha256_on_demand_before_clip_or_frame_use
bellevue_ne8th,Bellevue_Bellevue_NE8th__2017-09-11_13-08-32,data/interim/bellevue_ne8th/tracks_Bellevue_Bellevue_NE8th__2017-09-11_13-08-32.parquet,512d776d6f2d908f4932a81332b9526431707e9f994b4d10a0e8ee4c154fe9ee,88306288,3072043,3,data/raw/bellevue_ne8th/Bellevue_Bellevue_NE8th__2017-09-11_13-08-32.mp4,True,857731685,sha256_on_demand_before_clip_or_frame_use
bellevue_ne8th,Bellevue_Bellevue_NE8th__2017-09-11_14-08-31,data/interim/bellevue_ne8th/tracks_Bellevue_Bellevue_NE8th__2017-09-11_14-08-31.parquet,f5a955dfd61db87f42be9a3eb66541bc6c4043c3ddbe66422e91fe778c82eb40,91098696,3156722,4,data/raw/bellevue_ne8th/Bellevue_Bellevue_NE8th__2017-09-11_14-08-31.mp4,True,957407779,sha256_on_demand_before_clip_or_frame_use
bellevue_ne8th,Bellevue_Bellevue_NE8th__2017-09-11_15-08-32,data/interim/bellevue_ne8th/tracks_Bellevue_Bellevue_NE8th__2017-09-11_15-08-32.parquet,7ab0579c3a7e734bcaa0d7f3823b73a008e075266ea4759345de398da61dae5e,94302340,3240354,4,data/raw/bellevue_ne8th/Bellevue_Bellevue_NE8th__2017-09-11_15-08-32.mp4,True,976429236,sha256_on_demand_before_clip_or_frame_use
bellevue_ne8th,Bellevue_Bellevue_NE8th__2017-09-11_16-08-32,data/interim/bellevue_ne8th/tracks_Bellevue_Bellevue_NE8th__2017-09-11_16-08-32.parquet,50b48b0a02cca43f490529093309f482629ab5d1a754164b8f0d8528c12298be,96575538,3285958,4,data/raw/bellevue_ne8th/Bellevue_Bellevue_NE8th__2017-09-11_16-08-32.mp4,True,939532569,sha256_on_demand_before_clip_or_frame_use
