scene,endpoint_role,record_type,region_a,region_b,region_size,region_share,reference_center_x,reference_center_y,centroid_x,centroid_y,mean_angle_rad,angular_std_rad,angular_span_rad,mean_radius,median_radius,within_region_mean_spread,within_region_max_spread,pairwise_centroid_distance,pairwise_angular_separation_rad
bellevue_116th_ne12th,entry,region,0,,325.0,0.44951590594744123,957.1386740293653,358.94802617159087,1092.1491929952697,351.46177259758116,-0.06226060955934647,0.11094929480318494,0.5941764469839768,135.98883350148228,141.99423225269558,17.100576588140182,65.04662141060714,,
bellevue_116th_ne12th,entry,region,1,,226.0,0.31258644536652835,957.1386740293653,358.94802617159087,680.6287496420267,452.28482436661477,2.8147853648687704,0.058540283614982175,0.5084605404075169,292.19735388375216,279.6125197573083,47.648195780310125,163.43664236856532,,
bellevue_116th_ne12th,entry,region,2,,91.0,0.12586445366528354,957.1386740293653,358.94802617159087,892.414065296678,234.3987076853186,-2.060163770697295,0.1670893291560946,0.6995658366665789,142.13805025274132,144.43671106408996,23.94644912408041,66.92889776519499,,
bellevue_116th_ne12th,entry,region,3,,81.0,0.11203319502074689,957.1386740293653,358.94802617159087,960.8860728103077,597.5835354233398,1.554242353018799,0.0718933636786402,0.6362290521009806,239.022609319383,250.4739604872157,30.6956761827586,155.1052409132207,,
bellevue_116th_ne12th,entry,pairwise,0,1.0,,,957.1386740293653,358.94802617159087,,,,,,,,,,423.6913535413142,2.8770459744281167
bellevue_116th_ne12th,entry,pairwise,0,2.0,,,957.1386740293653,358.94802617159087,,,,,,,,,,231.51216469858625,1.9979031611379485
bellevue_116th_ne12th,entry,pairwise,0,3.0,,,957.1386740293653,358.94802617159087,,,,,,,,,,278.9371414085093,1.6165029625781455
bellevue_116th_ne12th,entry,pairwise,1,2.0,,,957.1386740293653,358.94802617159087,,,,,,,,,,303.8542080824218,1.4082361716135203
bellevue_116th_ne12th,entry,pairwise,1,3.0,,,957.1386740293653,358.94802617159087,,,,,,,,,,315.6831997813567,1.2605430118499714
bellevue_116th_ne12th,entry,pairwise,2,3.0,,,957.1386740293653,358.94802617159087,,,,,,,,,,369.5830554990889,2.668779183463492
bellevue_116th_ne12th,exit,region,0,,223.0,0.3084370677731674,931.0662003125296,400.07106313369974,1107.3885701814436,399.7681043622321,-0.0015201830219089018,0.03965766171372296,0.19393799481316956,176.45946490474304,177.2967408541113,7.048874631041705,37.162914935805205,,
bellevue_116th_ne12th,exit,region,1,,282.0,0.3900414937759336,931.0662003125296,400.07106313369974,678.9667902349258,405.5577131001882,-3.1292680889110582,0.15349042470836313,1.0723640790504534,254.7365938579993,244.31564637085782,52.09428141199863,213.45587028171317,,
bellevue_116th_ne12th,exit,region,2,,104.0,0.14384508990318118,931.0662003125296,400.07106313369974,948.2514357851747,258.1141898998231,-1.452649933754697,0.12738770055208998,0.8744182099337199,143.95818715764108,145.74733698816766,18.271011704357907,103.20352870415678,,
bellevue_116th_ne12th,exit,region,3,,114.0,0.15767634854771784,931.0662003125296,400.07106313369974,921.5517566992587,671.2507418557583,1.628029560070215,0.11240460347085435,0.5570123012435872,272.46206695125966,290.71909978658596,48.08878693719381,212.5243939320147,,
bellevue_116th_ne12th,exit,pairwise,0,1.0,,,931.0662003125296,400.07106313369974,,,,,,,,,,428.46089798472985,3.1277479058891493
bellevue_116th_ne12th,exit,pairwise,0,2.0,,,931.0662003125296,400.07106313369974,,,,,,,,,,213.05036734626773,1.451129750732788
bellevue_116th_ne12th,exit,pairwise,0,3.0,,,931.0662003125296,400.07106313369974,,,,,,,,,,328.9956590984959,1.629549743092124
bellevue_116th_ne12th,exit,pairwise,1,2.0,,,931.0662003125296,400.07106313369974,,,,,,,,,,307.00783843879265,1.6766181551563613
bellevue_116th_ne12th,exit,pairwise,1,3.0,,,931.0662003125296,400.07106313369974,,,,,,,,,,359.7780586470077,1.5258876581983127
bellevue_116th_ne12th,exit,pairwise,2,3.0,,,931.0662003125296,400.07106313369974,,,,,,,,,,413.99840993091993,3.080679493824912
bellevue_150th_newport,entry,region,0,,1198.0,0.494428394552208,962.9206512448939,310.2323100180152,961.5223612903945,241.31342895537335,-1.6779396293661446,0.22697042104537643,1.731432624081183,69.41644341967415,61.225953163408846,36.51021429917856,105.03814609187035,,
bellevue_150th_newport,entry,region,1,,591.0,0.24391250515889393,962.9206512448939,310.2323100180152,1025.2593573258894,549.0399069820654,1.3208255904979835,0.0719982813528495,0.4667196703240635,247.19978773451618,253.23708725317297,12.923015589025809,211.19204288290607,,
bellevue_150th_newport,entry,region,2,,507.0,0.2092447379281882,962.9206512448939,310.2323100180152,885.1809183607709,456.96098589687927,2.115031422396118,0.2827596460399192,1.6273031080277724,166.67206115729573,239.87438769523732,100.03561760365787,164.1627853708646,,
bellevue_150th_newport,entry,region,3,,127.0,0.052414362360709864,962.9206512448939,310.2323100180152,1154.9309759718335,373.35950167133507,0.3266559547434422,0.11937981567031787,0.45027159581388465,203.6067157618963,203.73283987889295,24.362693958841387,66.1293663170926,,
bellevue_150th_newport,entry,pairwise,0,1.0,,,962.9206512448939,310.2323100180152,,,,,,,,,,314.2578399059296,2.9987652198641284
bellevue_150th_newport,entry,pairwise,0,2.0,,,962.9206512448939,310.2323100180152,,,,,,,,,,228.76163297943344,2.4902142554173237
bellevue_150th_newport,entry,pairwise,0,3.0,,,962.9206512448939,310.2323100180152,,,,,,,,,,234.18594653117503,2.0045955841095866
bellevue_150th_newport,entry,pairwise,1,2.0,,,962.9206512448939,310.2323100180152,,,,,,,,,,167.63202787986657,0.7942058318981347
bellevue_150th_newport,entry,pairwise,1,3.0,,,962.9206512448939,310.2323100180152,,,,,,,,,,218.35368898280987,0.9941696357545413
bellevue_150th_newport,entry,pairwise,2,3.0,,,962.9206512448939,310.2323100180152,,,,,,,,,,282.40804122029795,1.788375467652676
bellevue_150th_newport,exit,region,0,,421.0,0.17375154766817993,951.3551315653981,520.8436905818953,831.684173789385,516.4769325110839,-3.1056482806818164,0.04717324823860464,0.3921184853513149,119.88405637470915,119.23348469848854,4.906364337331091,40.927242077671906,,
bellevue_150th_newport,exit,region,1,,737.0,0.3041683862979777,951.3551315653981,520.8436905818953,1010.4957549758334,226.81668642604467,-1.3676030472962186,0.0480160978637516,0.3652366707091621,300.2352929522229,300.84294019264377,27.498759496613978,123.54434696010244,,
bellevue_150th_newport,exit,region,2,,1116.0,0.4605860503508048,951.3551315653981,520.8436905818953,949.7639061787527,555.7604133033296,1.6192993844812713,0.09163845902333687,1.1406804209710073,35.08794762115949,36.66651454046604,4.477537496848204,21.938397717553677,,
bellevue_150th_newport,exit,region,3,,149.0,0.061494015683037556,951.3551315653981,520.8436905818953,1156.6322279644367,394.567038080338,-0.5509243178887768,0.033210623673778125,0.3742681727468654,241.1081851753923,236.41100342396822,14.343434104783716,133.915952428122,,
bellevue_150th_newport,exit,pairwise,0,1.0,,,951.3551315653981,520.8436905818953,,,,,,,,,,340.40658003106125,1.7380452333855978
bellevue_150th_newport,exit,pairwise,0,2.0,,,951.3551315653981,520.8436905818953,,,,,,,,,,124.44281845208837,1.5582376420164987
bellevue_150th_newport,exit,pairwise,0,3.0,,,951.3551315653981,520.8436905818953,,,,,,,,,,347.0637697488286,2.5547239627930396
bellevue_150th_newport,exit,pairwise,1,2.0,,,951.3551315653981,520.8436905818953,,,,,,,,,,334.50311345371557,2.98690243177749
bellevue_150th_newport,exit,pairwise,1,3.0,,,951.3551315653981,520.8436905818953,,,,,,,,,,222.47707571273014,0.8166787294074418
bellevue_150th_newport,exit,pairwise,2,3.0,,,951.3551315653981,520.8436905818953,,,,,,,,,,262.255232119791,2.1702237023700484
bellevue_150th_eastgate,entry,region,0,,3202.0,0.36720183486238533,1040.7080680329373,395.8002342707723,1042.7422104762788,546.3841909933121,1.535536735899776,0.13576173064667507,1.2708711204055723,151.82522113359198,144.107289725239,29.896057854785607,140.20353202192325,,
bellevue_150th_eastgate,entry,region,1,,2170.0,0.24885321100917432,1040.7080680329373,395.8002342707723,811.8702033394709,265.80195827896125,-2.6449929513854045,0.13848911010694145,0.6198768367192384,265.57839639423554,256.76449834217135,50.239365071908,170.10717174746958,,
bellevue_150th_eastgate,entry,region,2,,2750.0,0.31536697247706424,1040.7080680329373,395.8002342707723,1137.973269731226,382.85117181645023,-0.11640808779520331,0.18954230320400114,1.607221465147077,99.47878071490314,107.11379238823062,23.789812659411073,94.94228792652326,,
bellevue_150th_eastgate,entry,region,3,,598.0,0.06857798165137614,1040.7080680329373,395.8002342707723,783.3885671812913,477.0695668136627,2.8411045482544246,0.11321767092482249,0.7232480769367722,271.10265823480063,274.95900851162355,66.85637726827967,262.9840659403667,,
bellevue_150th_eastgate,entry,pairwise,0,1.0,,,1040.7080680329373,395.8002342707723,,,,,,,,,,363.3569498363124,2.1026556198944055
bellevue_150th_eastgate,entry,pairwise,0,2.0,,,1040.7080680329373,395.8002342707723,,,,,,,,,,189.24059556004138,1.6519448236949794
bellevue_150th_eastgate,entry,pairwise,0,3.0,,,1040.7080680329373,395.8002342707723,,,,,,,,,,268.45638270592434,1.3055678123546486
bellevue_150th_eastgate,entry,pairwise,1,2.0,,,1040.7080680329373,395.8002342707723,,,,,,,,,,346.47327212910693,2.528584863590201
bellevue_150th_eastgate,entry,pairwise,1,3.0,,,1040.7080680329373,395.8002342707723,,,,,,,,,,213.1788123013607,0.7970878075397572
bellevue_150th_eastgate,entry,pairwise,2,3.0,,,1040.7080680329373,395.8002342707723,,,,,,,,,,366.8888349872159,2.957512636049628
bellevue_150th_eastgate,exit,region,0,,3011.0,0.3452981651376147,899.060499974089,444.19519979008567,984.9839720061346,597.2098396792959,1.0616792308739145,0.062391777097646844,0.7425406280395306,175.8026756343158,176.19722745821795,10.715014722968522,159.4532270334487,,
bellevue_150th_eastgate,exit,region,1,,1854.0,0.21261467889908256,899.060499974089,444.19519979008567,715.8840867587003,444.4724144612367,-3.113957641196263,0.16552272424489584,0.9541552339286341,184.6944671451673,199.53250055268836,32.47951762718463,159.30253959540326,,
bellevue_150th_eastgate,exit,region,2,,3421.0,0.39231651376146787,899.060499974089,444.19519979008567,891.138717143993,229.72919226920388,-1.6055854394343878,0.10538670359804986,1.5648283221173367,215.39140514095595,216.8540587420426,19.903307517285803,207.22865579393147,,
bellevue_150th_eastgate,exit,region,3,,434.0,0.049770642201834865,899.060499974089,444.19519979008567,1097.5191452473507,452.54723698255555,0.03415539661166086,0.14241200865191242,1.200478197410687,199.96784894608012,207.66732591720216,22.364003997587247,193.02855933511003,,
bellevue_150th_eastgate,exit,pairwise,0,1.0,,,899.060499974089,444.19519979008567,,,,,,,,,,309.4244161381331,2.1075484351094094
bellevue_150th_eastgate,exit,pairwise,0,2.0,,,899.060499974089,444.19519979008567,,,,,,,,,,379.27425180346836,2.6672646703083025
bellevue_150th_eastgate,exit,pairwise,0,3.0,,,899.060499974089,444.19519979008567,,,,,,,,,,183.27966017926119,1.0275238342622537
bellevue_150th_eastgate,exit,pairwise,1,2.0,,,899.060499974089,444.19519979008567,,,,,,,,,,277.1801525161972,1.508372201761875
bellevue_150th_eastgate,exit,pairwise,1,3.0,,,899.060499974089,444.19519979008567,,,,,,,,,,381.72047446578813,3.1350722693716624
bellevue_150th_eastgate,exit,pairwise,2,3.0,,,899.060499974089,444.19519979008567,,,,,,,,,,303.71164309918447,1.6397408360460486
bellevue_150th_se38th,entry,region,0,,778.0,0.3134568896051571,922.9090101312843,246.97847678091242,913.1807629092037,237.98509314874167,-2.3870869974612625,0.13061181313901427,0.9239210936315383,13.345719966727271,13.685058478574197,2.119090961657055,49.206082250571285,,
bellevue_150th_se38th,entry,region,1,,242.0,0.09750201450443191,922.9090101312843,246.97847678091242,1042.2516594651474,443.72883168515534,0.9983794610251322,0.10698308136546605,0.6869811339323479,230.22864967918792,281.00386447442486,73.40425620668854,222.4950572543434,,
bellevue_150th_se38th,entry,region,2,,369.0,0.14867042707493958,922.9090101312843,246.97847678091242,923.538405816328,242.24169907981414,-1.4008928282564548,0.26058105343390636,1.1709359404400708,4.935534460987081,5.140069576784331,1.5208525047219585,4.261459836305412,,
bellevue_150th_se38th,entry,region,3,,604.0,0.24335213537469783,922.9090101312843,246.97847678091242,946.3546951024158,638.0328715067352,1.5120237226545534,0.0703844747062977,0.5969364965564625,392.1361956370733,428.6159350472353,77.17437718686956,391.2087131545542,,
bellevue_150th_se38th,entry,region,4,,125.0,0.050362610797743755,922.9090101312843,246.97847678091242,766.5762242312105,383.18954840489334,2.353172806796352,0.20096343993439336,0.7406146495385777,210.62681470468104,273.83709238086135,125.44451914757093,219.61156168090943,,
bellevue_150th_se38th,entry,region,5,,180.0,0.072522159548751,922.9090101312843,246.97847678091242,687.0300148535614,285.43388932000965,3.0063522052311593,0.14102086836367397,0.7340942498448635,240.10893177392208,314.15878248383535,121.44342808775825,240.0019306133725,,
bellevue_150th_se38th,entry,region,6,,184.0,0.07413376309427881,922.9090101312843,246.97847678091242,933.8519646691271,248.2492619116967,0.08295825831363579,0.20929065250063975,1.1229251525150354,11.187038861189528,11.60879488033217,2.750898585021939,10.447399139749116,,
bellevue_150th_se38th,entry,pairwise,0,1.0,,,922.9090101312843,246.97847678091242,,,,,,,,,,242.8781222850162,2.8977188486931915
bellevue_150th_se38th,entry,pairwise,0,2.0,,,922.9090101312843,246.97847678091242,,,,,,,,,,11.198190061074294,0.9861941692048077
bellevue_150th_se38th,entry,pairwise,0,3.0,,,922.9090101312843,246.97847678091242,,,,,,,,,,401.42089475552484,2.38407458706377
bellevue_150th_se38th,entry,pairwise,0,4.0,,,922.9090101312843,246.97847678091242,,,,,,,,,,206.3424934113741,1.542925502921971
bellevue_150th_se38th,entry,pairwise,0,5.0,,,922.9090101312843,246.97847678091242,,,,,,,,,,231.07476951028028,0.8897461044871644
bellevue_150th_se38th,entry,pairwise,0,6.0,,,922.9090101312843,246.97847678091242,,,,,,,,,,23.07924917742954,2.4700452557748984
bellevue_150th_se38th,entry,pairwise,1,2.0,,,922.9090101312843,246.97847678091242,,,,,,,,,,233.85872059303517,2.399272289281587
bellevue_150th_se38th,entry,pairwise,1,3.0,,,922.9090101312843,246.97847678091242,,,,,,,,,,216.68015060215626,0.5136442616294212
bellevue_150th_se38th,entry,pairwise,1,4.0,,,922.9090101312843,246.97847678091242,,,,,,,,,,282.24448694617286,1.35479334577122
bellevue_150th_se38th,entry,pairwise,1,5.0,,,922.9090101312843,246.97847678091242,,,,,,,,,,388.89549441841666,2.007972744206027
bellevue_150th_se38th,entry,pairwise,1,6.0,,,922.9090101312843,246.97847678091242,,,,,,,,,,223.52350218866658,0.9154212027114964
bellevue_150th_se38th,entry,pairwise,2,3.0,,,922.9090101312843,246.97847678091242,,,,,,,,,,396.44827560208057,2.9129165509110084
bellevue_150th_se38th,entry,pairwise,2,4.0,,,922.9090101312843,246.97847678091242,,,,,,,,,,210.95834346459168,2.5291196721267792
bellevue_150th_se38th,entry,pairwise,2,5.0,,,922.9090101312843,246.97847678091242,,,,,,,,,,240.42001641615056,1.8759402736919721
bellevue_150th_se38th,entry,pairwise,2,6.0,,,922.9090101312843,246.97847678091242,,,,,,,,,,11.935673730006533,1.4838510865700907
bellevue_150th_se38th,entry,pairwise,3,4.0,,,922.9090101312843,246.97847678091242,,,,,,,,,,311.8740417514394,0.8411490841417988
bellevue_150th_se38th,entry,pairwise,3,5.0,,,922.9090101312843,246.97847678091242,,,,,,,,,,437.6931939444402,1.4943284825766059
bellevue_150th_se38th,entry,pairwise,3,6.0,,,922.9090101312843,246.97847678091242,,,,,,,,,,389.9840773380689,1.4290654643409177
bellevue_150th_se38th,entry,pairwise,4,5.0,,,922.9090101312843,246.97847678091242,,,,,,,,,,126.03082285485878,0.6531793984348071
bellevue_150th_se38th,entry,pairwise,4,6.0,,,922.9090101312843,246.97847678091242,,,,,,,,,,214.9187154668463,2.2702145484827163
bellevue_150th_se38th,entry,pairwise,5,6.0,,,922.9090101312843,246.97847678091242,,,,,,,,,,249.60723432275097,2.9233939469175234
bellevue_150th_se38th,exit,region,0,,1194.0,0.48106365834004833,895.7305957054377,697.5755448680936,886.5314175031815,735.6534218565411,1.825406075155076,0.39707447092937137,2.5243197510062343,40.386765880686276,39.85386705835401,20.36740078534303,72.6820356623298,,
bellevue_150th_se38th,exit,region,1,,1066.0,0.42949234488315874,895.7305957054377,697.5755448680936,994.2647284593979,417.55401152143196,-1.1423349875913593,0.32976683950147445,2.0683313847952283,306.12262633401303,330.47585462569043,124.99843301261073,296.80916737460234,,
bellevue_150th_se38th,exit,region,2,,222.0,0.0894439967767929,895.7305957054377,697.5755448680936,814.5914661006043,562.4888486800871,-2.3796131784350063,0.4847783226141409,1.6632845449383145,159.33367453890182,29.8005005242702,181.5237354689468,358.20968161331956,,
bellevue_150th_se38th,exit,pairwise,0,1.0,,,895.7305957054377,697.5755448680936,,,,,,,,,,335.8477350602992,2.9677410627464353
bellevue_150th_se38th,exit,pairwise,0,2.0,,,895.7305957054377,697.5755448680936,,,,,,,,,,187.51353554127402,2.078166053589504
bellevue_150th_se38th,exit,pairwise,1,2.0,,,895.7305957054377,697.5755448680936,,,,,,,,,,230.84321135536516,1.237278190843647
bellevue_ne8th,entry,region,0,,2272.0,0.40746054519368724,1152.7294655286082,576.9141873584132,1062.2160501729861,589.7147560887613,2.995956100859649,0.16491200386656396,1.3315703739337998,92.62841135419062,94.17088757758641,15.784975557504271,59.365619592341055,,
bellevue_ne8th,entry,region,1,,1394.0,0.25,1152.7294655286082,576.9141873584132,1866.5322677387496,539.6909744510067,-0.06648771715832978,0.07256975218713686,0.9741971911413427,715.6493699415132,751.9637875058695,192.36435009576982,666.614717097409,,
bellevue_ne8th,entry,region,2,,1059.0,0.18992109038737445,1152.7294655286082,576.9141873584132,1151.1570907066157,343.72384485976465,-1.5816630914382006,0.060553043045778826,0.36516718694716616,233.58901605116043,238.89031731128546,17.484493410622154,101.35756945437014,,
bellevue_ne8th,entry,region,3,,851.0,0.1526183644189383,1152.7294655286082,576.9141873584132,1206.1805192367276,773.1768944128239,1.3001523696040544,0.11583475866518787,1.5241147283150849,204.51132011912395,201.15248200523138,29.960918374153067,166.51262803757822,,
bellevue_ne8th,entry,pairwise,0,1.0,,,1152.7294655286082,576.9141873584132,,,,,,,,,,805.8703100180813,3.0624438180179787
bellevue_ne8th,entry,pairwise,0,2.0,,,1152.7294655286082,576.9141873584132,,,,,,,,,,261.5760636955852,1.7055661148817363
bellevue_ne8th,entry,pairwise,0,3.0,,,1152.7294655286082,576.9141873584132,,,,,,,,,,233.20404059801893,1.6958037312555947
bellevue_ne8th,entry,pairwise,1,2.0,,,1152.7294655286082,576.9141873584132,,,,,,,,,,741.730921422309,1.5151753742798708
bellevue_ne8th,entry,pairwise,1,3.0,,,1152.7294655286082,576.9141873584132,,,,,,,,,,700.414239268516,1.3666400867623842
bellevue_ne8th,entry,pairwise,2,3.0,,,1152.7294655286082,576.9141873584132,,,,,,,,,,432.96362371177406,2.881815461042255
bellevue_ne8th,exit,region,0,,1293.0,0.23188665710186512,1193.223040730256,635.664333708351,1193.6094617886001,312.9823251946492,-1.5694659519364453,0.03558975613763606,0.48170995535038275,322.86813562657096,325.1708687383319,11.670261734715416,177.82394256602083,,
bellevue_ne8th,exit,region,1,,2116.0,0.3794835007173601,1193.223040730256,635.664333708351,1891.5519106389534,649.1619280560333,0.024081406754534084,0.034318683544971855,0.6913597455665867,698.7087298394148,711.2617837075654,155.79519550855892,633.7591618148525,,
bellevue_ne8th,exit,region,2,,1028.0,0.18436154949784792,1193.223040730256,635.664333708351,1145.4958569615173,726.9551134176265,2.057757747452506,0.1285856096938332,1.1322839295334912,103.842142035609,103.82302069519085,13.096258750416117,74.13602516943438,,
bellevue_ne8th,exit,region,3,,1139.0,0.20426829268292682,1193.223040730256,635.664333708351,1068.6654780392485,517.2847401535934,-2.3841462864379115,0.06881288855489825,0.6371114703559946,172.23215738693614,171.16216086075244,13.615757712758327,126.03630930919651,,
bellevue_ne8th,exit,pairwise,0,1.0,,,1193.223040730256,635.664333708351,,,,,,,,,,774.6872835456032,1.5935473586909794
bellevue_ne8th,exit,pairwise,0,2.0,,,1193.223040730256,635.664333708351,,,,,,,,,,416.7593890466809,2.6559616077906347
bellevue_ne8th,exit,pairwise,0,3.0,,,1193.223040730256,635.664333708351,,,,,,,,,,239.47959377202656,0.8146803345014662
bellevue_ne8th,exit,pairwise,1,2.0,,,1193.223040730256,635.664333708351,,,,,,,,,,750.1009364861854,2.033676340697972
bellevue_ne8th,exit,pairwise,1,3.0,,,1193.223040730256,635.664333708351,,,,,,,,,,833.386869134452,2.408227693192446
bellevue_ne8th,exit,pairwise,2,3.0,,,1193.223040730256,635.664333708351,,,,,,,,,,223.30376743355322,1.8412812732891686
