scene_id,trajectory_id,method,selection_strategy,cluster_label,is_noise,frozen_configuration_id,frozen_protocol_hash,feature_checksum,run_id,run_timestamp_utc,reference_movement_id,source_recording_id,source_recording_track_id,start_frame,end_frame,trajectory_source_path
bellevue_150th_se38th,bellevue_150th_se38th:770163,kmeans,hg_expected_aware_selection,0,False,62df273c6e2c90595b2edec1d3cd73a14695b8069d3ff2eafebfa37ce030e328,829c95c4f0a012d08433536b22379afad4d5a79122e52f8fd6ac12817882167c,fed46c5dd2373c007616d0b84d16f09481578d40cb97339a15a03f6697ba491a,independent-test-v1-20260806T112456+0000-829c95c4f0a0,2026-08-06T11:24:56+00:00,bellevue_150th_se38th:B>E,Bellevue_150th_SE38th__2017-09-11_11-08-34,19108,34867,35355,data/interim/bellevue_150th_se38th/tracks_Bellevue_150th_SE38th__2017-09-11_11-08-34.parquet
bellevue_150th_se38th,bellevue_150th_se38th:775280,kmeans,hg_expected_aware_selection,0,False,62df273c6e2c90595b2edec1d3cd73a14695b8069d3ff2eafebfa37ce030e328,829c95c4f0a012d08433536b22379afad4d5a79122e52f8fd6ac12817882167c,fed46c5dd2373c007616d0b84d16f09481578d40cb97339a15a03f6697ba491a,independent-test-v1-20260806T112456+0000-829c95c4f0a0,2026-08-06T11:24:56+00:00,bellevue_150th_se38th:B>E,Bellevue_150th_SE38th__2017-09-11_11-08-34,24225,44333,44816,data/interim/bellevue_150th_se38th/tracks_Bellevue_150th_SE38th__2017-09-11_11-08-34.parquet
bellevue_150th_se38th,bellevue_150th_se38th:785774,kmeans,hg_expected_aware_selection,0,False,62df273c6e2c90595b2edec1d3cd73a14695b8069d3ff2eafebfa37ce030e328,829c95c4f0a012d08433536b22379afad4d5a79122e52f8fd6ac12817882167c,fed46c5dd2373c007616d0b84d16f09481578d40cb97339a15a03f6697ba491a,independent-test-v1-20260806T112456+0000-829c95c4f0a0,2026-08-06T11:24:56+00:00,bellevue_150th_se38th:B>E,Bellevue_150th_SE38th__2017-09-11_11-08-34,34719,63136,63442,data/interim/bellevue_150th_se38th/tracks_Bellevue_150th_SE38th__2017-09-11_11-08-34.parquet
bellevue_150th_se38th,bellevue_150th_se38th:811994,kmeans,hg_expected_aware_selection,0,False,62df273c6e2c90595b2edec1d3cd73a14695b8069d3ff2eafebfa37ce030e328,829c95c4f0a012d08433536b22379afad4d5a79122e52f8fd6ac12817882167c,fed46c5dd2373c007616d0b84d16f09481578d40cb97339a15a03f6697ba491a,independent-test-v1-20260806T112456+0000-829c95c4f0a0,2026-08-06T11:24:56+00:00,bellevue_150th_se38th:B>E,Bellevue_150th_SE38th__2017-09-11_12-08-38,7120,11295,11888,data/interim/bellevue_150th_se38th/tracks_Bellevue_150th_SE38th__2017-09-11_12-08-38.parquet
bellevue_150th_se38th,bellevue_150th_se38th:812186,kmeans,hg_expected_aware_selection,0,False,62df273c6e2c90595b2edec1d3cd73a14695b8069d3ff2eafebfa37ce030e328,829c95c4f0a012d08433536b22379afad4d5a79122e52f8fd6ac12817882167c,fed46c5dd2373c007616d0b84d16f09481578d40cb97339a15a03f6697ba491a,independent-test-v1-20260806T112456+0000-829c95c4f0a0,2026-08-06T11:24:56+00:00,bellevue_150th_se38th:B>E,Bellevue_150th_SE38th__2017-09-11_12-08-38,7312,11492,12003,data/interim/bellevue_150th_se38th/tracks_Bellevue_150th_SE38th__2017-09-11_12-08-38.parquet
bellevue_150th_se38th,bellevue_150th_se38th:812347,kmeans,hg_expected_aware_selection,0,False,62df273c6e2c90595b2edec1d3cd73a14695b8069d3ff2eafebfa37ce030e328,829c95c4f0a012d08433536b22379afad4d5a79122e52f8fd6ac12817882167c,fed46c5dd2373c007616d0b84d16f09481578d40cb97339a15a03f6697ba491a,independent-test-v1-20260806T112456+0000-829c95c4f0a0,2026-08-06T11:24:56+00:00,bellevue_150th_se38th:B>E,Bellevue_150th_SE38th__2017-09-11_12-08-38,7473,11595,12053,data/interim/bellevue_150th_se38th/tracks_Bellevue_150th_SE38th__2017-09-11_12-08-38.parquet
bellevue_150th_se38th,bellevue_150th_se38th:817883,kmeans,hg_expected_aware_selection,0,False,62df273c6e2c90595b2edec1d3cd73a14695b8069d3ff2eafebfa37ce030e328,829c95c4f0a012d08433536b22379afad4d5a79122e52f8fd6ac12817882167c,fed46c5dd2373c007616d0b84d16f09481578d40cb97339a15a03f6697ba491a,independent-test-v1-20260806T112456+0000-829c95c4f0a0,2026-08-06T11:24:56+00:00,bellevue_150th_se38th:B>E,Bellevue_150th_SE38th__2017-09-11_12-08-38,13009,24756,25224,data/interim/bellevue_150th_se38th/tracks_Bellevue_150th_SE38th__2017-09-11_12-08-38.parquet
bellevue_150th_se38th,bellevue_150th_se38th:826145,kmeans,hg_expected_aware_selection,0,False,62df273c6e2c90595b2edec1d3cd73a14695b8069d3ff2eafebfa37ce030e328,829c95c4f0a012d08433536b22379afad4d5a79122e52f8fd6ac12817882167c,fed46c5dd2373c007616d0b84d16f09481578d40cb97339a15a03f6697ba491a,independent-test-v1-20260806T112456+0000-829c95c4f0a0,2026-08-06T11:24:56+00:00,bellevue_150th_se38th:B>E,Bellevue_150th_SE38th__2017-09-11_12-08-38,21271,41338,41805,data/interim/bellevue_150th_se38th/tracks_Bellevue_150th_SE38th__2017-09-11_12-08-38.parquet
bellevue_150th_se38th,bellevue_150th_se38th:833909,kmeans,hg_expected_aware_selection,0,False,62df273c6e2c90595b2edec1d3cd73a14695b8069d3ff2eafebfa37ce030e328,829c95c4f0a012d08433536b22379afad4d5a79122e52f8fd6ac12817882167c,fed46c5dd2373c007616d0b84d16f09481578d40cb97339a15a03f6697ba491a,independent-test-v1-20260806T112456+0000-829c95c4f0a0,2026-08-06T11:24:56+00:00,bellevue_150th_se38th:B>E,Bellevue_150th_SE38th__2017-09-11_12-08-38,29035,53772,54088,data/interim/bellevue_150th_se38th/tracks_Bellevue_150th_SE38th__2017-09-11_12-08-38.parquet
bellevue_150th_se38th,bellevue_150th_se38th:836779,kmeans,hg_expected_aware_selection,0,False,62df273c6e2c90595b2edec1d3cd73a14695b8069d3ff2eafebfa37ce030e328,829c95c4f0a012d08433536b22379afad4d5a79122e52f8fd6ac12817882167c,fed46c5dd2373c007616d0b84d16f09481578d40cb97339a15a03f6697ba491a,independent-test-v1-20260806T112456+0000-829c95c4f0a0,2026-08-06T11:24:56+00:00,bellevue_150th_se38th:B>E,Bellevue_150th_SE38th__2017-09-11_12-08-38,31905,60098,60446,data/interim/bellevue_150th_se38th/tracks_Bellevue_150th_SE38th__2017-09-11_12-08-38.parquet
bellevue_150th_se38th,bellevue_150th_se38th:849228,kmeans,hg_expected_aware_selection,0,False,62df273c6e2c90595b2edec1d3cd73a14695b8069d3ff2eafebfa37ce030e328,829c95c4f0a012d08433536b22379afad4d5a79122e52f8fd6ac12817882167c,fed46c5dd2373c007616d0b84d16f09481578d40cb97339a15a03f6697ba491a,independent-test-v1-20260806T112456+0000-829c95c4f0a0,2026-08-06T11:24:56+00:00,bellevue_150th_se38th:B>E,Bellevue_150th_SE38th__2017-09-11_12-08-38,44354,87117,87596,data/interim/bellevue_150th_se38th/tracks_Bellevue_150th_SE38th__2017-09-11_12-08-38.parquet
bellevue_150th_se38th,bellevue_150th_se38th:852725,kmeans,hg_expected_aware_selection,0,False,62df273c6e2c90595b2edec1d3cd73a14695b8069d3ff2eafebfa37ce030e328,829c95c4f0a012d08433536b22379afad4d5a79122e52f8fd6ac12817882167c,fed46c5dd2373c007616d0b84d16f09481578d40cb97339a15a03f6697ba491a,independent-test-v1-20260806T112456+0000-829c95c4f0a0,2026-08-06T11:24:56+00:00,bellevue_150th_se38th:B>E,Bellevue_150th_SE38th__2017-09-11_12-08-38,47851,93522,94191,data/interim/bellevue_150th_se38th/tracks_Bellevue_150th_SE38th__2017-09-11_12-08-38.parquet
bellevue_150th_se38th,bellevue_150th_se38th:862284,kmeans,hg_expected_aware_selection,0,False,62df273c6e2c90595b2edec1d3cd73a14695b8069d3ff2eafebfa37ce030e328,829c95c4f0a012d08433536b22379afad4d5a79122e52f8fd6ac12817882167c,fed46c5dd2373c007616d0b84d16f09481578d40cb97339a15a03f6697ba491a,independent-test-v1-20260806T112456+0000-829c95c4f0a0,2026-08-06T11:24:56+00:00,bellevue_150th_se38th:B>E,Bellevue_150th_SE38th__2017-09-11_13-08-32,4675,11553,11907,data/interim/bellevue_150th_se38th/tracks_Bellevue_150th_SE38th__2017-09-11_13-08-32.parquet
bellevue_150th_se38th,bellevue_150th_se38th:882987,kmeans,hg_expected_aware_selection,0,False,62df273c6e2c90595b2edec1d3cd73a14695b8069d3ff2eafebfa37ce030e328,829c95c4f0a012d08433536b22379afad4d5a79122e52f8fd6ac12817882167c,fed46c5dd2373c007616d0b84d16f09481578d40cb97339a15a03f6697ba491a,independent-test-v1-20260806T112456+0000-829c95c4f0a0,2026-08-06T11:24:56+00:00,bellevue_150th_se38th:B>E,Bellevue_150th_SE38th__2017-09-11_13-08-32,25378,64919,65161,data/interim/bellevue_150th_se38th/tracks_Bellevue_150th_SE38th__2017-09-11_13-08-32.parquet
bellevue_150th_se38th,bellevue_150th_se38th:892192,kmeans,hg_expected_aware_selection,0,False,62df273c6e2c90595b2edec1d3cd73a14695b8069d3ff2eafebfa37ce030e328,829c95c4f0a012d08433536b22379afad4d5a79122e52f8fd6ac12817882167c,fed46c5dd2373c007616d0b84d16f09481578d40cb97339a15a03f6697ba491a,independent-test-v1-20260806T112456+0000-829c95c4f0a0,2026-08-06T11:24:56+00:00,bellevue_150th_se38th:B>E,Bellevue_150th_SE38th__2017-09-11_13-08-32,34583,87454,87737,data/interim/bellevue_150th_se38th/tracks_Bellevue_150th_SE38th__2017-09-11_13-08-32.parquet
bellevue_150th_se38th,bellevue_150th_se38th:913008,kmeans,hg_expected_aware_selection,0,False,62df273c6e2c90595b2edec1d3cd73a14695b8069d3ff2eafebfa37ce030e328,829c95c4f0a012d08433536b22379afad4d5a79122e52f8fd6ac12817882167c,fed46c5dd2373c007616d0b84d16f09481578d40cb97339a15a03f6697ba491a,independent-test-v1-20260806T112456+0000-829c95c4f0a0,2026-08-06T11:24:56+00:00,bellevue_150th_se38th:B>E,Bellevue_150th_SE38th__2017-09-11_14-08-32,17336,32509,32843,data/interim/bellevue_150th_se38th/tracks_Bellevue_150th_SE38th__2017-09-11_14-08-32.parquet
bellevue_150th_se38th,bellevue_150th_se38th:917517,kmeans,hg_expected_aware_selection,0,False,62df273c6e2c90595b2edec1d3cd73a14695b8069d3ff2eafebfa37ce030e328,829c95c4f0a012d08433536b22379afad4d5a79122e52f8fd6ac12817882167c,fed46c5dd2373c007616d0b84d16f09481578d40cb97339a15a03f6697ba491a,independent-test-v1-20260806T112456+0000-829c95c4f0a0,2026-08-06T11:24:56+00:00,bellevue_150th_se38th:B>E,Bellevue_150th_SE38th__2017-09-11_14-08-32,21845,41502,42038,data/interim/bellevue_150th_se38th/tracks_Bellevue_150th_SE38th__2017-09-11_14-08-32.parquet
bellevue_150th_se38th,bellevue_150th_se38th:923479,kmeans,hg_expected_aware_selection,0,False,62df273c6e2c90595b2edec1d3cd73a14695b8069d3ff2eafebfa37ce030e328,829c95c4f0a012d08433536b22379afad4d5a79122e52f8fd6ac12817882167c,fed46c5dd2373c007616d0b84d16f09481578d40cb97339a15a03f6697ba491a,independent-test-v1-20260806T112456+0000-829c95c4f0a0,2026-08-06T11:24:56+00:00,bellevue_150th_se38th:B>E,Bellevue_150th_SE38th__2017-09-11_14-08-32,27807,54116,54519,data/interim/bellevue_150th_se38th/tracks_Bellevue_150th_SE38th__2017-09-11_14-08-32.parquet
bellevue_150th_se38th,bellevue_150th_se38th:937977,kmeans,hg_expected_aware_selection,0,False,62df273c6e2c90595b2edec1d3cd73a14695b8069d3ff2eafebfa37ce030e328,829c95c4f0a012d08433536b22379afad4d5a79122e52f8fd6ac12817882167c,fed46c5dd2373c007616d0b84d16f09481578d40cb97339a15a03f6697ba491a,independent-test-v1-20260806T112456+0000-829c95c4f0a0,2026-08-06T11:24:56+00:00,bellevue_150th_se38th:B>E,Bellevue_150th_SE38th__2017-09-11_14-08-32,42305,78248,78559,data/interim/bellevue_150th_se38th/tracks_Bellevue_150th_SE38th__2017-09-11_14-08-32.parquet
bellevue_150th_se38th,bellevue_150th_se38th:940917,kmeans,hg_expected_aware_selection,0,False,62df273c6e2c90595b2edec1d3cd73a14695b8069d3ff2eafebfa37ce030e328,829c95c4f0a012d08433536b22379afad4d5a79122e52f8fd6ac12817882167c,fed46c5dd2373c007616d0b84d16f09481578d40cb97339a15a03f6697ba491a,independent-test-v1-20260806T112456+0000-829c95c4f0a0,2026-08-06T11:24:56+00:00,bellevue_150th_se38th:B>E,Bellevue_150th_SE38th__2017-09-11_14-08-32,45245,82798,83490,data/interim/bellevue_150th_se38th/tracks_Bellevue_150th_SE38th__2017-09-11_14-08-32.parquet
bellevue_150th_se38th,bellevue_150th_se38th:812053,kmeans,hg_expected_aware_selection,7,False,62df273c6e2c90595b2edec1d3cd73a14695b8069d3ff2eafebfa37ce030e328,829c95c4f0a012d08433536b22379afad4d5a79122e52f8fd6ac12817882167c,fed46c5dd2373c007616d0b84d16f09481578d40cb97339a15a03f6697ba491a,independent-test-v1-20260806T112456+0000-829c95c4f0a0,2026-08-06T11:24:56+00:00,bellevue_150th_se38th:B>E,Bellevue_150th_SE38th__2017-09-11_12-08-38,7179,11337,11791,data/interim/bellevue_150th_se38th/tracks_Bellevue_150th_SE38th__2017-09-11_12-08-38.parquet
bellevue_150th_se38th,bellevue_150th_se38th:819511,kmeans,hg_expected_aware_selection,7,False,62df273c6e2c90595b2edec1d3cd73a14695b8069d3ff2eafebfa37ce030e328,829c95c4f0a012d08433536b22379afad4d5a79122e52f8fd6ac12817882167c,fed46c5dd2373c007616d0b84d16f09481578d40cb97339a15a03f6697ba491a,independent-test-v1-20260806T112456+0000-829c95c4f0a0,2026-08-06T11:24:56+00:00,bellevue_150th_se38th:B>E,Bellevue_150th_SE38th__2017-09-11_12-08-38,14637,27498,28198,data/interim/bellevue_150th_se38th/tracks_Bellevue_150th_SE38th__2017-09-11_12-08-38.parquet
bellevue_150th_se38th,bellevue_150th_se38th:826116,kmeans,hg_expected_aware_selection,7,False,62df273c6e2c90595b2edec1d3cd73a14695b8069d3ff2eafebfa37ce030e328,829c95c4f0a012d08433536b22379afad4d5a79122e52f8fd6ac12817882167c,fed46c5dd2373c007616d0b84d16f09481578d40cb97339a15a03f6697ba491a,independent-test-v1-20260806T112456+0000-829c95c4f0a0,2026-08-06T11:24:56+00:00,bellevue_150th_se38th:B>E,Bellevue_150th_SE38th__2017-09-11_12-08-38,21242,41290,41702,data/interim/bellevue_150th_se38th/tracks_Bellevue_150th_SE38th__2017-09-11_12-08-38.parquet
bellevue_150th_se38th,bellevue_150th_se38th:834611,kmeans,hg_expected_aware_selection,7,False,62df273c6e2c90595b2edec1d3cd73a14695b8069d3ff2eafebfa37ce030e328,829c95c4f0a012d08433536b22379afad4d5a79122e52f8fd6ac12817882167c,fed46c5dd2373c007616d0b84d16f09481578d40cb97339a15a03f6697ba491a,independent-test-v1-20260806T112456+0000-829c95c4f0a0,2026-08-06T11:24:56+00:00,bellevue_150th_se38th:B>E,Bellevue_150th_SE38th__2017-09-11_12-08-38,29737,56263,56898,data/interim/bellevue_150th_se38th/tracks_Bellevue_150th_SE38th__2017-09-11_12-08-38.parquet
bellevue_150th_se38th,bellevue_150th_se38th:846413,kmeans,hg_expected_aware_selection,7,False,62df273c6e2c90595b2edec1d3cd73a14695b8069d3ff2eafebfa37ce030e328,829c95c4f0a012d08433536b22379afad4d5a79122e52f8fd6ac12817882167c,fed46c5dd2373c007616d0b84d16f09481578d40cb97339a15a03f6697ba491a,independent-test-v1-20260806T112456+0000-829c95c4f0a0,2026-08-06T11:24:56+00:00,bellevue_150th_se38th:B>E,Bellevue_150th_SE38th__2017-09-11_12-08-38,41539,80160,80646,data/interim/bellevue_150th_se38th/tracks_Bellevue_150th_SE38th__2017-09-11_12-08-38.parquet
bellevue_150th_se38th,bellevue_150th_se38th:868176,kmeans,hg_expected_aware_selection,7,False,62df273c6e2c90595b2edec1d3cd73a14695b8069d3ff2eafebfa37ce030e328,829c95c4f0a012d08433536b22379afad4d5a79122e52f8fd6ac12817882167c,fed46c5dd2373c007616d0b84d16f09481578d40cb97339a15a03f6697ba491a,independent-test-v1-20260806T112456+0000-829c95c4f0a0,2026-08-06T11:24:56+00:00,bellevue_150th_se38th:B>E,Bellevue_150th_SE38th__2017-09-11_13-08-32,10567,26881,27239,data/interim/bellevue_150th_se38th/tracks_Bellevue_150th_SE38th__2017-09-11_13-08-32.parquet
bellevue_150th_se38th,bellevue_150th_se38th:874850,kmeans,hg_expected_aware_selection,7,False,62df273c6e2c90595b2edec1d3cd73a14695b8069d3ff2eafebfa37ce030e328,829c95c4f0a012d08433536b22379afad4d5a79122e52f8fd6ac12817882167c,fed46c5dd2373c007616d0b84d16f09481578d40cb97339a15a03f6697ba491a,independent-test-v1-20260806T112456+0000-829c95c4f0a0,2026-08-06T11:24:56+00:00,bellevue_150th_se38th:B>E,Bellevue_150th_SE38th__2017-09-11_13-08-32,17241,43332,43632,data/interim/bellevue_150th_se38th/tracks_Bellevue_150th_SE38th__2017-09-11_13-08-32.parquet
bellevue_150th_se38th,bellevue_150th_se38th:888726,kmeans,hg_expected_aware_selection,7,False,62df273c6e2c90595b2edec1d3cd73a14695b8069d3ff2eafebfa37ce030e328,829c95c4f0a012d08433536b22379afad4d5a79122e52f8fd6ac12817882167c,fed46c5dd2373c007616d0b84d16f09481578d40cb97339a15a03f6697ba491a,independent-test-v1-20260806T112456+0000-829c95c4f0a0,2026-08-06T11:24:56+00:00,bellevue_150th_se38th:B>E,Bellevue_150th_SE38th__2017-09-11_13-08-32,31117,78490,78862,data/interim/bellevue_150th_se38th/tracks_Bellevue_150th_SE38th__2017-09-11_13-08-32.parquet
bellevue_150th_se38th,bellevue_150th_se38th:908552,kmeans,hg_expected_aware_selection,7,False,62df273c6e2c90595b2edec1d3cd73a14695b8069d3ff2eafebfa37ce030e328,829c95c4f0a012d08433536b22379afad4d5a79122e52f8fd6ac12817882167c,fed46c5dd2373c007616d0b84d16f09481578d40cb97339a15a03f6697ba491a,independent-test-v1-20260806T112456+0000-829c95c4f0a0,2026-08-06T11:24:56+00:00,bellevue_150th_se38th:B>E,Bellevue_150th_SE38th__2017-09-11_14-08-32,12880,23336,23641,data/interim/bellevue_150th_se38th/tracks_Bellevue_150th_SE38th__2017-09-11_14-08-32.parquet
bellevue_150th_se38th,bellevue_150th_se38th:914976,kmeans,hg_expected_aware_selection,7,False,62df273c6e2c90595b2edec1d3cd73a14695b8069d3ff2eafebfa37ce030e328,829c95c4f0a012d08433536b22379afad4d5a79122e52f8fd6ac12817882167c,fed46c5dd2373c007616d0b84d16f09481578d40cb97339a15a03f6697ba491a,independent-test-v1-20260806T112456+0000-829c95c4f0a0,2026-08-06T11:24:56+00:00,bellevue_150th_se38th:B>E,Bellevue_150th_SE38th__2017-09-11_14-08-32,19304,36198,36430,data/interim/bellevue_150th_se38th/tracks_Bellevue_150th_SE38th__2017-09-11_14-08-32.parquet
bellevue_150th_se38th,bellevue_150th_se38th:917963,kmeans,hg_expected_aware_selection,7,False,62df273c6e2c90595b2edec1d3cd73a14695b8069d3ff2eafebfa37ce030e328,829c95c4f0a012d08433536b22379afad4d5a79122e52f8fd6ac12817882167c,fed46c5dd2373c007616d0b84d16f09481578d40cb97339a15a03f6697ba491a,independent-test-v1-20260806T112456+0000-829c95c4f0a0,2026-08-06T11:24:56+00:00,bellevue_150th_se38th:B>E,Bellevue_150th_SE38th__2017-09-11_14-08-32,22291,42105,42329,data/interim/bellevue_150th_se38th/tracks_Bellevue_150th_SE38th__2017-09-11_14-08-32.parquet
bellevue_150th_se38th,bellevue_150th_se38th:922111,kmeans,hg_expected_aware_selection,7,False,62df273c6e2c90595b2edec1d3cd73a14695b8069d3ff2eafebfa37ce030e328,829c95c4f0a012d08433536b22379afad4d5a79122e52f8fd6ac12817882167c,fed46c5dd2373c007616d0b84d16f09481578d40cb97339a15a03f6697ba491a,independent-test-v1-20260806T112456+0000-829c95c4f0a0,2026-08-06T11:24:56+00:00,bellevue_150th_se38th:B>E,Bellevue_150th_SE38th__2017-09-11_14-08-32,26439,50994,51418,data/interim/bellevue_150th_se38th/tracks_Bellevue_150th_SE38th__2017-09-11_14-08-32.parquet
bellevue_150th_se38th,bellevue_150th_se38th:935634,kmeans,hg_expected_aware_selection,7,False,62df273c6e2c90595b2edec1d3cd73a14695b8069d3ff2eafebfa37ce030e328,829c95c4f0a012d08433536b22379afad4d5a79122e52f8fd6ac12817882167c,fed46c5dd2373c007616d0b84d16f09481578d40cb97339a15a03f6697ba491a,independent-test-v1-20260806T112456+0000-829c95c4f0a0,2026-08-06T11:24:56+00:00,bellevue_150th_se38th:B>E,Bellevue_150th_SE38th__2017-09-11_14-08-32,39962,74704,74927,data/interim/bellevue_150th_se38th/tracks_Bellevue_150th_SE38th__2017-09-11_14-08-32.parquet
bellevue_150th_se38th,bellevue_150th_se38th:943289,kmeans,hg_expected_aware_selection,7,False,62df273c6e2c90595b2edec1d3cd73a14695b8069d3ff2eafebfa37ce030e328,829c95c4f0a012d08433536b22379afad4d5a79122e52f8fd6ac12817882167c,fed46c5dd2373c007616d0b84d16f09481578d40cb97339a15a03f6697ba491a,independent-test-v1-20260806T112456+0000-829c95c4f0a0,2026-08-06T11:24:56+00:00,bellevue_150th_se38th:B>E,Bellevue_150th_SE38th__2017-09-11_14-08-32,47617,87108,87475,data/interim/bellevue_150th_se38th/tracks_Bellevue_150th_SE38th__2017-09-11_14-08-32.parquet
bellevue_150th_se38th,bellevue_150th_se38th:945199,kmeans,hg_expected_aware_selection,7,False,62df273c6e2c90595b2edec1d3cd73a14695b8069d3ff2eafebfa37ce030e328,829c95c4f0a012d08433536b22379afad4d5a79122e52f8fd6ac12817882167c,fed46c5dd2373c007616d0b84d16f09481578d40cb97339a15a03f6697ba491a,independent-test-v1-20260806T112456+0000-829c95c4f0a0,2026-08-06T11:24:56+00:00,bellevue_150th_se38th:B>E,Bellevue_150th_SE38th__2017-09-11_14-08-32,49527,90629,90985,data/interim/bellevue_150th_se38th/tracks_Bellevue_150th_SE38th__2017-09-11_14-08-32.parquet
bellevue_150th_se38th,bellevue_150th_se38th:945290,kmeans,hg_expected_aware_selection,7,False,62df273c6e2c90595b2edec1d3cd73a14695b8069d3ff2eafebfa37ce030e328,829c95c4f0a012d08433536b22379afad4d5a79122e52f8fd6ac12817882167c,fed46c5dd2373c007616d0b84d16f09481578d40cb97339a15a03f6697ba491a,independent-test-v1-20260806T112456+0000-829c95c4f0a0,2026-08-06T11:24:56+00:00,bellevue_150th_se38th:B>E,Bellevue_150th_SE38th__2017-09-11_14-08-32,49618,90778,91129,data/interim/bellevue_150th_se38th/tracks_Bellevue_150th_SE38th__2017-09-11_14-08-32.parquet
bellevue_150th_se38th,bellevue_150th_se38th:945348,kmeans,hg_expected_aware_selection,7,False,62df273c6e2c90595b2edec1d3cd73a14695b8069d3ff2eafebfa37ce030e328,829c95c4f0a012d08433536b22379afad4d5a79122e52f8fd6ac12817882167c,fed46c5dd2373c007616d0b84d16f09481578d40cb97339a15a03f6697ba491a,independent-test-v1-20260806T112456+0000-829c95c4f0a0,2026-08-06T11:24:56+00:00,bellevue_150th_se38th:B>E,Bellevue_150th_SE38th__2017-09-11_14-08-32,49676,90862,91186,data/interim/bellevue_150th_se38th/tracks_Bellevue_150th_SE38th__2017-09-11_14-08-32.parquet
bellevue_150th_se38th,bellevue_150th_se38th:952093,kmeans,hg_expected_aware_selection,7,False,62df273c6e2c90595b2edec1d3cd73a14695b8069d3ff2eafebfa37ce030e328,829c95c4f0a012d08433536b22379afad4d5a79122e52f8fd6ac12817882167c,fed46c5dd2373c007616d0b84d16f09481578d40cb97339a15a03f6697ba491a,independent-test-v1-20260806T112456+0000-829c95c4f0a0,2026-08-06T11:24:56+00:00,bellevue_150th_se38th:B>E,Bellevue_150th_SE38th__2017-09-11_14-08-32,56421,101094,101421,data/interim/bellevue_150th_se38th/tracks_Bellevue_150th_SE38th__2017-09-11_14-08-32.parquet
bellevue_150th_se38th,bellevue_150th_se38th:952156,kmeans,hg_expected_aware_selection,7,False,62df273c6e2c90595b2edec1d3cd73a14695b8069d3ff2eafebfa37ce030e328,829c95c4f0a012d08433536b22379afad4d5a79122e52f8fd6ac12817882167c,fed46c5dd2373c007616d0b84d16f09481578d40cb97339a15a03f6697ba491a,independent-test-v1-20260806T112456+0000-829c95c4f0a0,2026-08-06T11:24:56+00:00,bellevue_150th_se38th:B>E,Bellevue_150th_SE38th__2017-09-11_14-08-32,56484,101162,101469,data/interim/bellevue_150th_se38th/tracks_Bellevue_150th_SE38th__2017-09-11_14-08-32.parquet
bellevue_150th_se38th,bellevue_150th_se38th:957417,kmeans,hg_expected_aware_selection,7,False,62df273c6e2c90595b2edec1d3cd73a14695b8069d3ff2eafebfa37ce030e328,829c95c4f0a012d08433536b22379afad4d5a79122e52f8fd6ac12817882167c,fed46c5dd2373c007616d0b84d16f09481578d40cb97339a15a03f6697ba491a,independent-test-v1-20260806T112456+0000-829c95c4f0a0,2026-08-06T11:24:56+00:00,bellevue_150th_se38th:B>E,Bellevue_150th_SE38th__2017-09-11_16-08-35,1889,2809,3232,data/interim/bellevue_150th_se38th/tracks_Bellevue_150th_SE38th__2017-09-11_16-08-35.parquet
bellevue_150th_se38th,bellevue_150th_se38th:756049,kmeans,hg_expected_aware_selection,13,False,62df273c6e2c90595b2edec1d3cd73a14695b8069d3ff2eafebfa37ce030e328,829c95c4f0a012d08433536b22379afad4d5a79122e52f8fd6ac12817882167c,fed46c5dd2373c007616d0b84d16f09481578d40cb97339a15a03f6697ba491a,independent-test-v1-20260806T112456+0000-829c95c4f0a0,2026-08-06T11:24:56+00:00,bellevue_150th_se38th:B>E,Bellevue_150th_SE38th__2017-09-11_11-08-34,4994,11210,11589,data/interim/bellevue_150th_se38th/tracks_Bellevue_150th_SE38th__2017-09-11_11-08-34.parquet
bellevue_150th_se38th,bellevue_150th_se38th:756557,kmeans,hg_expected_aware_selection,13,False,62df273c6e2c90595b2edec1d3cd73a14695b8069d3ff2eafebfa37ce030e328,829c95c4f0a012d08433536b22379afad4d5a79122e52f8fd6ac12817882167c,fed46c5dd2373c007616d0b84d16f09481578d40cb97339a15a03f6697ba491a,independent-test-v1-20260806T112456+0000-829c95c4f0a0,2026-08-06T11:24:56+00:00,bellevue_150th_se38th:B>E,Bellevue_150th_SE38th__2017-09-11_11-08-34,5502,11904,12123,data/interim/bellevue_150th_se38th/tracks_Bellevue_150th_SE38th__2017-09-11_11-08-34.parquet
bellevue_150th_se38th,bellevue_150th_se38th:766020,kmeans,hg_expected_aware_selection,13,False,62df273c6e2c90595b2edec1d3cd73a14695b8069d3ff2eafebfa37ce030e328,829c95c4f0a012d08433536b22379afad4d5a79122e52f8fd6ac12817882167c,fed46c5dd2373c007616d0b84d16f09481578d40cb97339a15a03f6697ba491a,independent-test-v1-20260806T112456+0000-829c95c4f0a0,2026-08-06T11:24:56+00:00,bellevue_150th_se38th:B>E,Bellevue_150th_SE38th__2017-09-11_11-08-34,14965,28281,28527,data/interim/bellevue_150th_se38th/tracks_Bellevue_150th_SE38th__2017-09-11_11-08-34.parquet
bellevue_150th_se38th,bellevue_150th_se38th:773247,kmeans,hg_expected_aware_selection,13,False,62df273c6e2c90595b2edec1d3cd73a14695b8069d3ff2eafebfa37ce030e328,829c95c4f0a012d08433536b22379afad4d5a79122e52f8fd6ac12817882167c,fed46c5dd2373c007616d0b84d16f09481578d40cb97339a15a03f6697ba491a,independent-test-v1-20260806T112456+0000-829c95c4f0a0,2026-08-06T11:24:56+00:00,bellevue_150th_se38th:B>E,Bellevue_150th_SE38th__2017-09-11_11-08-34,22192,40696,40865,data/interim/bellevue_150th_se38th/tracks_Bellevue_150th_SE38th__2017-09-11_11-08-34.parquet
bellevue_150th_se38th,bellevue_150th_se38th:773393,kmeans,hg_expected_aware_selection,13,False,62df273c6e2c90595b2edec1d3cd73a14695b8069d3ff2eafebfa37ce030e328,829c95c4f0a012d08433536b22379afad4d5a79122e52f8fd6ac12817882167c,fed46c5dd2373c007616d0b84d16f09481578d40cb97339a15a03f6697ba491a,independent-test-v1-20260806T112456+0000-829c95c4f0a0,2026-08-06T11:24:56+00:00,bellevue_150th_se38th:B>E,Bellevue_150th_SE38th__2017-09-11_11-08-34,22338,40938,41314,data/interim/bellevue_150th_se38th/tracks_Bellevue_150th_SE38th__2017-09-11_11-08-34.parquet
bellevue_150th_se38th,bellevue_150th_se38th:773397,kmeans,hg_expected_aware_selection,13,False,62df273c6e2c90595b2edec1d3cd73a14695b8069d3ff2eafebfa37ce030e328,829c95c4f0a012d08433536b22379afad4d5a79122e52f8fd6ac12817882167c,fed46c5dd2373c007616d0b84d16f09481578d40cb97339a15a03f6697ba491a,independent-test-v1-20260806T112456+0000-829c95c4f0a0,2026-08-06T11:24:56+00:00,bellevue_150th_se38th:B>E,Bellevue_150th_SE38th__2017-09-11_11-08-34,22342,40941,41366,data/interim/bellevue_150th_se38th/tracks_Bellevue_150th_SE38th__2017-09-11_11-08-34.parquet
bellevue_150th_se38th,bellevue_150th_se38th:775159,kmeans,hg_expected_aware_selection,13,False,62df273c6e2c90595b2edec1d3cd73a14695b8069d3ff2eafebfa37ce030e328,829c95c4f0a012d08433536b22379afad4d5a79122e52f8fd6ac12817882167c,fed46c5dd2373c007616d0b84d16f09481578d40cb97339a15a03f6697ba491a,independent-test-v1-20260806T112456+0000-829c95c4f0a0,2026-08-06T11:24:56+00:00,bellevue_150th_se38th:B>E,Bellevue_150th_SE38th__2017-09-11_11-08-34,24104,44237,44435,data/interim/bellevue_150th_se38th/tracks_Bellevue_150th_SE38th__2017-09-11_11-08-34.parquet
bellevue_150th_se38th,bellevue_150th_se38th:778715,kmeans,hg_expected_aware_selection,13,False,62df273c6e2c90595b2edec1d3cd73a14695b8069d3ff2eafebfa37ce030e328,829c95c4f0a012d08433536b22379afad4d5a79122e52f8fd6ac12817882167c,fed46c5dd2373c007616d0b84d16f09481578d40cb97339a15a03f6697ba491a,independent-test-v1-20260806T112456+0000-829c95c4f0a0,2026-08-06T11:24:56+00:00,bellevue_150th_se38th:B>E,Bellevue_150th_SE38th__2017-09-11_11-08-34,27660,50362,50703,data/interim/bellevue_150th_se38th/tracks_Bellevue_150th_SE38th__2017-09-11_11-08-34.parquet
bellevue_150th_se38th,bellevue_150th_se38th:778798,kmeans,hg_expected_aware_selection,13,False,62df273c6e2c90595b2edec1d3cd73a14695b8069d3ff2eafebfa37ce030e328,829c95c4f0a012d08433536b22379afad4d5a79122e52f8fd6ac12817882167c,fed46c5dd2373c007616d0b84d16f09481578d40cb97339a15a03f6697ba491a,independent-test-v1-20260806T112456+0000-829c95c4f0a0,2026-08-06T11:24:56+00:00,bellevue_150th_se38th:B>E,Bellevue_150th_SE38th__2017-09-11_11-08-34,27743,50476,50765,data/interim/bellevue_150th_se38th/tracks_Bellevue_150th_SE38th__2017-09-11_11-08-34.parquet
bellevue_150th_se38th,bellevue_150th_se38th:780286,kmeans,hg_expected_aware_selection,13,False,62df273c6e2c90595b2edec1d3cd73a14695b8069d3ff2eafebfa37ce030e328,829c95c4f0a012d08433536b22379afad4d5a79122e52f8fd6ac12817882167c,fed46c5dd2373c007616d0b84d16f09481578d40cb97339a15a03f6697ba491a,independent-test-v1-20260806T112456+0000-829c95c4f0a0,2026-08-06T11:24:56+00:00,bellevue_150th_se38th:B>E,Bellevue_150th_SE38th__2017-09-11_11-08-34,29231,53433,53758,data/interim/bellevue_150th_se38th/tracks_Bellevue_150th_SE38th__2017-09-11_11-08-34.parquet
bellevue_150th_se38th,bellevue_150th_se38th:780334,kmeans,hg_expected_aware_selection,13,False,62df273c6e2c90595b2edec1d3cd73a14695b8069d3ff2eafebfa37ce030e328,829c95c4f0a012d08433536b22379afad4d5a79122e52f8fd6ac12817882167c,fed46c5dd2373c007616d0b84d16f09481578d40cb97339a15a03f6697ba491a,independent-test-v1-20260806T112456+0000-829c95c4f0a0,2026-08-06T11:24:56+00:00,bellevue_150th_se38th:B>E,Bellevue_150th_SE38th__2017-09-11_11-08-34,29279,53505,53882,data/interim/bellevue_150th_se38th/tracks_Bellevue_150th_SE38th__2017-09-11_11-08-34.parquet
bellevue_150th_se38th,bellevue_150th_se38th:780457,kmeans,hg_expected_aware_selection,13,False,62df273c6e2c90595b2edec1d3cd73a14695b8069d3ff2eafebfa37ce030e328,829c95c4f0a012d08433536b22379afad4d5a79122e52f8fd6ac12817882167c,fed46c5dd2373c007616d0b84d16f09481578d40cb97339a15a03f6697ba491a,independent-test-v1-20260806T112456+0000-829c95c4f0a0,2026-08-06T11:24:56+00:00,bellevue_150th_se38th:B>E,Bellevue_150th_SE38th__2017-09-11_11-08-34,29402,53754,54109,data/interim/bellevue_150th_se38th/tracks_Bellevue_150th_SE38th__2017-09-11_11-08-34.parquet
bellevue_150th_se38th,bellevue_150th_se38th:780857,kmeans,hg_expected_aware_selection,13,False,62df273c6e2c90595b2edec1d3cd73a14695b8069d3ff2eafebfa37ce030e328,829c95c4f0a012d08433536b22379afad4d5a79122e52f8fd6ac12817882167c,fed46c5dd2373c007616d0b84d16f09481578d40cb97339a15a03f6697ba491a,independent-test-v1-20260806T112456+0000-829c95c4f0a0,2026-08-06T11:24:56+00:00,bellevue_150th_se38th:B>E,Bellevue_150th_SE38th__2017-09-11_11-08-34,29802,54588,55104,data/interim/bellevue_150th_se38th/tracks_Bellevue_150th_SE38th__2017-09-11_11-08-34.parquet
bellevue_150th_se38th,bellevue_150th_se38th:785145,kmeans,hg_expected_aware_selection,13,False,62df273c6e2c90595b2edec1d3cd73a14695b8069d3ff2eafebfa37ce030e328,829c95c4f0a012d08433536b22379afad4d5a79122e52f8fd6ac12817882167c,fed46c5dd2373c007616d0b84d16f09481578d40cb97339a15a03f6697ba491a,independent-test-v1-20260806T112456+0000-829c95c4f0a0,2026-08-06T11:24:56+00:00,bellevue_150th_se38th:B>E,Bellevue_150th_SE38th__2017-09-11_11-08-34,34090,62447,63131,data/interim/bellevue_150th_se38th/tracks_Bellevue_150th_SE38th__2017-09-11_11-08-34.parquet
bellevue_150th_se38th,bellevue_150th_se38th:788305,kmeans,hg_expected_aware_selection,13,False,62df273c6e2c90595b2edec1d3cd73a14695b8069d3ff2eafebfa37ce030e328,829c95c4f0a012d08433536b22379afad4d5a79122e52f8fd6ac12817882167c,fed46c5dd2373c007616d0b84d16f09481578d40cb97339a15a03f6697ba491a,independent-test-v1-20260806T112456+0000-829c95c4f0a0,2026-08-06T11:24:56+00:00,bellevue_150th_se38th:B>E,Bellevue_150th_SE38th__2017-09-11_11-08-34,37250,69210,69581,data/interim/bellevue_150th_se38th/tracks_Bellevue_150th_SE38th__2017-09-11_11-08-34.parquet
bellevue_150th_se38th,bellevue_150th_se38th:788323,kmeans,hg_expected_aware_selection,13,False,62df273c6e2c90595b2edec1d3cd73a14695b8069d3ff2eafebfa37ce030e328,829c95c4f0a012d08433536b22379afad4d5a79122e52f8fd6ac12817882167c,fed46c5dd2373c007616d0b84d16f09481578d40cb97339a15a03f6697ba491a,independent-test-v1-20260806T112456+0000-829c95c4f0a0,2026-08-06T11:24:56+00:00,bellevue_150th_se38th:B>E,Bellevue_150th_SE38th__2017-09-11_11-08-34,37268,69242,69655,data/interim/bellevue_150th_se38th/tracks_Bellevue_150th_SE38th__2017-09-11_11-08-34.parquet
bellevue_150th_se38th,bellevue_150th_se38th:791708,kmeans,hg_expected_aware_selection,13,False,62df273c6e2c90595b2edec1d3cd73a14695b8069d3ff2eafebfa37ce030e328,829c95c4f0a012d08433536b22379afad4d5a79122e52f8fd6ac12817882167c,fed46c5dd2373c007616d0b84d16f09481578d40cb97339a15a03f6697ba491a,independent-test-v1-20260806T112456+0000-829c95c4f0a0,2026-08-06T11:24:56+00:00,bellevue_150th_se38th:B>E,Bellevue_150th_SE38th__2017-09-11_11-08-34,40653,75572,75847,data/interim/bellevue_150th_se38th/tracks_Bellevue_150th_SE38th__2017-09-11_11-08-34.parquet
bellevue_150th_se38th,bellevue_150th_se38th:792898,kmeans,hg_expected_aware_selection,13,False,62df273c6e2c90595b2edec1d3cd73a14695b8069d3ff2eafebfa37ce030e328,829c95c4f0a012d08433536b22379afad4d5a79122e52f8fd6ac12817882167c,fed46c5dd2373c007616d0b84d16f09481578d40cb97339a15a03f6697ba491a,independent-test-v1-20260806T112456+0000-829c95c4f0a0,2026-08-06T11:24:56+00:00,bellevue_150th_se38th:B>E,Bellevue_150th_SE38th__2017-09-11_11-08-34,41843,77769,77987,data/interim/bellevue_150th_se38th/tracks_Bellevue_150th_SE38th__2017-09-11_11-08-34.parquet
bellevue_150th_se38th,bellevue_150th_se38th:793167,kmeans,hg_expected_aware_selection,13,False,62df273c6e2c90595b2edec1d3cd73a14695b8069d3ff2eafebfa37ce030e328,829c95c4f0a012d08433536b22379afad4d5a79122e52f8fd6ac12817882167c,fed46c5dd2373c007616d0b84d16f09481578d40cb97339a15a03f6697ba491a,independent-test-v1-20260806T112456+0000-829c95c4f0a0,2026-08-06T11:24:56+00:00,bellevue_150th_se38th:B>E,Bellevue_150th_SE38th__2017-09-11_11-08-34,42112,78167,78428,data/interim/bellevue_150th_se38th/tracks_Bellevue_150th_SE38th__2017-09-11_11-08-34.parquet
bellevue_150th_se38th,bellevue_150th_se38th:796773,kmeans,hg_expected_aware_selection,13,False,62df273c6e2c90595b2edec1d3cd73a14695b8069d3ff2eafebfa37ce030e328,829c95c4f0a012d08433536b22379afad4d5a79122e52f8fd6ac12817882167c,fed46c5dd2373c007616d0b84d16f09481578d40cb97339a15a03f6697ba491a,independent-test-v1-20260806T112456+0000-829c95c4f0a0,2026-08-06T11:24:56+00:00,bellevue_150th_se38th:B>E,Bellevue_150th_SE38th__2017-09-11_11-08-34,45718,87372,87700,data/interim/bellevue_150th_se38th/tracks_Bellevue_150th_SE38th__2017-09-11_11-08-34.parquet
bellevue_150th_se38th,bellevue_150th_se38th:753643,kmeans,hg_expected_aware_selection,15,False,62df273c6e2c90595b2edec1d3cd73a14695b8069d3ff2eafebfa37ce030e328,829c95c4f0a012d08433536b22379afad4d5a79122e52f8fd6ac12817882167c,fed46c5dd2373c007616d0b84d16f09481578d40cb97339a15a03f6697ba491a,independent-test-v1-20260806T112456+0000-829c95c4f0a0,2026-08-06T11:24:56+00:00,bellevue_150th_se38th:B>E,Bellevue_150th_SE38th__2017-09-11_11-08-34,2588,5758,6065,data/interim/bellevue_150th_se38th/tracks_Bellevue_150th_SE38th__2017-09-11_11-08-34.parquet
bellevue_150th_se38th,bellevue_150th_se38th:761156,kmeans,hg_expected_aware_selection,15,False,62df273c6e2c90595b2edec1d3cd73a14695b8069d3ff2eafebfa37ce030e328,829c95c4f0a012d08433536b22379afad4d5a79122e52f8fd6ac12817882167c,fed46c5dd2373c007616d0b84d16f09481578d40cb97339a15a03f6697ba491a,independent-test-v1-20260806T112456+0000-829c95c4f0a0,2026-08-06T11:24:56+00:00,bellevue_150th_se38th:B>E,Bellevue_150th_SE38th__2017-09-11_11-08-34,10101,21337,21678,data/interim/bellevue_150th_se38th/tracks_Bellevue_150th_SE38th__2017-09-11_11-08-34.parquet
bellevue_150th_se38th,bellevue_150th_se38th:770250,kmeans,hg_expected_aware_selection,15,False,62df273c6e2c90595b2edec1d3cd73a14695b8069d3ff2eafebfa37ce030e328,829c95c4f0a012d08433536b22379afad4d5a79122e52f8fd6ac12817882167c,fed46c5dd2373c007616d0b84d16f09481578d40cb97339a15a03f6697ba491a,independent-test-v1-20260806T112456+0000-829c95c4f0a0,2026-08-06T11:24:56+00:00,bellevue_150th_se38th:B>E,Bellevue_150th_SE38th__2017-09-11_11-08-34,19195,34949,35199,data/interim/bellevue_150th_se38th/tracks_Bellevue_150th_SE38th__2017-09-11_11-08-34.parquet
bellevue_150th_se38th,bellevue_150th_se38th:785441,kmeans,hg_expected_aware_selection,15,False,62df273c6e2c90595b2edec1d3cd73a14695b8069d3ff2eafebfa37ce030e328,829c95c4f0a012d08433536b22379afad4d5a79122e52f8fd6ac12817882167c,fed46c5dd2373c007616d0b84d16f09481578d40cb97339a15a03f6697ba491a,independent-test-v1-20260806T112456+0000-829c95c4f0a0,2026-08-06T11:24:56+00:00,bellevue_150th_se38th:B>E,Bellevue_150th_SE38th__2017-09-11_11-08-34,34386,62775,63055,data/interim/bellevue_150th_se38th/tracks_Bellevue_150th_SE38th__2017-09-11_11-08-34.parquet
bellevue_150th_se38th,bellevue_150th_se38th:785803,kmeans,hg_expected_aware_selection,15,False,62df273c6e2c90595b2edec1d3cd73a14695b8069d3ff2eafebfa37ce030e328,829c95c4f0a012d08433536b22379afad4d5a79122e52f8fd6ac12817882167c,fed46c5dd2373c007616d0b84d16f09481578d40cb97339a15a03f6697ba491a,independent-test-v1-20260806T112456+0000-829c95c4f0a0,2026-08-06T11:24:56+00:00,bellevue_150th_se38th:B>E,Bellevue_150th_SE38th__2017-09-11_11-08-34,34748,63160,63404,data/interim/bellevue_150th_se38th/tracks_Bellevue_150th_SE38th__2017-09-11_11-08-34.parquet
bellevue_150th_se38th,bellevue_150th_se38th:785857,kmeans,hg_expected_aware_selection,15,False,62df273c6e2c90595b2edec1d3cd73a14695b8069d3ff2eafebfa37ce030e328,829c95c4f0a012d08433536b22379afad4d5a79122e52f8fd6ac12817882167c,fed46c5dd2373c007616d0b84d16f09481578d40cb97339a15a03f6697ba491a,independent-test-v1-20260806T112456+0000-829c95c4f0a0,2026-08-06T11:24:56+00:00,bellevue_150th_se38th:B>E,Bellevue_150th_SE38th__2017-09-11_11-08-34,34802,63195,63456,data/interim/bellevue_150th_se38th/tracks_Bellevue_150th_SE38th__2017-09-11_11-08-34.parquet
bellevue_150th_se38th,bellevue_150th_se38th:793105,kmeans,hg_expected_aware_selection,15,False,62df273c6e2c90595b2edec1d3cd73a14695b8069d3ff2eafebfa37ce030e328,829c95c4f0a012d08433536b22379afad4d5a79122e52f8fd6ac12817882167c,fed46c5dd2373c007616d0b84d16f09481578d40cb97339a15a03f6697ba491a,independent-test-v1-20260806T112456+0000-829c95c4f0a0,2026-08-06T11:24:56+00:00,bellevue_150th_se38th:B>E,Bellevue_150th_SE38th__2017-09-11_11-08-34,42050,78076,78258,data/interim/bellevue_150th_se38th/tracks_Bellevue_150th_SE38th__2017-09-11_11-08-34.parquet
bellevue_150th_se38th,bellevue_150th_se38th:794447,kmeans,hg_expected_aware_selection,15,False,62df273c6e2c90595b2edec1d3cd73a14695b8069d3ff2eafebfa37ce030e328,829c95c4f0a012d08433536b22379afad4d5a79122e52f8fd6ac12817882167c,fed46c5dd2373c007616d0b84d16f09481578d40cb97339a15a03f6697ba491a,independent-test-v1-20260806T112456+0000-829c95c4f0a0,2026-08-06T11:24:56+00:00,bellevue_150th_se38th:B>E,Bellevue_150th_SE38th__2017-09-11_11-08-34,43392,81404,81616,data/interim/bellevue_150th_se38th/tracks_Bellevue_150th_SE38th__2017-09-11_11-08-34.parquet
bellevue_150th_se38th,bellevue_150th_se38th:795551,kmeans,hg_expected_aware_selection,15,False,62df273c6e2c90595b2edec1d3cd73a14695b8069d3ff2eafebfa37ce030e328,829c95c4f0a012d08433536b22379afad4d5a79122e52f8fd6ac12817882167c,fed46c5dd2373c007616d0b84d16f09481578d40cb97339a15a03f6697ba491a,independent-test-v1-20260806T112456+0000-829c95c4f0a0,2026-08-06T11:24:56+00:00,bellevue_150th_se38th:B>E,Bellevue_150th_SE38th__2017-09-11_11-08-34,44496,84657,84867,data/interim/bellevue_150th_se38th/tracks_Bellevue_150th_SE38th__2017-09-11_11-08-34.parquet
bellevue_150th_se38th,bellevue_150th_se38th:806762,kmeans,hg_expected_aware_selection,15,False,62df273c6e2c90595b2edec1d3cd73a14695b8069d3ff2eafebfa37ce030e328,829c95c4f0a012d08433536b22379afad4d5a79122e52f8fd6ac12817882167c,fed46c5dd2373c007616d0b84d16f09481578d40cb97339a15a03f6697ba491a,independent-test-v1-20260806T112456+0000-829c95c4f0a0,2026-08-06T11:24:56+00:00,bellevue_150th_se38th:B>E,Bellevue_150th_SE38th__2017-09-11_12-08-38,1888,2850,3073,data/interim/bellevue_150th_se38th/tracks_Bellevue_150th_SE38th__2017-09-11_12-08-38.parquet
bellevue_150th_se38th,bellevue_150th_se38th:808438,kmeans,hg_expected_aware_selection,15,False,62df273c6e2c90595b2edec1d3cd73a14695b8069d3ff2eafebfa37ce030e328,829c95c4f0a012d08433536b22379afad4d5a79122e52f8fd6ac12817882167c,fed46c5dd2373c007616d0b84d16f09481578d40cb97339a15a03f6697ba491a,independent-test-v1-20260806T112456+0000-829c95c4f0a0,2026-08-06T11:24:56+00:00,bellevue_150th_se38th:B>E,Bellevue_150th_SE38th__2017-09-11_12-08-38,3564,5232,5506,data/interim/bellevue_150th_se38th/tracks_Bellevue_150th_SE38th__2017-09-11_12-08-38.parquet
bellevue_150th_se38th,bellevue_150th_se38th:815077,kmeans,hg_expected_aware_selection,15,False,62df273c6e2c90595b2edec1d3cd73a14695b8069d3ff2eafebfa37ce030e328,829c95c4f0a012d08433536b22379afad4d5a79122e52f8fd6ac12817882167c,fed46c5dd2373c007616d0b84d16f09481578d40cb97339a15a03f6697ba491a,independent-test-v1-20260806T112456+0000-829c95c4f0a0,2026-08-06T11:24:56+00:00,bellevue_150th_se38th:B>E,Bellevue_150th_SE38th__2017-09-11_12-08-38,10203,17530,17794,data/interim/bellevue_150th_se38th/tracks_Bellevue_150th_SE38th__2017-09-11_12-08-38.parquet
bellevue_150th_se38th,bellevue_150th_se38th:824497,kmeans,hg_expected_aware_selection,15,False,62df273c6e2c90595b2edec1d3cd73a14695b8069d3ff2eafebfa37ce030e328,829c95c4f0a012d08433536b22379afad4d5a79122e52f8fd6ac12817882167c,fed46c5dd2373c007616d0b84d16f09481578d40cb97339a15a03f6697ba491a,independent-test-v1-20260806T112456+0000-829c95c4f0a0,2026-08-06T11:24:56+00:00,bellevue_150th_se38th:B>E,Bellevue_150th_SE38th__2017-09-11_12-08-38,19623,38151,38432,data/interim/bellevue_150th_se38th/tracks_Bellevue_150th_SE38th__2017-09-11_12-08-38.parquet
bellevue_150th_se38th,bellevue_150th_se38th:831713,kmeans,hg_expected_aware_selection,15,False,62df273c6e2c90595b2edec1d3cd73a14695b8069d3ff2eafebfa37ce030e328,829c95c4f0a012d08433536b22379afad4d5a79122e52f8fd6ac12817882167c,fed46c5dd2373c007616d0b84d16f09481578d40cb97339a15a03f6697ba491a,independent-test-v1-20260806T112456+0000-829c95c4f0a0,2026-08-06T11:24:56+00:00,bellevue_150th_se38th:B>E,Bellevue_150th_SE38th__2017-09-11_12-08-38,26839,50595,50921,data/interim/bellevue_150th_se38th/tracks_Bellevue_150th_SE38th__2017-09-11_12-08-38.parquet
bellevue_150th_se38th,bellevue_150th_se38th:832033,kmeans,hg_expected_aware_selection,15,False,62df273c6e2c90595b2edec1d3cd73a14695b8069d3ff2eafebfa37ce030e328,829c95c4f0a012d08433536b22379afad4d5a79122e52f8fd6ac12817882167c,fed46c5dd2373c007616d0b84d16f09481578d40cb97339a15a03f6697ba491a,independent-test-v1-20260806T112456+0000-829c95c4f0a0,2026-08-06T11:24:56+00:00,bellevue_150th_se38th:B>E,Bellevue_150th_SE38th__2017-09-11_12-08-38,27159,51000,51191,data/interim/bellevue_150th_se38th/tracks_Bellevue_150th_SE38th__2017-09-11_12-08-38.parquet
bellevue_150th_se38th,bellevue_150th_se38th:841825,kmeans,hg_expected_aware_selection,15,False,62df273c6e2c90595b2edec1d3cd73a14695b8069d3ff2eafebfa37ce030e328,829c95c4f0a012d08433536b22379afad4d5a79122e52f8fd6ac12817882167c,fed46c5dd2373c007616d0b84d16f09481578d40cb97339a15a03f6697ba491a,independent-test-v1-20260806T112456+0000-829c95c4f0a0,2026-08-06T11:24:56+00:00,bellevue_150th_se38th:B>E,Bellevue_150th_SE38th__2017-09-11_12-08-38,36951,70392,70671,data/interim/bellevue_150th_se38th/tracks_Bellevue_150th_SE38th__2017-09-11_12-08-38.parquet
bellevue_150th_se38th,bellevue_150th_se38th:841896,kmeans,hg_expected_aware_selection,15,False,62df273c6e2c90595b2edec1d3cd73a14695b8069d3ff2eafebfa37ce030e328,829c95c4f0a012d08433536b22379afad4d5a79122e52f8fd6ac12817882167c,fed46c5dd2373c007616d0b84d16f09481578d40cb97339a15a03f6697ba491a,independent-test-v1-20260806T112456+0000-829c95c4f0a0,2026-08-06T11:24:56+00:00,bellevue_150th_se38th:B>E,Bellevue_150th_SE38th__2017-09-11_12-08-38,37022,70472,70723,data/interim/bellevue_150th_se38th/tracks_Bellevue_150th_SE38th__2017-09-11_12-08-38.parquet
bellevue_150th_se38th,bellevue_150th_se38th:844942,kmeans,hg_expected_aware_selection,15,False,62df273c6e2c90595b2edec1d3cd73a14695b8069d3ff2eafebfa37ce030e328,829c95c4f0a012d08433536b22379afad4d5a79122e52f8fd6ac12817882167c,fed46c5dd2373c007616d0b84d16f09481578d40cb97339a15a03f6697ba491a,independent-test-v1-20260806T112456+0000-829c95c4f0a0,2026-08-06T11:24:56+00:00,bellevue_150th_se38th:B>E,Bellevue_150th_SE38th__2017-09-11_12-08-38,40068,77340,77606,data/interim/bellevue_150th_se38th/tracks_Bellevue_150th_SE38th__2017-09-11_12-08-38.parquet
bellevue_150th_se38th,bellevue_150th_se38th:858731,kmeans,hg_expected_aware_selection,15,False,62df273c6e2c90595b2edec1d3cd73a14695b8069d3ff2eafebfa37ce030e328,829c95c4f0a012d08433536b22379afad4d5a79122e52f8fd6ac12817882167c,fed46c5dd2373c007616d0b84d16f09481578d40cb97339a15a03f6697ba491a,independent-test-v1-20260806T112456+0000-829c95c4f0a0,2026-08-06T11:24:56+00:00,bellevue_150th_se38th:B>E,Bellevue_150th_SE38th__2017-09-11_13-08-32,1122,2917,3133,data/interim/bellevue_150th_se38th/tracks_Bellevue_150th_SE38th__2017-09-11_13-08-32.parquet
bellevue_150th_se38th,bellevue_150th_se38th:867099,kmeans,hg_expected_aware_selection,15,False,62df273c6e2c90595b2edec1d3cd73a14695b8069d3ff2eafebfa37ce030e328,829c95c4f0a012d08433536b22379afad4d5a79122e52f8fd6ac12817882167c,fed46c5dd2373c007616d0b84d16f09481578d40cb97339a15a03f6697ba491a,independent-test-v1-20260806T112456+0000-829c95c4f0a0,2026-08-06T11:24:56+00:00,bellevue_150th_se38th:B>E,Bellevue_150th_SE38th__2017-09-11_13-08-32,9490,23946,24221,data/interim/bellevue_150th_se38th/tracks_Bellevue_150th_SE38th__2017-09-11_13-08-32.parquet
