scene,endpoint_role,n_regions,silhouette,davies_bouldin,n_trajectories,metric_sample_size,random_seed,selected
bellevue_116th_ne12th,entry,3,0.7935155228483332,0.38787769830039637,723,723,20260702,False
bellevue_116th_ne12th,entry,4,0.9176394823524273,0.12859535039214987,723,723,20260702,True
bellevue_116th_ne12th,entry,5,0.815720760656348,0.2666931488553411,723,723,20260702,False
bellevue_116th_ne12th,entry,6,0.7926772720780021,0.34533078675174766,723,723,20260702,False
bellevue_116th_ne12th,entry,7,0.8100198907015557,0.3049942845701509,723,723,20260702,False
bellevue_116th_ne12th,entry,8,0.6543493934017933,0.4766842906243029,723,723,20260702,False
bellevue_116th_ne12th,exit,3,0.750590563760525,0.42091155272330694,723,723,20260719,False
bellevue_116th_ne12th,exit,4,0.911133882771053,0.1339753375521034,723,723,20260719,True
bellevue_116th_ne12th,exit,5,0.7923217640086233,0.3168313560331225,723,723,20260719,False
bellevue_116th_ne12th,exit,6,0.788883641196234,0.33706006186062193,723,723,20260719,False
bellevue_116th_ne12th,exit,7,0.7729459363879788,0.4109794932576442,723,723,20260719,False
bellevue_116th_ne12th,exit,8,0.8011211043711065,0.3559044137420463,723,723,20260719,False
bellevue_150th_newport,entry,3,0.7937008661186861,0.432046242030719,2423,2423,20261702,False
bellevue_150th_newport,entry,4,0.8467299077409189,0.23314299220281146,2423,2423,20261702,True
bellevue_150th_newport,entry,5,0.8418800026481201,0.3251451483968507,2423,2423,20261702,False
bellevue_150th_newport,entry,6,0.7837509284139899,0.36059960854302336,2423,2423,20261702,False
bellevue_150th_newport,entry,7,0.7687023502732062,0.4009229718815033,2423,2423,20261702,False
bellevue_150th_newport,entry,8,0.7345701463375501,0.4420433193650631,2423,2423,20261702,False
bellevue_150th_newport,exit,3,0.9031975047722771,0.16079359537897575,2423,2423,20261719,False
bellevue_150th_newport,exit,4,0.9372345331493621,0.07385005497899727,2423,2423,20261719,True
bellevue_150th_newport,exit,5,0.760552043631691,0.3053700936303976,2423,2423,20261719,False
bellevue_150th_newport,exit,6,0.7578543094553858,0.33299750116596255,2423,2423,20261719,False
bellevue_150th_newport,exit,7,0.6575365014358244,0.4465361999302244,2423,2423,20261719,False
bellevue_150th_newport,exit,8,0.657239920904277,0.43882681371005733,2423,2423,20261719,False
bellevue_150th_eastgate,entry,3,0.8338345889478249,0.2529239339081446,8720,2500,20262702,False
bellevue_150th_eastgate,entry,4,0.8420577638480874,0.22372075470350505,8720,2500,20262702,True
bellevue_150th_eastgate,entry,5,0.759270856144356,0.4298779857057039,8720,2500,20262702,False
bellevue_150th_eastgate,entry,6,0.7373501434082143,0.4107191185930928,8720,2500,20262702,False
bellevue_150th_eastgate,entry,7,0.6876007494478722,0.47311610531135695,8720,2500,20262702,False
bellevue_150th_eastgate,entry,8,0.700284438766725,0.4107115500916023,8720,2500,20262702,False
bellevue_150th_eastgate,exit,3,0.8815401157629044,0.17038012183039508,8720,2500,20262719,False
bellevue_150th_eastgate,exit,4,0.9143584162006646,0.13675501277837604,8720,2500,20262719,True
bellevue_150th_eastgate,exit,5,0.8850549910168968,0.28621915233111683,8720,2500,20262719,False
bellevue_150th_eastgate,exit,6,0.8486919940966494,0.32912041462096314,8720,2500,20262719,False
bellevue_150th_eastgate,exit,7,0.7256142889759042,0.41451251549170476,8720,2500,20262719,False
bellevue_150th_eastgate,exit,8,0.7428438823939408,0.41989510078312425,8720,2500,20262719,False
bellevue_150th_se38th,entry,3,0.6353444096604948,0.6634950309798872,2482,2482,20263702,False
bellevue_150th_se38th,entry,4,0.660436126343086,0.45043039468300977,2482,2482,20263702,False
bellevue_150th_se38th,entry,5,0.7386273949082467,0.36877743114514255,2482,2482,20263702,False
bellevue_150th_se38th,entry,6,0.7580818060961135,0.3194761837516302,2482,2482,20263702,False
bellevue_150th_se38th,entry,7,0.7722736148109542,0.3571146661762201,2482,2482,20263702,True
bellevue_150th_se38th,entry,8,0.7538128307080754,0.40852445423724426,2482,2482,20263702,False
bellevue_150th_se38th,exit,3,0.6890039922252107,0.5867892972951548,2482,2482,20263719,True
bellevue_150th_se38th,exit,4,0.6286438807158029,0.6282920637521419,2482,2482,20263719,False
bellevue_150th_se38th,exit,5,0.6583207970320355,0.5278600336660633,2482,2482,20263719,False
bellevue_150th_se38th,exit,6,0.6815203346571032,0.47917383821770754,2482,2482,20263719,False
bellevue_150th_se38th,exit,7,0.6540685040128815,0.4858367230343714,2482,2482,20263719,False
bellevue_150th_se38th,exit,8,0.667499323440603,0.4725609646900258,2482,2482,20263719,False
bellevue_ne8th,entry,3,0.7678137154256276,0.42257153210533405,5576,2500,20264702,False
bellevue_ne8th,entry,4,0.9093087934373282,0.12820944130577136,5576,2500,20264702,True
bellevue_ne8th,entry,5,0.8437332166860735,0.2599650412921921,5576,2500,20264702,False
bellevue_ne8th,entry,6,0.8380101414317614,0.29691920664762234,5576,2500,20264702,False
bellevue_ne8th,entry,7,0.7064444212198637,0.44377034024045753,5576,2500,20264702,False
bellevue_ne8th,entry,8,0.7968419155351756,0.36068887993472765,5576,2500,20264702,False
bellevue_ne8th,exit,3,0.8455827238685906,0.2899203444217258,5576,2500,20264719,False
bellevue_ne8th,exit,4,0.9341801790206223,0.11062899217590368,5576,2500,20264719,True
bellevue_ne8th,exit,5,0.9115714957271088,0.1717382603017628,5576,2500,20264719,False
bellevue_ne8th,exit,6,0.8940675007557002,0.18973830393879773,5576,2500,20264719,False
bellevue_ne8th,exit,7,0.6895042645215306,0.4243319245252324,5576,2500,20264719,False
bellevue_ne8th,exit,8,0.7136785913341589,0.4031621400769684,5576,2500,20264719,False
