scene,variant_id,role,supernode_id,member_micro_regions,n_micro_regions,n_support,bearing,heading,contains_invalid_descriptor
bellevue_116th_ne12th,A5,entry,entry:S00,2,1,91,-2.02269147640987,-2.2028650425316,False
bellevue_116th_ne12th,A5,entry,entry:S01,0,1,325,-0.0209600802036194,-0.209865143879683,False
bellevue_116th_ne12th,A5,entry,entry:S02,3,1,81,1.57246685328703,0.838600068776466,False
bellevue_116th_ne12th,A5,entry,entry:S03,1,1,226,2.80489478727371,2.7422542343399,False
bellevue_116th_ne12th,A5,exit,exit:S00,2,1,104,-1.4822543950891,0.896654420460308,False
bellevue_116th_ne12th,A5,exit,exit:S01,0,1,223,-0.0172735265975881,2.66077048794953,False
bellevue_116th_ne12th,A5,exit,exit:S02,3,1,114,1.59667826530687,-2.65701533216972,False
bellevue_116th_ne12th,A5,exit,exit:S03,1,1,282,3.13704608334502,-1.04523669339794,False
bellevue_116th_ne12th,A6,entry,entry:S00,2,1,91,-2.02269147640987,-2.2028650425316,False
bellevue_116th_ne12th,A6,entry,entry:S01,0,1,325,-0.0209600802036194,-0.209865143879683,False
bellevue_116th_ne12th,A6,entry,entry:S02,3,1,81,1.57246685328703,0.838600068776466,False
bellevue_116th_ne12th,A6,entry,entry:S03,1,1,226,2.80489478727371,2.7422542343399,False
bellevue_116th_ne12th,A6,exit,exit:S00,2,1,104,-1.4822543950891,0.896654420460308,False
bellevue_116th_ne12th,A6,exit,exit:S01,0,1,223,-0.0172735265975881,2.66077048794953,False
bellevue_116th_ne12th,A6,exit,exit:S02,3,1,114,1.59667826530687,-2.65701533216972,False
bellevue_116th_ne12th,A6,exit,exit:S03,1,1,282,3.13704608334502,-1.04523669339794,False
bellevue_116th_ne12th,A7,entry,entry:S00,0;1;2;3,4,723,1.57246685328703,-0.209865143879683,False
bellevue_116th_ne12th,A7,exit,exit:S00,0;1;2;3,4,723,-1.4822543950891,-2.65701533216972,False
bellevue_116th_ne12th,A9,entry,entry:S00,2,1,91,-2.02269147640987,1.902343447993,False
bellevue_116th_ne12th,A9,entry,entry:S01,0,1,325,-0.0209600802036194,-2.88656748482245,False
bellevue_116th_ne12th,A9,entry,entry:S02,3,1,81,1.57246685328703,-1.64553962676289,False
bellevue_116th_ne12th,A9,entry,entry:S03,1,1,226,2.80489478727371,-0.18706831366955,False
bellevue_116th_ne12th,A9,exit,exit:S00,2,1,104,-1.4822543950891,-1.62005784859565,False
bellevue_116th_ne12th,A9,exit,exit:S01,0,1,223,-0.0172735265975881,-0.510546291917501,False
bellevue_116th_ne12th,A9,exit,exit:S02,3,1,114,1.59667826530687,1.3371748539839,False
bellevue_116th_ne12th,A9,exit,exit:S03,1,1,282,3.13704608334502,2.74279101084982,False
bellevue_116th_ne12th,sensitivity_heading_w3,entry,entry:S00,2,1,91,-2.02269147640987,-2.20555099849337,False
bellevue_116th_ne12th,sensitivity_heading_w3,entry,entry:S01,0,1,325,-0.0209600802036194,-0.198811491344781,False
bellevue_116th_ne12th,sensitivity_heading_w3,entry,entry:S02,3,1,81,1.57246685328703,0.796159712412425,False
bellevue_116th_ne12th,sensitivity_heading_w3,entry,entry:S03,1,1,226,2.80489478727371,2.71176837142357,False
bellevue_116th_ne12th,sensitivity_heading_w3,exit,exit:S00,2,1,104,-1.4822543950891,0.890872272121012,False
bellevue_116th_ne12th,sensitivity_heading_w3,exit,exit:S01,0,1,223,-0.0172735265975881,2.66614623126731,False
bellevue_116th_ne12th,sensitivity_heading_w3,exit,exit:S02,3,1,114,1.59667826530687,-2.63040841370627,False
bellevue_116th_ne12th,sensitivity_heading_w3,exit,exit:S03,1,1,282,3.13704608334502,-1.06143630919784,False
bellevue_116th_ne12th,sensitivity_heading_w7,entry,entry:S00,2,1,91,-2.02269147640987,-2.21532368402773,False
bellevue_116th_ne12th,sensitivity_heading_w7,entry,entry:S01,0,1,325,-0.0209600802036194,-0.227076147707191,False
bellevue_116th_ne12th,sensitivity_heading_w7,entry,entry:S02,3,1,81,1.57246685328703,0.787029558648463,False
bellevue_116th_ne12th,sensitivity_heading_w7,entry,entry:S03,1,1,226,2.80489478727371,2.75681806260806,False
bellevue_116th_ne12th,sensitivity_heading_w7,exit,exit:S00,2,1,104,-1.4822543950891,0.887192599364841,False
bellevue_116th_ne12th,sensitivity_heading_w7,exit,exit:S01,0,1,223,-0.0172735265975881,2.65484288922531,False
bellevue_116th_ne12th,sensitivity_heading_w7,exit,exit:S02,3,1,114,1.59667826530687,-2.68304370278302,False
bellevue_116th_ne12th,sensitivity_heading_w7,exit,exit:S03,1,1,282,3.13704608334502,-1.02818744710505,False
bellevue_116th_ne12th,sensitivity_self_consistency_q090,entry,entry:S00,2,1,91,-2.02269147640987,-2.2028650425316,False
bellevue_116th_ne12th,sensitivity_self_consistency_q090,entry,entry:S01,0,1,325,-0.0209600802036194,-0.209865143879683,False
bellevue_116th_ne12th,sensitivity_self_consistency_q090,entry,entry:S02,3,1,81,1.57246685328703,0.838600068776466,False
bellevue_116th_ne12th,sensitivity_self_consistency_q090,entry,entry:S03,1,1,226,2.80489478727371,2.7422542343399,False
bellevue_116th_ne12th,sensitivity_self_consistency_q090,exit,exit:S00,2,1,104,-1.4822543950891,0.896654420460308,False
bellevue_116th_ne12th,sensitivity_self_consistency_q090,exit,exit:S01,0,1,223,-0.0172735265975881,2.66077048794953,False
bellevue_116th_ne12th,sensitivity_self_consistency_q090,exit,exit:S02,3,1,114,1.59667826530687,-2.65701533216972,False
bellevue_116th_ne12th,sensitivity_self_consistency_q090,exit,exit:S03,1,1,282,3.13704608334502,-1.04523669339794,False
bellevue_116th_ne12th,sensitivity_self_consistency_q0975,entry,entry:S00,2,1,91,-2.02269147640987,-2.2028650425316,False
bellevue_116th_ne12th,sensitivity_self_consistency_q0975,entry,entry:S01,0,1,325,-0.0209600802036194,-0.209865143879683,False
bellevue_116th_ne12th,sensitivity_self_consistency_q0975,entry,entry:S02,3,1,81,1.57246685328703,0.838600068776466,False
bellevue_116th_ne12th,sensitivity_self_consistency_q0975,entry,entry:S03,1,1,226,2.80489478727371,2.7422542343399,False
bellevue_116th_ne12th,sensitivity_self_consistency_q0975,exit,exit:S00,2,1,104,-1.4822543950891,0.896654420460308,False
bellevue_116th_ne12th,sensitivity_self_consistency_q0975,exit,exit:S01,0,1,223,-0.0172735265975881,2.66077048794953,False
bellevue_116th_ne12th,sensitivity_self_consistency_q0975,exit,exit:S02,3,1,114,1.59667826530687,-2.65701533216972,False
bellevue_116th_ne12th,sensitivity_self_consistency_q0975,exit,exit:S03,1,1,282,3.13704608334502,-1.04523669339794,False
bellevue_150th_newport,A5,entry,entry:S00,0,1,1198,-1.59534332541616,1.99971578152765,False
bellevue_150th_newport,A5,entry,entry:S01,3,1,127,0.305424570070566,2.57895591172517,False
bellevue_150th_newport,A5,entry,entry:S02,1;2,2,1098,1.30892741170547,-1.83895342420193,False
bellevue_150th_newport,A5,exit,exit:S00,0,1,421,-3.11835260402302,2.4759068807407,False
bellevue_150th_newport,A5,exit,exit:S01,1,1,737,-1.3714270119681,-2.56242705973113,False
bellevue_150th_newport,A5,exit,exit:S02,3,1,149,-0.544599902388466,-1.42471143079452,False
bellevue_150th_newport,A5,exit,exit:S03,2,1,1116,1.60856607850344,1.67579501222331,False
bellevue_150th_newport,A6,entry,entry:S00,0,1,1198,-1.59534332541616,1.99971578152765,False
bellevue_150th_newport,A6,entry,entry:S01,3,1,127,0.305424570070566,2.57895591172517,False
bellevue_150th_newport,A6,entry,entry:S02,1;2,2,1098,1.30892741170547,-1.83895342420193,False
bellevue_150th_newport,A6,exit,exit:S00,0,1,421,-3.11835260402302,2.4759068807407,False
bellevue_150th_newport,A6,exit,exit:S01,1,1,737,-1.3714270119681,-2.56242705973113,False
bellevue_150th_newport,A6,exit,exit:S02,3,1,149,-0.544599902388466,-1.42471143079452,False
bellevue_150th_newport,A6,exit,exit:S03,2,1,1116,1.60856607850344,1.67579501222331,False
bellevue_150th_newport,A7,entry,entry:S00,0;1;2;3,4,2423,0.305424570070566,1.99971578152765,False
bellevue_150th_newport,A7,exit,exit:S00,1;3,2,886,-1.3714270119681,-2.56242705973113,False
bellevue_150th_newport,A7,exit,exit:S01,0;2,2,1537,-3.11835260402302,1.67579501222331,False
bellevue_150th_newport,A9,entry,entry:S00,0,1,1198,-1.59534332541616,1.66602981353194,False
bellevue_150th_newport,A9,entry,entry:S01,3,1,127,0.305424570070566,2.52153070451443,False
bellevue_150th_newport,A9,entry,entry:S02,1;2,2,1098,1.30892741170547,-1.08244319413401,False
bellevue_150th_newport,A9,exit,exit:S00,0,1,421,-3.11835260402302,1.55984107795774,False
bellevue_150th_newport,A9,exit,exit:S01,1,1,737,-1.3714270119681,-1.78969929927103,False
bellevue_150th_newport,A9,exit,exit:S02,3,1,149,-0.544599902388466,-0.844287507478815,False
bellevue_150th_newport,A9,exit,exit:S03,2,1,1116,1.60856607850344,1.40045039288963,False
bellevue_150th_newport,sensitivity_heading_w3,entry,entry:S00,0,1,1198,-1.59534332541616,2.00175467050562,False
bellevue_150th_newport,sensitivity_heading_w3,entry,entry:S01,3,1,127,0.305424570070566,2.56166937187107,False
bellevue_150th_newport,sensitivity_heading_w3,entry,entry:S02,1;2,2,1098,1.30892741170547,-1.80482942085639,False
bellevue_150th_newport,sensitivity_heading_w3,exit,exit:S00,0,1,421,-3.11835260402302,2.47201382409532,False
bellevue_150th_newport,sensitivity_heading_w3,exit,exit:S01,1,1,737,-1.3714270119681,-2.56458022246253,False
bellevue_150th_newport,sensitivity_heading_w3,exit,exit:S02,3,1,149,-0.544599902388466,-1.42823084851743,False
bellevue_150th_newport,sensitivity_heading_w3,exit,exit:S03,2,1,1116,1.60856607850344,1.66037405775114,False
bellevue_150th_newport,sensitivity_heading_w7,entry,entry:S00,0,1,1198,-1.59534332541616,2.00122241584096,False
bellevue_150th_newport,sensitivity_heading_w7,entry,entry:S01,3,1,127,0.305424570070566,2.52672088995185,False
bellevue_150th_newport,sensitivity_heading_w7,entry,entry:S02,1;2,2,1098,1.30892741170547,-1.8823033898923,False
bellevue_150th_newport,sensitivity_heading_w7,exit,exit:S00,0,1,421,-3.11835260402302,2.47903743845227,False
bellevue_150th_newport,sensitivity_heading_w7,exit,exit:S01,1,1,737,-1.3714270119681,-2.55084167758721,False
bellevue_150th_newport,sensitivity_heading_w7,exit,exit:S02,3,1,149,-0.544599902388466,-1.37716649751857,False
bellevue_150th_newport,sensitivity_heading_w7,exit,exit:S03,2,1,1116,1.60856607850344,1.69345907022555,False
bellevue_150th_newport,sensitivity_self_consistency_q090,entry,entry:S00,0,1,1198,-1.59534332541616,1.99971578152765,False
bellevue_150th_newport,sensitivity_self_consistency_q090,entry,entry:S01,3,1,127,0.305424570070566,2.57895591172517,False
bellevue_150th_newport,sensitivity_self_consistency_q090,entry,entry:S02,1,1,591,1.30892741170547,-1.83895342420193,False
bellevue_150th_newport,sensitivity_self_consistency_q090,entry,entry:S03,2,1,507,2.03341899950301,-0.267730866471203,False
bellevue_150th_newport,sensitivity_self_consistency_q090,exit,exit:S00,0,1,421,-3.11835260402302,2.4759068807407,False
bellevue_150th_newport,sensitivity_self_consistency_q090,exit,exit:S01,1,1,737,-1.3714270119681,-2.56242705973113,False
bellevue_150th_newport,sensitivity_self_consistency_q090,exit,exit:S02,3,1,149,-0.544599902388466,-1.42471143079452,False
bellevue_150th_newport,sensitivity_self_consistency_q090,exit,exit:S03,2,1,1116,1.60856607850344,1.67579501222331,False
bellevue_150th_newport,sensitivity_self_consistency_q0975,entry,entry:S00,0,1,1198,-1.59534332541616,1.99971578152765,False
bellevue_150th_newport,sensitivity_self_consistency_q0975,entry,entry:S01,3,1,127,0.305424570070566,2.57895591172517,False
bellevue_150th_newport,sensitivity_self_consistency_q0975,entry,entry:S02,1;2,2,1098,1.30892741170547,-1.83895342420193,False
bellevue_150th_newport,sensitivity_self_consistency_q0975,exit,exit:S00,0,1,421,-3.11835260402302,2.4759068807407,False
bellevue_150th_newport,sensitivity_self_consistency_q0975,exit,exit:S01,1,1,737,-1.3714270119681,-2.56242705973113,False
bellevue_150th_newport,sensitivity_self_consistency_q0975,exit,exit:S02,3,1,149,-0.544599902388466,-1.42471143079452,False
bellevue_150th_newport,sensitivity_self_consistency_q0975,exit,exit:S03,2,1,1116,1.60856607850344,1.67579501222331,False
bellevue_150th_eastgate,A5,entry,entry:S00,1,1,2170,-2.63754347725791,2.55994480625311,False
bellevue_150th_eastgate,A5,entry,entry:S01,2,1,2750,-0.133914685463751,-2.3732881932595,False
bellevue_150th_eastgate,A5,entry,entry:S02,0,1,3202,1.56955973900181,-0.821413290981334,False
bellevue_150th_eastgate,A5,entry,entry:S03,3,1,598,2.79944950968421,0.498352009057768,False
bellevue_150th_eastgate,A5,exit,exit:S00,2,1,3421,-1.58877012042934,-1.44112585084454,False
bellevue_150th_eastgate,A5,exit,exit:S01,3,1,434,0.0193790042359581,0.904034111584004,False
bellevue_150th_eastgate,A5,exit,exit:S02,0,1,3011,1.0737763339524,2.06403083132268,False
bellevue_150th_eastgate,A5,exit,exit:S03,1,1,1854,3.11867412852411,-3.1362699853088,False
bellevue_150th_eastgate,A6,entry,entry:S00,1,1,2170,-2.63754347725791,2.55994480625311,False
bellevue_150th_eastgate,A6,entry,entry:S01,2,1,2750,-0.133914685463751,-2.3732881932595,False
bellevue_150th_eastgate,A6,entry,entry:S02,0,1,3202,1.56955973900181,-0.821413290981334,False
bellevue_150th_eastgate,A6,entry,entry:S03,3,1,598,2.79944950968421,0.498352009057768,False
bellevue_150th_eastgate,A6,exit,exit:S00,2,1,3421,-1.58877012042934,-1.44112585084454,False
bellevue_150th_eastgate,A6,exit,exit:S01,3,1,434,0.0193790042359581,0.904034111584004,False
bellevue_150th_eastgate,A6,exit,exit:S02,0,1,3011,1.0737763339524,2.06403083132268,False
bellevue_150th_eastgate,A6,exit,exit:S03,1,1,1854,3.11867412852411,-3.1362699853088,False
bellevue_150th_eastgate,A7,entry,entry:S00,1;2,2,4920,-2.63754347725791,-2.3732881932595,False
bellevue_150th_eastgate,A7,entry,entry:S01,0;3,2,3800,1.56955973900181,-0.821413290981334,False
bellevue_150th_eastgate,A7,exit,exit:S00,1;2,2,5275,-1.58877012042934,-3.1362699853088,False
bellevue_150th_eastgate,A7,exit,exit:S01,0;3,2,3445,0.0193790042359581,0.904034111584004,False
bellevue_150th_eastgate,A9,entry,entry:S00,1,1,2170,-2.63754347725791,1.16548347741281,False
bellevue_150th_eastgate,A9,entry,entry:S01,2,1,2750,-0.133914685463751,-2.78297530578562,False
bellevue_150th_eastgate,A9,entry,entry:S02,0,1,3202,1.56955973900181,-1.94694103639911,False
bellevue_150th_eastgate,A9,entry,entry:S03,3,1,598,2.79944950968421,-0.213963374442424,False
bellevue_150th_eastgate,A9,exit,exit:S00,2,1,3421,-1.58877012042934,-2.27387068883088,False
bellevue_150th_eastgate,A9,exit,exit:S01,3,1,434,0.0193790042359581,0.0656434266537822,False
bellevue_150th_eastgate,A9,exit,exit:S02,0,1,3011,1.0737763339524,0.279573126050721,False
bellevue_150th_eastgate,A9,exit,exit:S03,1,1,1854,3.11867412852411,2.41875259870782,False
bellevue_150th_eastgate,sensitivity_heading_w3,entry,entry:S00,1,1,2170,-2.63754347725791,2.55897525454495,False
bellevue_150th_eastgate,sensitivity_heading_w3,entry,entry:S01,2,1,2750,-0.133914685463751,-2.35694222867521,False
bellevue_150th_eastgate,sensitivity_heading_w3,entry,entry:S02,0,1,3202,1.56955973900181,-0.85405511583671,False
bellevue_150th_eastgate,sensitivity_heading_w3,entry,entry:S03,3,1,598,2.79944950968421,0.500247322587563,False
bellevue_150th_eastgate,sensitivity_heading_w3,exit,exit:S00,2,1,3421,-1.58877012042934,-1.4417840527238,False
bellevue_150th_eastgate,sensitivity_heading_w3,exit,exit:S01,3,1,434,0.0193790042359581,0.924809192085124,False
bellevue_150th_eastgate,sensitivity_heading_w3,exit,exit:S02,0,1,3011,1.0737763339524,2.04661643925988,False
bellevue_150th_eastgate,sensitivity_heading_w3,exit,exit:S03,1,1,1854,3.11867412852411,3.13468718856177,False
bellevue_150th_eastgate,sensitivity_heading_w7,entry,entry:S00,1,1,2170,-2.63754347725791,2.56430059627254,False
bellevue_150th_eastgate,sensitivity_heading_w7,entry,entry:S01,2,1,2750,-0.133914685463751,-2.3968627155102,False
bellevue_150th_eastgate,sensitivity_heading_w7,entry,entry:S02,0,1,3202,1.56955973900181,-0.791409837938412,False
bellevue_150th_eastgate,sensitivity_heading_w7,entry,entry:S03,3,1,598,2.79944950968421,0.562073235380977,False
bellevue_150th_eastgate,sensitivity_heading_w7,exit,exit:S00,2,1,3421,-1.58877012042934,-1.44092311895796,False
bellevue_150th_eastgate,sensitivity_heading_w7,exit,exit:S01,3,1,434,0.0193790042359581,0.885515836803386,False
bellevue_150th_eastgate,sensitivity_heading_w7,exit,exit:S02,0,1,3011,1.0737763339524,2.07580946602912,False
bellevue_150th_eastgate,sensitivity_heading_w7,exit,exit:S03,1,1,1854,3.11867412852411,-3.12689454053818,False
bellevue_150th_eastgate,sensitivity_self_consistency_q090,entry,entry:S00,1,1,2170,-2.63754347725791,2.55994480625311,False
bellevue_150th_eastgate,sensitivity_self_consistency_q090,entry,entry:S01,2,1,2750,-0.133914685463751,-2.3732881932595,False
bellevue_150th_eastgate,sensitivity_self_consistency_q090,entry,entry:S02,0,1,3202,1.56955973900181,-0.821413290981334,False
bellevue_150th_eastgate,sensitivity_self_consistency_q090,entry,entry:S03,3,1,598,2.79944950968421,0.498352009057768,False
bellevue_150th_eastgate,sensitivity_self_consistency_q090,exit,exit:S00,2,1,3421,-1.58877012042934,-1.44112585084454,False
bellevue_150th_eastgate,sensitivity_self_consistency_q090,exit,exit:S01,3,1,434,0.0193790042359581,0.904034111584004,False
bellevue_150th_eastgate,sensitivity_self_consistency_q090,exit,exit:S02,0,1,3011,1.0737763339524,2.06403083132268,False
bellevue_150th_eastgate,sensitivity_self_consistency_q090,exit,exit:S03,1,1,1854,3.11867412852411,-3.1362699853088,False
bellevue_150th_eastgate,sensitivity_self_consistency_q0975,entry,entry:S00,1,1,2170,-2.63754347725791,2.55994480625311,False
bellevue_150th_eastgate,sensitivity_self_consistency_q0975,entry,entry:S01,2,1,2750,-0.133914685463751,-2.3732881932595,False
bellevue_150th_eastgate,sensitivity_self_consistency_q0975,entry,entry:S02,0,1,3202,1.56955973900181,-0.821413290981334,False
bellevue_150th_eastgate,sensitivity_self_consistency_q0975,entry,entry:S03,3,1,598,2.79944950968421,0.498352009057768,False
bellevue_150th_eastgate,sensitivity_self_consistency_q0975,exit,exit:S00,2,1,3421,-1.58877012042934,-1.44112585084454,False
bellevue_150th_eastgate,sensitivity_self_consistency_q0975,exit,exit:S01,3,1,434,0.0193790042359581,0.904034111584004,False
bellevue_150th_eastgate,sensitivity_self_consistency_q0975,exit,exit:S02,0,1,3011,1.0737763339524,2.06403083132268,False
bellevue_150th_eastgate,sensitivity_self_consistency_q0975,exit,exit:S03,1,1,1854,3.11867412852411,-3.1362699853088,False
bellevue_150th_se38th,A5,entry,entry:S00,0,1,778,-2.37866545384355,-2.74436106999682,False
bellevue_150th_se38th,A5,entry,entry:S01,2,1,369,-1.4366680268086,-2.87461081358183,False
bellevue_150th_se38th,A5,entry,entry:S02,6,1,184,0.0793969655772577,-3.01592990259868,False
bellevue_150th_se38th,A5,entry,entry:S03,1;3,2,846,1.03330739149219,-1.18368887193517,False
bellevue_150th_se38th,A5,entry,entry:S04,4;5,2,305,2.40859200175555,-3.05688896439837,False
bellevue_150th_se38th,A5,exit,exit:S00,1;2,2,1288,-2.0605317200808,-2.75819897516118,False
bellevue_150th_se38th,A5,exit,exit:S01,0,1,1194,1.84353165694985,-2.78592178072586,False
bellevue_150th_se38th,A6,entry,entry:S00,0,1,778,-2.37866545384355,-2.74436106999682,False
bellevue_150th_se38th,A6,entry,entry:S01,2,1,369,-1.4366680268086,-2.87461081358183,False
bellevue_150th_se38th,A6,entry,entry:S02,6,1,184,0.0793969655772577,-3.01592990259868,False
bellevue_150th_se38th,A6,entry,entry:S03,1;3,2,846,1.03330739149219,-1.18368887193517,False
bellevue_150th_se38th,A6,entry,entry:S04,4;5,2,305,2.40859200175555,-3.05688896439837,False
bellevue_150th_se38th,A6,exit,exit:S00,1;2,2,1288,-2.0605317200808,-2.75819897516118,False
bellevue_150th_se38th,A6,exit,exit:S01,0,1,1194,1.84353165694985,-2.78592178072586,False
bellevue_150th_se38th,A7,entry,entry:S00,0;1;2;3;4;5;6,7,2482,2.40859200175555,-3.01592990259868,False
bellevue_150th_se38th,A7,exit,exit:S00,0;1;2,3,2482,-2.0605317200808,-2.75819897516118,False
bellevue_150th_se38th,A9,entry,entry:S00,0,1,778,-2.37866545384355,2.18326476673211,False
bellevue_150th_se38th,A9,entry,entry:S01,2,1,369,-1.4366680268086,1.78798836809048,False
bellevue_150th_se38th,A9,entry,entry:S02,6,1,184,0.0793969655772577,1.46407449088571,False
bellevue_150th_se38th,A9,entry,entry:S03,1;3,2,846,1.03330739149219,-1.22647228889288,False
bellevue_150th_se38th,A9,entry,entry:S04,4;5,2,305,2.40859200175555,0.571635723485583,False
bellevue_150th_se38th,A9,exit,exit:S00,1;2,2,1288,-2.0605317200808,-1.64135602014623,False
bellevue_150th_se38th,A9,exit,exit:S01,0,1,1194,1.84353165694985,1.77315360973068,False
bellevue_150th_se38th,sensitivity_heading_w3,entry,entry:S00,0,1,778,-2.37866545384355,-2.75828684312358,False
bellevue_150th_se38th,sensitivity_heading_w3,entry,entry:S01,2,1,369,-1.4366680268086,-2.91611852379091,False
bellevue_150th_se38th,sensitivity_heading_w3,entry,entry:S02,6,1,184,0.0793969655772577,-3.04468878483247,False
bellevue_150th_se38th,sensitivity_heading_w3,entry,entry:S03,1;3,2,846,1.03330739149219,-1.2261821399092,False
bellevue_150th_se38th,sensitivity_heading_w3,entry,entry:S04,4;5,2,305,2.40859200175555,-3.05778150645097,False
bellevue_150th_se38th,sensitivity_heading_w3,exit,exit:S00,1;2,2,1288,-2.0605317200808,-2.75419670911087,False
bellevue_150th_se38th,sensitivity_heading_w3,exit,exit:S01,0,1,1194,1.84353165694985,-2.77255318256108,False
bellevue_150th_se38th,sensitivity_heading_w7,entry,entry:S00,0,1,778,-2.37866545384355,-2.72688463038417,False
bellevue_150th_se38th,sensitivity_heading_w7,entry,entry:S01,2,1,369,-1.4366680268086,-2.83737219464142,False
bellevue_150th_se38th,sensitivity_heading_w7,entry,entry:S02,6,1,184,0.0793969655772577,-3.00069454063453,False
bellevue_150th_se38th,sensitivity_heading_w7,entry,entry:S03,1;3,2,846,1.03330739149219,-1.16493631780583,False
bellevue_150th_se38th,sensitivity_heading_w7,entry,entry:S04,4;5,2,305,2.40859200175555,-3.06801503457173,False
bellevue_150th_se38th,sensitivity_heading_w7,exit,exit:S00,1;2,2,1288,-2.0605317200808,-2.79541575658268,False
bellevue_150th_se38th,sensitivity_heading_w7,exit,exit:S01,0,1,1194,1.84353165694985,-2.7947164184324,False
bellevue_150th_se38th,sensitivity_self_consistency_q090,entry,entry:S00,0,1,778,-2.37866545384355,-2.74436106999682,False
bellevue_150th_se38th,sensitivity_self_consistency_q090,entry,entry:S01,2,1,369,-1.4366680268086,-2.87461081358183,False
bellevue_150th_se38th,sensitivity_self_consistency_q090,entry,entry:S02,6,1,184,0.0793969655772577,-3.01592990259868,False
bellevue_150th_se38th,sensitivity_self_consistency_q090,entry,entry:S03,1,1,242,1.03330739149219,-1.18368887193517,False
bellevue_150th_se38th,sensitivity_self_consistency_q090,entry,entry:S04,3,1,604,1.50821515053217,0.748583668546979,False
bellevue_150th_se38th,sensitivity_self_consistency_q090,entry,entry:S05,4;5,2,305,2.40859200175555,-3.05688896439837,False
bellevue_150th_se38th,sensitivity_self_consistency_q090,exit,exit:S00,1;2,2,1288,-2.0605317200808,-2.75819897516118,False
bellevue_150th_se38th,sensitivity_self_consistency_q090,exit,exit:S01,0,1,1194,1.84353165694985,-2.78592178072586,False
bellevue_150th_se38th,sensitivity_self_consistency_q0975,entry,entry:S00,0;2,2,1147,-2.37866545384355,-2.87461081358183,False
bellevue_150th_se38th,sensitivity_self_consistency_q0975,entry,entry:S01,6,1,184,0.0793969655772577,-3.01592990259868,False
bellevue_150th_se38th,sensitivity_self_consistency_q0975,entry,entry:S02,1;3,2,846,1.03330739149219,-1.18368887193517,False
bellevue_150th_se38th,sensitivity_self_consistency_q0975,entry,entry:S03,4;5,2,305,2.40859200175555,-3.05688896439837,False
bellevue_150th_se38th,sensitivity_self_consistency_q0975,exit,exit:S00,1;2,2,1288,-2.0605317200808,-2.75819897516118,False
bellevue_150th_se38th,sensitivity_self_consistency_q0975,exit,exit:S01,0,1,1194,1.84353165694985,-2.78592178072586,False
bellevue_ne8th,A5,entry,entry:S00,2,1,1059,-1.57039587966907,0.214398227242663,False
bellevue_ne8th,A5,entry,entry:S01,1,1,1394,-0.0471157713790933,1.1971367069669,False
bellevue_ne8th,A5,entry,entry:S02,3,1,851,1.29807969966102,-3.1046006271426,False
bellevue_ne8th,A5,entry,entry:S03,0,1,2272,2.96451441582228,-2.11978701388204,False
bellevue_ne8th,A5,exit,exit:S00,3,1,1139,-2.35322696026274,1.2774682206398,False
bellevue_ne8th,A5,exit,exit:S01,0,1,1293,-1.57013833392016,2.85440971177635,False
bellevue_ne8th,A5,exit,exit:S02,1,1,2116,0.00985665045594164,-2.45504355459313,False
bellevue_ne8th,A5,exit,exit:S03,2,1,1028,1.99302293931079,-0.351095903523214,False
bellevue_ne8th,A6,entry,entry:S00,2,1,1059,-1.57039587966907,0.214398227242663,False
bellevue_ne8th,A6,entry,entry:S01,1,1,1394,-0.0471157713790933,1.1971367069669,False
bellevue_ne8th,A6,entry,entry:S02,3,1,851,1.29807969966102,-3.1046006271426,False
bellevue_ne8th,A6,entry,entry:S03,0,1,2272,2.96451441582228,-2.11978701388204,False
bellevue_ne8th,A6,exit,exit:S00,3,1,1139,-2.35322696026274,1.2774682206398,False
bellevue_ne8th,A6,exit,exit:S01,0,1,1293,-1.57013833392016,2.85440971177635,False
bellevue_ne8th,A6,exit,exit:S02,1,1,2116,0.00985665045594164,-2.45504355459313,False
bellevue_ne8th,A6,exit,exit:S03,2,1,1028,1.99302293931079,-0.351095903523214,False
bellevue_ne8th,A7,entry,entry:S00,0;1;2;3,4,5576,-0.0471157713790933,-3.1046006271426,False
bellevue_ne8th,A7,exit,exit:S00,3,1,1139,-2.35322696026274,1.2774682206398,False
bellevue_ne8th,A7,exit,exit:S01,0;1,2,3409,-1.57013833392016,-2.45504355459313,False
bellevue_ne8th,A7,exit,exit:S02,2,1,1028,1.99302293931079,-0.351095903523214,False
bellevue_ne8th,A9,entry,entry:S00,2,1,1059,-1.57039587966907,1.96668379639721,False
bellevue_ne8th,A9,entry,entry:S01,1,1,1394,-0.0471157713790933,-3.12083856392861,False
bellevue_ne8th,A9,entry,entry:S02,3,1,851,1.29807969966102,-1.34940356115315,False
bellevue_ne8th,A9,entry,entry:S03,0,1,2272,2.96451441582228,0.321400189955924,False
bellevue_ne8th,A9,exit,exit:S00,3,1,1139,-2.35322696026274,-3.08566007916292,False
bellevue_ne8th,A9,exit,exit:S01,0,1,1293,-1.57013833392016,-2.13655385932051,False
bellevue_ne8th,A9,exit,exit:S02,1,1,2116,0.00985665045594164,0.0146699615599086,False
bellevue_ne8th,A9,exit,exit:S03,2,1,1028,1.99302293931079,1.37855494593554,False
bellevue_ne8th,sensitivity_heading_w3,entry,entry:S00,2,1,1059,-1.57039587966907,0.239345406668921,False
bellevue_ne8th,sensitivity_heading_w3,entry,entry:S01,1,1,1394,-0.0471157713790933,1.19640829243903,False
bellevue_ne8th,sensitivity_heading_w3,entry,entry:S02,3,1,851,1.29807969966102,-3.1021620369044,False
bellevue_ne8th,sensitivity_heading_w3,entry,entry:S03,0,1,2272,2.96451441582228,-2.10942365674335,False
bellevue_ne8th,sensitivity_heading_w3,exit,exit:S00,3,1,1139,-2.35322696026274,1.29923942672107,False
bellevue_ne8th,sensitivity_heading_w3,exit,exit:S01,0,1,1293,-1.57013833392016,2.85902673532645,False
bellevue_ne8th,sensitivity_heading_w3,exit,exit:S02,1,1,2116,0.00985665045594164,-2.43955760014455,False
bellevue_ne8th,sensitivity_heading_w3,exit,exit:S03,2,1,1028,1.99302293931079,-0.357488779020313,False
bellevue_ne8th,sensitivity_heading_w7,entry,entry:S00,2,1,1059,-1.57039587966907,0.185155989095843,False
bellevue_ne8th,sensitivity_heading_w7,entry,entry:S01,1,1,1394,-0.0471157713790933,1.20256001207043,False
bellevue_ne8th,sensitivity_heading_w7,entry,entry:S02,3,1,851,1.29807969966102,-3.10865846304142,False
bellevue_ne8th,sensitivity_heading_w7,entry,entry:S03,0,1,2272,2.96451441582228,-2.1296587479041,False
bellevue_ne8th,sensitivity_heading_w7,exit,exit:S00,3,1,1139,-2.35322696026274,1.25953728661717,False
bellevue_ne8th,sensitivity_heading_w7,exit,exit:S01,0,1,1293,-1.57013833392016,2.84320021048089,False
bellevue_ne8th,sensitivity_heading_w7,exit,exit:S02,1,1,2116,0.00985665045594164,-2.46998171591559,False
bellevue_ne8th,sensitivity_heading_w7,exit,exit:S03,2,1,1028,1.99302293931079,-0.343984510416113,False
bellevue_ne8th,sensitivity_self_consistency_q090,entry,entry:S00,2,1,1059,-1.57039587966907,0.214398227242663,False
bellevue_ne8th,sensitivity_self_consistency_q090,entry,entry:S01,1,1,1394,-0.0471157713790933,1.1971367069669,False
bellevue_ne8th,sensitivity_self_consistency_q090,entry,entry:S02,3,1,851,1.29807969966102,-3.1046006271426,False
bellevue_ne8th,sensitivity_self_consistency_q090,entry,entry:S03,0,1,2272,2.96451441582228,-2.11978701388204,False
bellevue_ne8th,sensitivity_self_consistency_q090,exit,exit:S00,3,1,1139,-2.35322696026274,1.2774682206398,False
bellevue_ne8th,sensitivity_self_consistency_q090,exit,exit:S01,0,1,1293,-1.57013833392016,2.85440971177635,False
bellevue_ne8th,sensitivity_self_consistency_q090,exit,exit:S02,1,1,2116,0.00985665045594164,-2.45504355459313,False
bellevue_ne8th,sensitivity_self_consistency_q090,exit,exit:S03,2,1,1028,1.99302293931079,-0.351095903523214,False
bellevue_ne8th,sensitivity_self_consistency_q0975,entry,entry:S00,2,1,1059,-1.57039587966907,0.214398227242663,False
bellevue_ne8th,sensitivity_self_consistency_q0975,entry,entry:S01,1,1,1394,-0.0471157713790933,1.1971367069669,False
bellevue_ne8th,sensitivity_self_consistency_q0975,entry,entry:S02,3,1,851,1.29807969966102,-3.1046006271426,False
bellevue_ne8th,sensitivity_self_consistency_q0975,entry,entry:S03,0,1,2272,2.96451441582228,-2.11978701388204,False
bellevue_ne8th,sensitivity_self_consistency_q0975,exit,exit:S00,3,1,1139,-2.35322696026274,1.2774682206398,False
bellevue_ne8th,sensitivity_self_consistency_q0975,exit,exit:S01,0,1,1293,-1.57013833392016,2.85440971177635,False
bellevue_ne8th,sensitivity_self_consistency_q0975,exit,exit:S02,1,1,2116,0.00985665045594164,-2.45504355459313,False
bellevue_ne8th,sensitivity_self_consistency_q0975,exit,exit:S03,2,1,1028,1.99302293931079,-0.351095903523214,False
