source,source_row,scene,method,selection_strategy,trial_index,expected_target,cluster_count_error,pct_outliers,largest_cluster_ratio,silhouette_clustered_only,davies_bouldin_clustered_only,T,O,B,S,D,stored_EMAS_HG,recomputed_EMAS_HG,absolute_difference,tolerance,within_tolerance
development_candidates,0,bellevue_116th_ne12th,kmeans,,1.0,10,8,0.0,0.6829652996845426,0.5335929331086898,0.887839730002715,0.19999999999999996,1.0,0.31703470031545744,0.766796466554345,0.529705983038381,0.4613537149908183,0.46135371499081834,5.551115123125783e-17,1e-12,True
development_candidates,1,bellevue_116th_ne12th,kmeans,,2.0,10,7,0.0,0.4148264984227129,0.6280549876180954,0.6002543079198633,0.30000000000000004,1.0,0.5851735015772871,0.8140274938090477,0.6249006767554831,0.5524101672141818,0.5524101672141818,0.0,1e-12,True
development_candidates,2,bellevue_116th_ne12th,kmeans,,3.0,10,6,0.0,0.4148264984227129,0.7070359096075188,0.4272491765975109,0.4,1.0,0.5851735015772871,0.8535179548037595,0.7006485037069343,0.6139339960087982,0.6139339960087982,0.0,1e-12,True
development_candidates,3,bellevue_116th_ne12th,kmeans,,4.0,10,5,0.0,0.305993690851735,0.7556127080478844,0.3549022259576058,0.5,1.0,0.694006309148265,0.8778063540239422,0.7380606370273167,0.6809873300199524,0.6809873300199524,0.0,1e-12,True
development_candidates,4,bellevue_116th_ne12th,kmeans,,5.0,10,4,0.0,0.277602523659306,0.7854900106671044,0.303072143057064,0.6,1.0,0.722397476340694,0.8927450053335522,0.767417218860927,0.7382559700535173,0.7382559700535173,0.0,1e-12,True
development_candidates,5,bellevue_116th_ne12th,kmeans,,6.0,10,3,0.0,0.277602523659306,0.780474490831128,0.3358238536364373,0.7,1.0,0.722397476340694,0.890237245415564,0.7486016942112217,0.786123641596748,0.786123641596748,0.0,1e-12,True
development_candidates,6,bellevue_116th_ne12th,kmeans,,7.0,10,2,0.0,0.2760252365930599,0.7888828798142948,0.3222821612714975,0.8,1.0,0.7239747634069401,0.8944414399071474,0.7562682378157525,0.8374684441129842,0.8374684441129842,0.0,1e-12,True
development_candidates,7,bellevue_116th_ne12th,kmeans,,8.0,10,1,0.0,0.2760252365930599,0.7928659416523834,0.2985425834651917,0.9,1.0,0.7239747634069401,0.8964329708261918,0.7700941137652,0.8890501847998333,0.8890501847998333,0.0,1e-12,True
development_candidates,8,bellevue_116th_ne12th,kmeans,,9.0,10,0,0.0,0.2760252365930599,0.8066763101492748,0.2688400643466629,1.0,1.0,0.7239747634069401,0.9033381550746373,0.7881213937825245,0.9415434312264102,0.9415434312264103,1.1102230246251565e-16,1e-12,True
development_candidates,9,bellevue_116th_ne12th,kmeans,,10.0,10,1,0.0,0.2618296529968454,0.7626804924606689,0.3743998191396649,0.9,1.0,0.7381703470031546,0.8813402462303345,0.7275903169326459,0.8847100910166135,0.8847100910166135,0.0,1e-12,True
development_candidates,10,bellevue_116th_ne12th,kmeans,,11.0,10,2,0.0,0.2618296529968454,0.7508034642470816,0.3961476678551875,0.8,1.0,0.7381703470031546,0.8754017321235408,0.7162566131247678,0.8329828692251464,0.8329828692251464,0.0,1e-12,True
development_candidates,11,bellevue_116th_ne12th,kmeans,,12.0,10,3,0.0,0.2381703470031545,0.692464475791742,0.4244587449251465,0.7,1.0,0.7618296529968455,0.846232237895871,0.702021033296088,0.7810082924188806,0.7810082924188806,0.0,1e-12,True
development_candidates,12,bellevue_116th_ne12th,kmeans,,13.0,10,4,0.0,0.2334384858044164,0.6955964796305171,0.4473372746395854,0.6,1.0,0.7665615141955836,0.8477982398152586,0.6909239591366284,0.730528371314747,0.730528371314747,0.0,1e-12,True
development_candidates,13,bellevue_116th_ne12th,kmeans,,14.0,10,5,0.0,0.2334384858044164,0.6983174097315797,0.470664631091782,0.5,1.0,0.7665615141955836,0.8491587048657898,0.6799646764181897,0.6795684895479563,0.6795684895479563,0.0,1e-12,True
development_candidates,14,bellevue_116th_ne12th,kmeans,,15.0,10,6,0.0,0.2050473186119873,0.6525074929843793,0.4782831663257497,0.4,1.0,0.7949526813880127,0.8262537464921896,0.6764603851138242,0.6297666812994026,0.6297666812994026,0.0,1e-12,True
development_candidates,15,bellevue_116th_ne12th,kmeans,,16.0,10,7,0.0,0.1561514195583596,0.659360012825812,0.4850299364858852,0.30000000000000004,1.0,0.8438485804416405,0.829680006412906,0.673387098421975,0.5846915685276521,0.5846915685276521,0.0,1e-12,True
development_candidates,16,bellevue_116th_ne12th,kmeans,,17.0,10,8,0.0,0.1561514195583596,0.6305092550161455,0.5468483808114678,0.19999999999999996,1.0,0.8438485804416405,0.8152546275080728,0.6464757712552317,0.5305578979204945,0.5305578979204946,1.1102230246251565e-16,1e-12,True
development_candidates,17,bellevue_116th_ne12th,kmeans,,18.0,10,9,0.0,0.1498422712933754,0.6459062367221203,0.5433187333910071,0.09999999999999998,1.0,0.8501577287066246,0.8229531183610601,0.6479542937982631,0.4821065140865948,0.4821065140865948,0.0,1e-12,True
development_candidates,18,bellevue_116th_ne12th,kmeans,,19.0,10,10,0.0,0.1561514195583596,0.540444766098247,0.6420505913221362,0.0,1.0,0.8438485804416405,0.7702223830491235,0.6089946346871239,0.4223065598177887,0.4223065598177888,1.1102230246251565e-16,1e-12,True
development_candidates,19,bellevue_116th_ne12th,kmeans,,20.0,10,11,0.0,0.1451104100946372,0.584458662425286,0.6322948415476523,0.0,1.0,0.8548895899053628,0.7922293312126429,0.6126344178431973,0.4259753338961203,0.4259753338961203,0.0,1e-12,True
development_candidates,20,bellevue_116th_ne12th,kmeans,,21.0,10,12,0.0,0.138801261829653,0.5160108113542411,0.6852523943217154,0.0,1.0,0.861198738170347,0.7580054056771206,0.5933829279040914,0.4212587071751559,0.42125870717515596,5.551115123125783e-17,1e-12,True
development_candidates,21,bellevue_116th_ne12th,kmeans,,22.0,10,13,0.0,0.1340694006309148,0.519546205648534,0.6833192839170533,0.0,1.0,0.8659305993690852,0.759773102824267,0.5940643641133951,0.4219768066306748,0.4219768066306748,0.0,1e-12,True
development_candidates,22,bellevue_116th_ne12th,kmeans,,23.0,10,14,0.0,0.1340694006309148,0.516754288005037,0.7233254323449158,0.0,1.0,0.8659305993690852,0.7583771440025184,0.5802734534238885,0.4204581196795492,0.4204581196795492,0.0,1e-12,True
development_candidates,23,bellevue_116th_ne12th,kmeans,,24.0,10,15,0.0,0.1340694006309148,0.5269640335417388,0.7112732999715652,0.0,1.0,0.8659305993690852,0.7634820167708694,0.5843601954267715,0.4213772811566726,0.4213772811566726,0.0,1e-12,True
development_candidates,24,bellevue_116th_ne12th,kmeans,,25.0,10,16,0.0,0.1293375394321766,0.5399192686025444,0.6674679248444739,0.0,1.0,0.8706624605678234,0.7699596343012722,0.5997116856645208,0.4240333780533616,0.4240333780533616,0.0,1e-12,True
development_candidates,25,bellevue_116th_ne12th,kmeans,,26.0,10,17,0.0,0.1419558359621451,0.5510428455978192,0.6479462459646439,0.0,1.0,0.8580441640378549,0.7755214227989096,0.606815909468357,0.4240381496305121,0.4240381496305121,0.0,1e-12,True
development_candidates,26,bellevue_116th_ne12th,kmeans,,27.0,10,18,0.0,0.1261829652996845,0.5445653671434075,0.6854137094334858,0.0,1.0,0.8738170347003155,0.7722826835717038,0.5933261337574665,0.4239425852029486,0.4239425852029486,0.0,1e-12,True
development_candidates,27,bellevue_116th_ne12th,kmeans,,28.0,10,19,0.0,0.1293375394321766,0.528900512968331,0.6829094695942155,0.0,1.0,0.8706624605678234,0.7644502564841655,0.5942090279170636,0.4229321744969052,0.42293217449690523,5.551115123125783e-17,1e-12,True
development_candidates,28,bellevue_116th_ne12th,kmeans,,29.0,10,20,0.0,0.1293375394321766,0.5068955356589422,0.7177697905123644,0.0,1.0,0.8706624605678234,0.7534477678294711,0.5821501842233043,0.4206260412620599,0.4206260412620599,0.0,1e-12,True
development_candidates,29,bellevue_116th_ne12th,hdbscan,,1.0,10,6,0.6309148264984227,0.4174603174603175,0.7143497645807769,0.4201245070231327,0.4,0.9936908517350158,0.5825396825396825,0.8571748822903884,0.7041636103416042,0.6131259878641706,0.6131259878641706,0.0,1e-12,True
development_candidates,30,bellevue_116th_ne12th,hdbscan,,2.0,10,7,1.1041009463722398,0.4194577352472089,0.6335595318946218,0.590329762881821,0.30000000000000004,0.9889589905362776,0.5805422647527911,0.8167797659473108,0.6288004056390857,0.5504040417411744,0.5504040417411744,0.0,1e-12,True
development_candidates,31,bellevue_116th_ne12th,hdbscan,,3.0,10,7,0.0,0.4148264984227129,0.6280549876180954,0.6002543079198633,0.30000000000000004,1.0,0.5851735015772871,0.8140274938090477,0.6249006767554831,0.5524101672141818,0.5524101672141818,0.0,1e-12,True
development_candidates,32,bellevue_116th_ne12th,hdbscan,,4.0,10,7,1.1041009463722398,0.4194577352472089,0.6335595318946218,0.590329762881821,0.30000000000000004,0.9889589905362776,0.5805422647527911,0.8167797659473108,0.6288004056390857,0.5504040417411744,0.5504040417411744,0.0,1e-12,True
development_candidates,33,bellevue_116th_ne12th,hdbscan,,5.0,10,10,100.0,,,,0.0,0.0,0.5,0.5,0.5,0.15,0.15000000000000002,2.7755575615628914e-17,1e-12,True
development_candidates,34,bellevue_116th_ne12th,hdbscan,,6.0,10,10,100.0,,,,0.0,0.0,0.5,0.5,0.5,0.15,0.15000000000000002,2.7755575615628914e-17,1e-12,True
development_candidates,35,bellevue_116th_ne12th,optics,,1.0,10,7,68.45425867507886,0.425,0.965340495392891,0.0491230956653976,0.30000000000000004,0.3154574132492114,0.575,0.9826702476964455,0.9531769952750476,0.4641762069469916,0.4641762069469916,0.0,1e-12,True
development_candidates,36,bellevue_116th_ne12th,optics,,2.0,10,6,41.798107255520506,0.3279132791327913,0.9290901175698364,0.1069159803226753,0.4,0.5820189274447949,0.6720867208672088,0.9645450587849183,0.9034109343226678,0.5704080568864385,0.5704080568864385,0.0,1e-12,True
development_candidates,37,bellevue_116th_ne12th,optics,,3.0,10,5,22.39747634069401,0.3353658536585366,0.8932878084663689,0.1505850008343247,0.5,0.7760252365930599,0.6646341463414633,0.9466439042331845,0.8691230976197928,0.6532451621380561,0.6532451621380561,0.0,1e-12,True
development_candidates,38,bellevue_116th_ne12th,optics,,4.0,10,5,16.876971608832807,0.3168880455407969,0.8491730113229672,0.2521775089306522,0.5,0.8312302839116719,0.683111954459203,0.9245865056614836,0.7986088177338296,0.6568767845677861,0.6568767845677861,0.0,1e-12,True
development_candidates,39,bellevue_116th_ne12th,optics,,5.0,10,7,68.45425867507886,0.425,0.965340495392891,0.0491230956653976,0.30000000000000004,0.3154574132492114,0.575,0.9826702476964455,0.9531769952750476,0.4641762069469916,0.4641762069469916,0.0,1e-12,True
development_candidates,40,bellevue_116th_ne12th,optics,,6.0,10,6,41.798107255520506,0.3279132791327913,0.9290901175698364,0.1069159803226753,0.4,0.5820189274447949,0.6720867208672088,0.9645450587849183,0.9034109343226678,0.5704080568864385,0.5704080568864385,0.0,1e-12,True
development_candidates,41,bellevue_116th_ne12th,optics,,7.0,10,5,22.39747634069401,0.3353658536585366,0.8932878084663689,0.1505850008343247,0.5,0.7760252365930599,0.6646341463414633,0.9466439042331845,0.8691230976197928,0.6532451621380561,0.6532451621380561,0.0,1e-12,True
development_candidates,42,bellevue_116th_ne12th,optics,,8.0,10,5,16.876971608832807,0.3168880455407969,0.8491730113229672,0.2521775089306522,0.5,0.8312302839116719,0.683111954459203,0.9245865056614836,0.7986088177338296,0.6568767845677861,0.6568767845677861,0.0,1e-12,True
development_candidates,43,bellevue_116th_ne12th,optics,,9.0,10,10,100.0,,,,0.0,0.0,0.5,0.5,0.5,0.15,0.15000000000000002,2.7755575615628914e-17,1e-12,True
development_candidates,44,bellevue_116th_ne12th,optics,,10.0,10,9,82.33438485804416,1.0,,,0.09999999999999998,0.17665615141955837,0.0,0.5,0.5,0.1853312302839116,0.18533123028391169,8.326672684688674e-17,1e-12,True
development_candidates,45,bellevue_116th_ne12th,optics,,11.0,10,7,33.12302839116719,0.3891509433962264,0.8913419771120696,0.1542478521084411,0.30000000000000004,0.6687697160883281,0.6108490566037736,0.9456709885560348,0.866365051642349,0.5260424528978814,0.5260424528978814,0.0,1e-12,True
development_candidates,46,bellevue_116th_ne12th,optics,,12.0,10,7,16.08832807570978,0.4943609022556391,0.7299118952335184,0.3900655570804724,0.30000000000000004,0.8391167192429022,0.5056390977443609,0.8649559476167592,0.7193905315518216,0.5268219015398746,0.5268219015398746,0.0,1e-12,True
development_candidates,47,bellevue_116th_ne12th,optics,,13.0,10,10,100.0,,,,0.0,0.0,0.5,0.5,0.5,0.15,0.15000000000000002,2.7755575615628914e-17,1e-12,True
development_candidates,48,bellevue_116th_ne12th,optics,,14.0,10,9,82.33438485804416,1.0,,,0.09999999999999998,0.17665615141955837,0.0,0.5,0.5,0.1853312302839116,0.18533123028391169,8.326672684688674e-17,1e-12,True
development_candidates,49,bellevue_116th_ne12th,optics,,15.0,10,7,33.12302839116719,0.3891509433962264,0.8913419771120696,0.1542478521084411,0.30000000000000004,0.6687697160883281,0.6108490566037736,0.9456709885560348,0.866365051642349,0.5260424528978814,0.5260424528978814,0.0,1e-12,True
development_candidates,50,bellevue_116th_ne12th,optics,,16.0,10,7,29.652996845425868,0.3968609865470852,0.8556278252366503,0.1936889677577516,0.30000000000000004,0.7034700315457414,0.6031390134529149,0.9278139126183251,0.8377391657379722,0.5275632154900696,0.5275632154900696,0.0,1e-12,True
development_candidates,51,bellevue_150th_newport,kmeans,,1.0,12,10,0.0,0.7387939374395356,0.5617605911074793,0.5893624289622442,0.16666666666666663,1.0,0.2612060625604644,0.7808802955537397,0.6291831125345894,0.4504602803982127,0.4504602803982127,0.0,1e-12,True
development_candidates,52,bellevue_150th_newport,kmeans,,2.0,12,9,0.0,0.5436955820702999,0.7709404352612129,0.398153463075387,0.25,1.0,0.4563044179297001,0.8854702176306064,0.7152290692041728,0.5307003704764479,0.5307003704764479,0.0,1e-12,True
development_candidates,53,bellevue_150th_newport,kmeans,,3.0,12,8,0.0,0.3663334408255401,0.8270176385509485,0.3841557441552208,0.33333333333333337,1.0,0.6336665591744599,0.9135088192754742,0.7224620525707682,0.5936304097687369,0.5936304097687369,0.0,1e-12,True
development_candidates,54,bellevue_150th_newport,kmeans,,4.0,12,7,0.0,0.3663334408255401,0.8402716122562103,0.3245732644067698,0.41666666666666663,1.0,0.6336665591744599,0.9201358061281051,0.7549601270624053,0.6392095825698303,0.6392095825698303,0.0,1e-12,True
development_candidates,55,bellevue_150th_newport,kmeans,,5.0,12,6,0.0,0.3663334408255401,0.871973959975423,0.2461336100439887,0.5,1.0,0.6336665591744599,0.9359869799877115,0.8024821671928903,0.6872135706355063,0.6872135706355063,0.0,1e-12,True
development_candidates,56,bellevue_150th_newport,kmeans,,6.0,12,5,0.0,0.3663334408255401,0.888957749100115,0.1530959894455355,0.5833333333333333,1.0,0.6336665591744599,0.9444788745500575,0.8672304900486633,0.7362042590439848,0.7362042590439848,0.0,1e-12,True
development_candidates,57,bellevue_150th_newport,kmeans,,7.0,12,4,0.0,0.3663334408255401,0.8781602894016014,0.1594104076714136,0.6666666666666667,1.0,0.6336665591744599,0.9390801447008007,0.862507351480847,0.7768587388689442,0.7768587388689442,0.0,1e-12,True
development_candidates,58,bellevue_150th_newport,kmeans,,8.0,12,3,0.0,0.3663334408255401,0.8699694391324042,0.1924768871626842,0.75,1.0,0.6336665591744599,0.9349847195662021,0.838590676905568,0.815724195564623,0.815724195564623,0.0,1e-12,True
development_candidates,59,bellevue_150th_newport,kmeans,,9.0,12,2,0.0,0.36375362786198,0.8664860265751235,0.2079131669092806,0.8333333333333334,1.0,0.63624637213802,0.9332430132875618,0.8278740785306004,0.856403013062285,0.856403013062285,0.0,1e-12,True
development_candidates,60,bellevue_150th_newport,kmeans,,10.0,12,1,0.0,0.3237665269267978,0.7347213858592212,0.3349603323152489,0.9166666666666666,1.0,0.6762334730732023,0.8673606929296106,0.7490859284677618,0.8876013427803908,0.8876013427803908,0.0,1e-12,True
development_candidates,61,bellevue_150th_newport,kmeans,,11.0,12,0,0.0,0.3140922283134473,0.6799288266882095,0.4090524215814426,1.0,1.0,0.6859077716865527,0.8399644133441048,0.7096968038120649,0.9235568988842722,0.9235568988842722,0.0,1e-12,True
development_candidates,62,bellevue_150th_newport,kmeans,,12.0,12,1,0.0,0.2218639148661722,0.6075410946548468,0.4953023992097576,0.9166666666666666,1.0,0.7781360851338278,0.8037705473274235,0.668761048285941,0.8834001014080526,0.8834001014080526,0.0,1e-12,True
development_candidates,63,bellevue_150th_newport,kmeans,,13.0,12,2,0.0,0.2218639148661722,0.5932993334862567,0.549266600181866,0.8333333333333334,1.0,0.7781360851338278,0.7966496667431284,0.6454667001035274,0.8386919118647151,0.8386919118647151,0.0,1e-12,True
development_candidates,64,bellevue_150th_newport,kmeans,,14.0,12,3,0.0,0.2218639148661722,0.5983705736011479,0.5477231195757993,0.75,1.0,0.7781360851338278,0.799185286800574,0.6461103974941463,0.7973431769428548,0.7973431769428548,0.0,1e-12,True
development_candidates,65,bellevue_150th_newport,kmeans,,15.0,12,4,0.0,0.1622057400838439,0.5199259017337937,0.5957980829353083,0.6666666666666667,1.0,0.8377942599161561,0.7599629508668968,0.6266456957766247,0.7557736239893011,0.7557736239893011,0.0,1e-12,True
development_candidates,66,bellevue_150th_newport,kmeans,,16.0,12,5,0.0,0.218639148661722,0.5705676810822023,0.6207391213353671,0.5833333333333333,1.0,0.781360851338278,0.7852838405411011,0.6170024446476465,0.7100313803193692,0.7100313803193692,0.0,1e-12,True
development_candidates,67,bellevue_150th_newport,kmeans,,17.0,12,6,0.0,0.2147694292163818,0.5591914065354221,0.6020164178269969,0.5,1.0,0.7852305707836182,0.779595703267711,0.6242133281982325,0.6689039602249562,0.6689039602249562,0.0,1e-12,True
development_candidates,68,bellevue_150th_newport,kmeans,,18.0,12,7,0.0,0.1580135440180587,0.4494318084874154,0.6880435700752399,0.41666666666666663,1.0,0.8419864559819413,0.7247159042437077,0.5924017707406852,0.6242437464299667,0.6242437464299667,0.0,1e-12,True
development_candidates,69,bellevue_150th_newport,kmeans,,19.0,12,8,0.0,0.1509190583682683,0.4278315857192044,0.7387084980828837,0.33333333333333337,1.0,0.8490809416317318,0.7139157928596022,0.5751395366748419,0.5804802937832843,0.5804802937832843,0.0,1e-12,True
development_candidates,70,bellevue_150th_newport,kmeans,,20.0,12,9,0.0,0.1499516285069332,0.4300639168803397,0.7286031348409,0.25,1.0,0.8500483714930668,0.7150319584401699,0.5785017855426021,0.5393582115475839,0.5393582115475839,0.0,1e-12,True
development_candidates,71,bellevue_150th_newport,kmeans,,21.0,12,10,0.0,0.1505965817478232,0.4086050176540438,0.7541500786039954,0.16666666666666663,1.0,0.8494034182521768,0.7043025088270218,0.5700766497675214,0.4957115910180053,0.4957115910180053,0.0,1e-12,True
development_candidates,72,bellevue_150th_newport,kmeans,,22.0,12,11,0.0,0.1447920025798129,0.4150123115037312,0.7564522525918038,0.08333333333333337,1.0,0.8552079974201872,0.7075061557518656,0.5693294528925621,0.4548710272731282,0.4548710272731282,0.0,1e-12,True
development_candidates,73,bellevue_150th_newport,kmeans,,23.0,12,12,0.0,0.1499516285069332,0.3987899591370814,0.8066911053628764,0.0,1.0,0.8500483714930668,0.6993949795685407,0.5534980479129268,0.4102941398974534,0.41029413989745345,5.551115123125783e-17,1e-12,True
development_candidates,74,bellevue_150th_newport,kmeans,,24.0,12,13,0.0,0.1505965817478232,0.4044402554459316,0.7753765757503794,0.0,1.0,0.8494034182521768,0.7022201277229658,0.5632607829002929,0.4114884328875435,0.4114884328875436,1.1102230246251565e-16,1e-12,True
development_candidates,75,bellevue_150th_newport,kmeans,,25.0,12,14,0.0,0.1486617220251531,0.4091883637652292,0.7629659765013133,0.0,1.0,0.8513382779748468,0.7045941818826146,0.5672259211630084,0.4123158381020469,0.41231583810204697,5.551115123125783e-17,1e-12,True
development_candidates,76,bellevue_150th_newport,kmeans,,26.0,12,15,0.0,0.1499516285069332,0.3997916890749426,0.8041532094587487,0.0,1.0,0.8500483714930668,0.6998958445374713,0.5542766516486718,0.410422086767921,0.410422086767921,0.0,1e-12,True
development_candidates,77,bellevue_150th_newport,kmeans,,27.0,12,16,0.0,0.1502741051273782,0.3882377654684604,0.8404588653495669,0.0,1.0,0.8497258948726218,0.6941188827342302,0.5433427602360813,0.4087187537842933,0.4087187537842934,1.1102230246251565e-16,1e-12,True
development_candidates,78,bellevue_150th_newport,kmeans,,28.0,12,17,0.0,0.1499516285069332,0.3989722716074013,0.7602416044381477,0.0,1.0,0.8500483714930668,0.6994861358037007,0.568103831586909,0.4117638338883677,0.4117638338883677,0.0,1e-12,True
development_candidates,79,bellevue_150th_newport,kmeans,,29.0,12,18,0.0,0.1502741051273782,0.3913906854301504,0.7711847330798837,0.0,1.0,0.8497258948726218,0.6956953427150752,0.5645938457594519,0.4110015083347149,0.41100150833471494,5.551115123125783e-17,1e-12,True
development_candidates,80,bellevue_150th_newport,hdbscan,,1.0,12,6,1.3221541438245727,0.369281045751634,0.8945074956513663,0.1447499642182522,0.5,0.9867784585617543,0.630718954248366,0.9472537478256832,0.8735532048545626,0.692508282405212,0.692508282405212,0.0,1e-12,True
development_candidates,81,bellevue_150th_newport,hdbscan,,2.0,12,6,1.3544018058690743,0.3690748610657077,0.8945741739500087,0.1447992423360397,0.5,0.9864559819413092,0.6309251389342923,0.9472870869750043,0.873515602577997,0.6924639792369911,0.6924639792369911,0.0,1e-12,True
development_candidates,82,bellevue_150th_newport,hdbscan,,3.0,12,7,1.289906481780071,0.3691604050963737,0.8572202449941924,0.286132843471844,0.41666666666666663,0.9871009351821993,0.6308395949036263,0.9286101224970962,0.7775246585730256,0.639450957967148,0.639450957967148,0.0,1e-12,True
development_candidates,83,bellevue_150th_newport,hdbscan,,4.0,12,7,1.3221541438245727,0.3689542483660131,0.857035399298033,0.2887479168559644,0.41666666666666663,0.9867784585617543,0.6310457516339869,0.9285176996490165,0.7759469380479037,0.6392400639787749,0.6392400639787749,0.0,1e-12,True
development_candidates,84,bellevue_150th_newport,hdbscan,,5.0,12,8,1.289906481780071,0.3691604050963737,0.8421834484940122,0.3452111697229365,0.33333333333333337,0.9871009351821993,0.6308395949036263,0.921091724247006,0.7433777108808596,0.5936177567062557,0.5936177567062557,0.0,1e-12,True
development_candidates,85,bellevue_150th_newport,hdbscan,,6.0,12,8,1.3221541438245727,0.3689542483660131,0.8433142215128825,0.3428912114038606,0.33333333333333337,0.9867784585617543,0.6310457516339869,0.9216571107564413,0.7446619588451983,0.5937588405025802,0.5937588405025802,0.0,1e-12,True
development_candidates,86,bellevue_150th_newport,optics,,1.0,12,6,51.27378265075782,0.3937789543348776,0.8947810251918743,0.2306418052156301,0.5,0.48726217349242174,0.6062210456651225,0.9473905125959372,0.8125841294858194,0.5840720034731722,0.5840720034731722,0.0,1e-12,True
development_candidates,87,bellevue_150th_newport,optics,,2.0,12,5,31.344727507255723,0.3992484734617191,0.9352759431987192,0.1319286682641936,0.5833333333333333,0.6865527249274428,0.6007515265382809,0.9676379715993596,0.8834478956465468,0.6741609510305739,0.6741609510305739,0.0,1e-12,True
development_candidates,88,bellevue_150th_newport,optics,,3.0,12,6,26.31409222831345,0.4503282275711159,0.9408076130659574,0.0708048017478003,0.5,0.7368590777168655,0.5496717724288841,0.9704038065329788,0.9338770225607594,0.6427670756956353,0.6427670756956353,0.0,1e-12,True
development_candidates,89,bellevue_150th_newport,optics,,4.0,12,5,20.18703643985811,0.4424242424242424,0.8973934484658094,0.1307588957475434,0.5833333333333333,0.7981296356014189,0.5575757575757576,0.9486967242329047,0.8843618244001531,0.690356024407832,0.690356024407832,0.0,1e-12,True
development_candidates,90,bellevue_150th_newport,optics,,5.0,12,6,48.27475008061916,0.3709476309226933,0.8979391806938933,0.2362811221460214,0.5,0.5172524991938084,0.6290523690773067,0.9489695903469466,0.8088775134446213,0.5921404471256492,0.5921404471256492,0.0,1e-12,True
development_candidates,91,bellevue_150th_newport,optics,,6.0,12,5,27.313769751693,0.3771073646850044,0.9195671056549812,0.1723860602042821,0.5833333333333333,0.72686230248307,0.6228926353149956,0.9597835528274906,0.8529613528718989,0.6806028812647191,0.6806028812647191,0.0,1e-12,True
development_candidates,92,bellevue_150th_newport,optics,,7.0,12,6,15.317639471138342,0.3918507235338918,0.9316887959923864,0.097149766614805,0.5,0.8468236052886166,0.6081492764661083,0.9658443979961933,0.9114525932821778,0.6679093478321714,0.6679093478321714,0.0,1e-12,True
development_candidates,93,bellevue_150th_newport,optics,,8.0,12,5,7.99742018703644,0.3838065194532071,0.8914818869685179,0.1561371259099792,0.5833333333333333,0.9200257981296356,0.6161934805467929,0.945740943484259,0.8649493019376177,0.7183601988894607,0.7183601988894607,0.0,1e-12,True
development_candidates,94,bellevue_150th_newport,optics,,9.0,12,11,85.97226701064173,1.0,,,0.08333333333333337,0.14027732989358266,0.0,0.5,0.5,0.1697221326453832,0.16972213264538322,2.7755575615628914e-17,1e-12,True
development_candidates,95,bellevue_150th_newport,optics,,10.0,12,8,46.37213801999355,0.4353577871316897,0.9615318182716166,0.051056012190596,0.33333333333333337,0.5362786198000645,0.5646422128683103,0.9807659091358083,0.9514240805452548,0.523605610881617,0.523605610881617,0.0,1e-12,True
development_candidates,96,bellevue_150th_newport,optics,,11.0,12,6,20.41277007416962,0.3918152350081037,0.8949476955471136,0.2443985792516235,0.5,0.7958722992583038,0.6081847649918963,0.9474738477735568,0.8036010460582462,0.6451004257340308,0.6451004257340308,0.0,1e-12,True
development_candidates,97,bellevue_150th_newport,optics,,12.0,12,6,8.287649145436955,0.3839662447257383,0.9215139882402166,0.1171214351157051,0.5,0.9171235085456304,0.6160337552742616,0.9607569941201083,0.8951578302643756,0.6806195596750007,0.6806195596750007,0.0,1e-12,True
development_candidates,98,bellevue_150th_newport,optics,,13.0,12,11,85.97226701064173,1.0,,,0.08333333333333337,0.14027732989358266,0.0,0.5,0.5,0.1697221326453832,0.16972213264538322,2.7755575615628914e-17,1e-12,True
development_candidates,99,bellevue_150th_newport,optics,,14.0,12,8,46.37213801999355,0.4353577871316897,0.9615318182716166,0.051056012190596,0.33333333333333337,0.5362786198000645,0.5646422128683103,0.9807659091358083,0.9514240805452548,0.523605610881617,0.523605610881617,0.0,1e-12,True
development_candidates,100,bellevue_150th_newport,optics,,15.0,12,6,20.41277007416962,0.3918152350081037,0.8949476955471136,0.2443985792516235,0.5,0.7958722992583038,0.6081847649918963,0.9474738477735568,0.8036010460582462,0.6451004257340308,0.6451004257340308,0.0,1e-12,True
development_candidates,101,bellevue_150th_newport,optics,,16.0,12,6,8.287649145436955,0.3839662447257383,0.9215139882402166,0.1171214351157051,0.5,0.9171235085456304,0.6160337552742616,0.9607569941201083,0.8951578302643756,0.6806195596750007,0.6806195596750007,0.0,1e-12,True
development_candidates,102,bellevue_150th_eastgate,kmeans,,1.0,9,7,0.0,0.6283316153732882,0.4742642832734595,0.9208508294798864,0.2222222222222222,1.0,0.3716683846267118,0.7371321416367298,0.5206026332980643,0.4740514270672617,0.4740514270672617,0.0,1e-12,True
development_candidates,103,bellevue_150th_eastgate,kmeans,,2.0,9,6,0.0,0.3716683846267118,0.6314797929304996,0.6128352885937876,0.33333333333333337,1.0,0.6283316153732882,0.8157398964652498,0.6200261161645889,0.5730764294669795,0.5730764294669795,0.0,1e-12,True
development_candidates,104,bellevue_150th_eastgate,kmeans,,3.0,9,5,0.0,0.3716683846267118,0.6804297068900759,0.5002368278162053,0.4444444444444444,1.0,0.6283316153732882,0.840214853445038,0.6665614264753341,0.6357330117515883,0.6357330117515883,0.0,1e-12,True
development_candidates,105,bellevue_150th_eastgate,kmeans,,4.0,9,4,0.0,0.2867029892504786,0.715185080971336,0.4920961094379802,0.5555555555555556,1.0,0.7132970107495213,0.857592540485668,0.6701981150374186,0.7018865444050385,0.7018865444050385,0.0,1e-12,True
development_candidates,106,bellevue_150th_eastgate,kmeans,,5.0,9,3,0.0,0.2867029892504786,0.7501470284036977,0.438252748714828,0.6666666666666667,1.0,0.7132970107495213,0.8750735142018489,0.6952880854172292,0.7616991943701934,0.7616991943701934,0.0,1e-12,True
development_candidates,107,bellevue_150th_eastgate,kmeans,,6.0,9,2,0.0,0.2781622735974083,0.7682378856704071,0.381594573990355,0.7777777777777778,1.0,0.7218377264025917,0.8841189428352035,0.7238013371113464,0.8218646895238031,0.8218646895238031,0.0,1e-12,True
development_candidates,108,bellevue_150th_eastgate,kmeans,,7.0,9,1,0.0,0.2304520689147401,0.7940485976153876,0.3342671625157543,0.8888888888888888,1.0,0.7695479310852599,0.8970242988076937,0.7494750887179932,0.886049176305539,0.886049176305539,0.0,1e-12,True
development_candidates,109,bellevue_150th_eastgate,kmeans,,8.0,9,0,0.0,0.2295685466058018,0.8136297958350629,0.2915470800371681,1.0,1.0,0.7704314533941982,0.9068148979175314,0.7742652323376568,0.9451511583649386,0.9451511583649386,0.0,1e-12,True
development_candidates,110,bellevue_150th_eastgate,kmeans,,9.0,9,1,0.0,0.2295685466058018,0.8144061804657564,0.2747986894830526,0.8888888888888888,1.0,0.7704314533941982,0.9072030902328783,0.7844375808116911,0.8906516568883212,0.8906516568883212,0.0,1e-12,True
development_candidates,111,bellevue_150th_eastgate,kmeans,,10.0,9,2,0.0,0.2295685466058018,0.819307164876336,0.2607672549274568,0.7777777777777778,1.0,0.7704314533941982,0.909653582438168,0.7931678080087342,0.836214173272999,0.836214173272999,0.0,1e-12,True
development_candidates,112,bellevue_150th_eastgate,kmeans,,11.0,9,3,0.0,0.2295685466058018,0.8058875461430997,0.3147326663733653,0.6666666666666667,1.0,0.7704314533941982,0.9029437730715498,0.7606109025635287,0.7767319462362611,0.7767319462362611,0.0,1e-12,True
development_candidates,113,bellevue_150th_eastgate,kmeans,,12.0,9,4,0.0,0.2295685466058018,0.7665142249982592,0.355674359459225,0.5555555555555556,1.0,0.7704314533941982,0.8832571124991295,0.7376402695990336,0.716910661327014,0.716910661327014,0.0,1e-12,True
development_candidates,114,bellevue_150th_eastgate,kmeans,,13.0,9,5,0.0,0.1582977470181122,0.685572595572857,0.4200239157625652,0.4444444444444444,1.0,0.8417022529818878,0.8427862977864284,0.704213491688266,0.6610924264678805,0.6610924264678805,0.0,1e-12,True
development_candidates,115,bellevue_150th_eastgate,kmeans,,14.0,9,6,0.0,0.1581504932999558,0.6760110157779818,0.4677265234586413,0.33333333333333337,1.0,0.8418495067000442,0.838005507888991,0.6813258355810988,0.6027847516836802,0.6027847516836802,0.0,1e-12,True
development_candidates,116,bellevue_150th_eastgate,kmeans,,15.0,9,7,0.0,0.157855985863643,0.6740238710201685,0.4974231320079468,0.2222222222222222,1.0,0.842144014136357,0.8370119355100842,0.6678139121966583,0.545808097295421,0.545808097295421,0.0,1e-12,True
development_candidates,117,bellevue_150th_eastgate,kmeans,,16.0,9,8,0.0,0.1580032395817994,0.6578139565962995,0.5467812234522174,0.11111111111111116,1.0,0.8419967604182006,0.8289069782981497,0.646503839610962,0.4872963133882868,0.48729631338828683,5.551115123125783e-17,1e-12,True
development_candidates,118,bellevue_150th_eastgate,kmeans,,17.0,9,9,0.0,0.1419525843027536,0.6608794332690852,0.527670056365714,0.0,1.0,0.8580474156972464,0.8304397166345425,0.6545916088575914,0.434307874118938,0.43430787411893806,5.551115123125783e-17,1e-12,True
development_candidates,119,bellevue_150th_eastgate,kmeans,,18.0,9,10,0.0,0.1418053305845972,0.6705297968501778,0.6014085612243318,0.0,1.0,0.8581946694154028,0.8352648984250889,0.6244502647316096,0.4317909832572101,0.43179098325721016,5.551115123125783e-17,1e-12,True
development_candidates,120,bellevue_150th_eastgate,kmeans,,19.0,9,11,0.0,0.1419525843027536,0.6520794079912262,0.5865271258798288,0.0,1.0,0.8580474156972464,0.8260397039956131,0.6303075337873201,0.431439465348018,0.431439465348018,0.0,1e-12,True
development_candidates,121,bellevue_150th_eastgate,kmeans,,20.0,9,12,0.0,0.1418053305845972,0.6325677848416035,0.6207377182020669,0.0,1.0,0.8581946694154028,0.8162838924208018,0.6170029788097547,0.429148154064596,0.429148154064596,0.0,1e-12,True
development_candidates,122,bellevue_150th_eastgate,kmeans,,21.0,9,13,0.0,0.1356206744220291,0.5665047683819883,0.6821464106408839,0.0,1.0,0.8643793255779709,0.7832523841909942,0.5944785743227953,0.424211028409176,0.42421102840917607,5.551115123125783e-17,1e-12,True
development_candidates,123,bellevue_150th_eastgate,kmeans,,22.0,9,14,0.0,0.1418053305845972,0.637406503011042,0.6190940947260772,0.0,1.0,0.8581946694154028,0.818703251505521,0.6176293294239843,0.4294527250344908,0.42945272503449083,5.551115123125783e-17,1e-12,True
development_candidates,124,bellevue_150th_eastgate,kmeans,,23.0,9,15,0.0,0.1418053305845972,0.6053264589473925,0.7238650643479018,0.0,1.0,0.8581946694154028,0.8026632294736962,0.580091806882969,0.4240949705772068,0.42409497057720685,5.551115123125783e-17,1e-12,True
development_candidates,125,bellevue_150th_eastgate,kmeans,,24.0,9,16,0.0,0.1419525843027536,0.5996972484570119,0.6913615233237959,0.0,1.0,0.8580474156972464,0.7998486242285059,0.5912396529127847,0.4249135692838537,0.4249135692838537,0.0,1e-12,True
development_candidates,126,bellevue_150th_eastgate,kmeans,,25.0,9,17,0.0,0.1418053305845972,0.5854880059524644,0.6934732797829726,0.0,1.0,0.8581946694154028,0.7927440029762323,0.5905023787137375,0.4241441051105373,0.4241441051105373,0.0,1e-12,True
development_candidates,127,bellevue_150th_eastgate,kmeans,,26.0,9,18,0.0,0.1419525843027536,0.5622368052437413,0.7009619783566663,0.0,1.0,0.8580474156972464,0.7811184026218707,0.5879026178857449,0.4227068436204863,0.4227068436204863,0.0,1e-12,True
development_candidates,128,bellevue_150th_eastgate,kmeans,,27.0,9,19,0.0,0.111765572080695,0.5376947606455836,0.7238959869473103,0.0,1.0,0.888234427919305,0.7688473803227918,0.5800814014137875,0.4237163209655884,0.4237163209655884,0.0,1e-12,True
development_candidates,129,bellevue_150th_eastgate,kmeans,,28.0,9,20,0.0,0.1101457811809748,0.5461431245310915,0.7237720573435316,0.0,1.0,0.8898542188190252,0.7730715622655457,0.5801231060335661,0.4243048887118137,0.4243048887118137,0.0,1e-12,True
development_candidates,130,bellevue_150th_eastgate,kmeans,,29.0,9,21,0.0,0.1057281696362833,0.5182372584920047,0.7442869047721445,0.0,1.0,0.8942718303637167,0.7591186292460024,0.5733001820194422,0.4226690641629161,0.42266906416291616,5.551115123125783e-17,1e-12,True
development_candidates,131,bellevue_150th_eastgate,hdbscan,,1.0,9,6,6.935650125165661,0.1590189873417721,0.7211214062480263,0.3795002290651895,0.33333333333333337,0.9306434987483434,0.8409810126582279,0.8605607031240132,0.7249002058358804,0.5954395585781475,0.5954395585781475,0.0,1e-12,True
development_candidates,132,bellevue_150th_eastgate,hdbscan,,2.0,9,6,8.584891768517155,0.1641430412371134,0.7162207978138783,0.3873398514100168,0.33333333333333337,0.9141510823148284,0.8358569587628866,0.8581103989069392,0.7208039176440109,0.5909740106610161,0.5909740106610161,0.0,1e-12,True
development_candidates,133,bellevue_150th_eastgate,hdbscan,,3.0,9,3,2.93034899131203,0.1641383495145631,0.7658705804084739,0.31307660480459,0.6666666666666667,0.9706965100868797,0.8358616504854369,0.8829352902042369,0.7615701904526875,0.7755093484649453,0.7755093484649453,0.0,1e-12,True
development_candidates,134,bellevue_150th_eastgate,hdbscan,,4.0,9,3,2.945074363127669,0.1641632529206493,0.765380427808961,0.3143469055546696,0.6666666666666667,0.9705492563687234,0.8358367470793507,0.8826902139044805,0.7608341418645396,0.7753792948919151,0.7753792948919151,0.0,1e-12,True
development_candidates,135,bellevue_150th_eastgate,hdbscan,,5.0,9,1,2.900898247680754,0.1640885653624507,0.7403213694737386,0.3691751495017323,0.8888888888888888,0.9709910175231925,0.8359114346375494,0.8701606847368692,0.7303667469891767,0.8822865345854425,0.8822865345854425,0.0,1e-12,True
development_candidates,136,bellevue_150th_eastgate,hdbscan,,6.0,9,1,2.871447504049477,0.164038811400849,0.7348512715046156,0.3722523477838459,0.8888888888888888,0.9712855249595053,0.835961188599151,0.8674256357523078,0.7287289408649769,0.8819131259579891,0.8819131259579891,0.0,1e-12,True
development_candidates,137,bellevue_150th_eastgate,optics,,1.0,9,1,45.11853924311589,0.2125033539039442,0.7655519268705169,0.2577532141643918,0.8888888888888888,0.5488146075688412,0.7874966460960557,0.8827759634352584,0.7950685307247383,0.800741479983818,0.800741479983818,0.0,1e-12,True
development_candidates,138,bellevue_150th_eastgate,optics,,2.0,9,5,42.29126785451333,0.2424087777494258,0.7386259479579841,0.3009063143111379,0.4444444444444444,0.5770873214548666,0.7575912222505742,0.869312973978992,0.7686948621888462,0.5771995923550368,0.5771995923550368,0.0,1e-12,True
development_candidates,139,bellevue_150th_eastgate,optics,,3.0,9,3,38.18288911795023,0.3558837541686517,0.8662703242020406,0.1680999234233917,0.6666666666666667,0.6181711088204978,0.6441162458313483,0.9331351621010203,0.8560911442141564,0.7003018103120854,0.7003018103120854,0.0,1e-12,True
development_candidates,140,bellevue_150th_eastgate,optics,,4.0,9,3,35.09056103666617,0.3484573502722323,0.8495371889212872,0.1901171799656884,0.6666666666666667,0.6490943896333383,0.6515426497277677,0.9247685944606436,0.8402533942320121,0.7048086751020434,0.7048086751020434,0.0,1e-12,True
development_candidates,141,bellevue_150th_eastgate,optics,,5.0,9,1,45.11853924311589,0.2125033539039442,0.7691204328290681,0.255671687560088,0.8888888888888888,0.5488146075688412,0.7874966460960557,0.8845602164145341,0.7963865156051364,0.8010517037697853,0.8010517037697853,0.0,1e-12,True
development_candidates,142,bellevue_150th_eastgate,optics,,6.0,9,5,34.57517302311884,0.2138194913346837,0.7543007852929525,0.3115507636720762,0.4444444444444444,0.6542482697688116,0.7861805086653163,0.8771503926464763,0.76245619132591,0.5956505854397548,0.5956505854397548,0.0,1e-12,True
development_candidates,143,bellevue_150th_eastgate,optics,,7.0,9,3,25.401266381976143,0.2949072246348204,0.8622170527094108,0.1956623766195609,0.6666666666666667,0.7459873361802385,0.7050927753651797,0.9311085263547054,0.8363564995891668,0.7297865807002863,0.7297865807002863,0.0,1e-12,True
development_candidates,144,bellevue_150th_eastgate,optics,,8.0,9,2,37.03431011633044,0.3592142188961646,0.8682007345024816,0.2013692159803137,0.7777777777777778,0.6296568988366956,0.6407857811038353,0.9341003672512408,0.8323835725922134,0.7555472407509569,0.7555472407509569,0.0,1e-12,True
development_candidates,145,bellevue_150th_eastgate,optics,,9.0,9,2,58.15049329995583,0.2638986629134412,0.842719278368442,0.2186928709958534,0.7777777777777778,0.4184950670004417,0.7361013370865588,0.9213596391842209,0.8205512839201654,0.7203891283080717,0.7203891283080717,0.0,1e-12,True
development_candidates,146,bellevue_150th_eastgate,optics,,10.0,9,1,39.861581504933,0.2137610186092066,0.7640622747396102,0.2661144818676847,0.8888888888888888,0.60138418495067,0.7862389813907934,0.8820311373698051,0.7898179938080078,0.810530092691439,0.810530092691439,0.0,1e-12,True
development_candidates,147,bellevue_150th_eastgate,optics,,11.0,9,2,18.5097923722574,0.2661727502710517,0.8624429267490686,0.1709020101597066,0.7777777777777778,0.814902076277426,0.7338272497289483,0.9312214633745344,0.8540424316665097,0.8037784186213733,0.8037784186213733,0.0,1e-12,True
development_candidates,148,bellevue_150th_eastgate,optics,,12.0,9,4,10.101605065527904,0.2502866502866503,0.838801571718906,0.2496775993475562,0.5555555555555556,0.8989839493447209,0.7497133497133497,0.9194007858594531,0.8002063896496903,0.7045066201689714,0.7045066201689714,0.0,1e-12,True
development_candidates,149,bellevue_150th_eastgate,optics,,13.0,9,2,58.15049329995583,0.2638986629134412,0.842719278368442,0.2186928709958534,0.7777777777777778,0.4184950670004417,0.7361013370865588,0.9213596391842209,0.8205512839201654,0.7203891283080717,0.7203891283080717,0.0,1e-12,True
development_candidates,150,bellevue_150th_eastgate,optics,,14.0,9,1,37.68222647621853,0.2062854442344045,0.7423231862449011,0.301253257914767,0.8888888888888888,0.6231777352378147,0.7937145557655955,0.8711615931224506,0.7684899107207467,0.8124165974528866,0.8124165974528866,0.0,1e-12,True
development_candidates,151,bellevue_150th_eastgate,optics,,15.0,9,1,22.117508467088797,0.2785025524673851,0.8664390606879109,0.1547861333286758,0.8888888888888888,0.778824915329112,0.7214974475326149,0.9332195303439554,0.8659612123307161,0.8522772465309955,0.8522772465309955,0.0,1e-12,True
development_candidates,152,bellevue_150th_eastgate,optics,,16.0,9,3,13.709321160359298,0.2607508532423208,0.8413682397240885,0.2495637069096419,0.6666666666666667,0.862906788396407,0.7392491467576792,0.9206841198620442,0.8002793250719082,0.751935950181778,0.751935950181778,0.0,1e-12,True
development_candidates,153,bellevue_150th_se38th,kmeans,,1.0,18,16,0.0,0.6774869109947644,0.7129005282934118,0.4066394577346958,0.11111111111111116,1.0,0.32251308900523556,0.8564502641467059,0.71091422503563,0.4445433133743127,0.44454331337431274,5.551115123125783e-17,1e-12,True
development_candidates,154,bellevue_150th_se38th,kmeans,,2.0,18,15,0.0,0.3556719022687609,0.6571848696895395,0.6264320073508847,0.16666666666666663,1.0,0.6443280977312391,0.8285924348447697,0.6148427942147975,0.492109666012414,0.492109666012414,0.0,1e-12,True
development_candidates,155,bellevue_150th_se38th,kmeans,,3.0,18,14,0.0,0.3483420593368237,0.7092047488451011,0.4657345097154861,0.2222222222222222,1.0,0.6516579406631763,0.8546023744225506,0.6822517948315961,0.5299623221028434,0.5299623221028434,0.0,1e-12,True
development_candidates,156,bellevue_150th_se38th,kmeans,,4.0,18,13,0.0,0.319022687609075,0.7714668872106726,0.5572246267185632,0.2777777777777778,1.0,0.6809773123909251,0.8857334436053363,0.6421681129634034,0.5597767757848554,0.5597767757848554,0.0,1e-12,True
development_candidates,157,bellevue_150th_se38th,kmeans,,5.0,18,12,0.0,0.2921465968586387,0.7543751030271736,0.6774464354721322,0.33333333333333337,1.0,0.7078534031413612,0.8771875515135867,0.5961442218681284,0.5847851843189744,0.5847851843189744,0.0,1e-12,True
development_candidates,158,bellevue_150th_se38th,kmeans,,6.0,18,11,0.0,0.2900523560209424,0.7810146618028326,0.4705613646477291,0.38888888888888884,1.0,0.7099476439790575,0.8905073309014163,0.680012425213924,0.6224911844538842,0.6224911844538842,0.0,1e-12,True
development_candidates,159,bellevue_150th_se38th,kmeans,,7.0,18,10,0.0,0.2764397905759162,0.8015836592727482,0.5166439084738212,0.4444444444444444,1.0,0.7235602094240838,0.9007918296363742,0.6593505531606867,0.6505924814443367,0.6505924814443367,0.0,1e-12,True
development_candidates,160,bellevue_150th_se38th,kmeans,,8.0,18,9,0.0,0.2764397905759162,0.8153884396913328,0.4404376336576369,0.5,1.0,0.7235602094240838,0.9076942198456663,0.694233458383579,0.6825487887653329,0.6825487887653329,0.0,1e-12,True
development_candidates,161,bellevue_150th_se38th,kmeans,,9.0,18,8,0.0,0.2764397905759162,0.8219087500001323,0.3710546103376975,0.5555555555555556,1.0,0.7235602094240838,0.9109543750000662,0.7293655500372046,0.7141657912239132,0.7141657912239132,0.0,1e-12,True
development_candidates,162,bellevue_150th_se38th,kmeans,,10.0,18,7,0.0,0.2764397905759162,0.8246833669053552,0.3840372033568995,0.6111111111111112,1.0,0.7235602094240838,0.9123416834526776,0.7225239304077663,0.7413981378840082,0.7413981378840082,0.0,1e-12,True
development_candidates,163,bellevue_150th_se38th,kmeans,,11.0,18,6,0.0,0.2764397905759162,0.828871462132217,0.3312712397899077,0.6666666666666667,1.0,0.7235602094240838,0.9144357310661084,0.7511617243063204,0.7722490998129847,0.7722490998129847,0.0,1e-12,True
development_candidates,164,bellevue_150th_se38th,kmeans,,12.0,18,5,0.0,0.2746945898778359,0.7477062996912646,0.4637418234781807,0.7222222222222222,1.0,0.7253054101221641,0.8738531498456323,0.6831805882432016,0.789345025932211,0.789345025932211,0.0,1e-12,True
development_candidates,165,bellevue_150th_se38th,kmeans,,13.0,18,4,0.0,0.2746945898778359,0.7423297847852253,0.4784540062180203,0.7777777777777778,1.0,0.7253054101221641,0.8711648923926126,0.6763822180427945,0.8161741409446461,0.8161741409446461,0.0,1e-12,True
development_candidates,166,bellevue_150th_se38th,kmeans,,14.0,18,3,0.0,0.2746945898778359,0.7242573870970657,0.4759112855550561,0.8333333333333334,1.0,0.7253054101221641,0.8621286935485328,0.6775474988145532,0.8431648269151918,0.8431648269151918,0.0,1e-12,True
development_candidates,167,bellevue_150th_se38th,kmeans,,15.0,18,2,0.0,0.2743455497382199,0.694684445658402,0.4919430545996355,0.8888888888888888,1.0,0.7256544502617801,0.847342222829201,0.6702668690450462,0.8687707986580471,0.8687707986580471,0.0,1e-12,True
development_candidates,168,bellevue_150th_se38th,kmeans,,16.0,18,1,0.0,0.2743455497382199,0.727325437466442,0.460104716051716,0.9444444444444444,1.0,0.7256544502617801,0.863662718733221,0.6848823848087486,0.8996421776025972,0.8996421776025972,0.0,1e-12,True
development_candidates,169,bellevue_150th_se38th,kmeans,,17.0,18,0,0.0,0.2743455497382199,0.7259645307388554,0.4886428070166788,1.0,1.0,0.7256544502617801,0.8629822653694277,0.6717528175909804,0.9260389533222187,0.9260389533222187,0.0,1e-12,True
development_candidates,170,bellevue_150th_se38th,kmeans,,18.0,18,1,0.0,0.2743455497382199,0.6511787717889531,0.5692770657305054,0.9444444444444444,1.0,0.7256544502617801,0.8255893858944765,0.6372361017934686,0.8910702160171948,0.8910702160171948,0.0,1e-12,True
development_candidates,171,bellevue_150th_se38th,kmeans,,19.0,18,2,0.0,0.2743455497382199,0.6525326479647247,0.5142142110162075,0.8888888888888888,1.0,0.7256544502617801,0.8262663239823623,0.6604085424141461,0.8656773761102732,0.8656773761102732,0.0,1e-12,True
development_candidates,172,bellevue_150th_se38th,kmeans,,20.0,18,3,0.0,0.2223385689354275,0.5160773676096518,0.5694779817898866,0.8333333333333334,1.0,0.7776614310645725,0.7580386838048259,0.6371545262836791,0.8339521307819744,0.8339521307819744,0.0,1e-12,True
development_candidates,173,bellevue_150th_se38th,kmeans,,21.0,18,4,0.0,0.2223385689354275,0.5118571258802178,0.5859955180127939,0.7777777777777778,1.0,0.7776614310645725,0.7559285629401089,0.6305188057863939,0.8052997688679965,0.8052997688679965,0.0,1e-12,True
development_candidates,174,bellevue_150th_se38th,kmeans,,22.0,18,5,0.0,0.1469458987783595,0.4647995977325457,0.6149959529924038,0.7222222222222222,1.0,0.8530541012216405,0.7323997988662728,0.619196598076369,0.7815761609275395,0.7815761609275395,0.0,1e-12,True
development_candidates,175,bellevue_150th_se38th,kmeans,,23.0,18,6,0.0,0.144153577661431,0.4637835879410783,0.6186307683084414,0.6666666666666667,1.0,0.855846422338569,0.7318917939705392,0.617806123285952,0.7538877672928395,0.7538877672928395,0.0,1e-12,True
development_candidates,176,bellevue_150th_se38th,kmeans,,24.0,18,7,0.0,0.1445026178010471,0.4517041958155613,0.6499383945261521,0.6111111111111112,1.0,0.8554973821989529,0.7258520979077807,0.6060832351787239,0.7242988270841013,0.7242988270841013,0.0,1e-12,True
development_candidates,177,bellevue_150th_se38th,kmeans,,25.0,18,8,0.0,0.144153577661431,0.4689078220378417,0.6267762543967754,0.5555555555555556,1.0,0.855846422338569,0.7344539110189209,0.6147126854705719,0.698279079660584,0.698279079660584,0.0,1e-12,True
development_candidates,178,bellevue_150th_se38th,kmeans,,26.0,18,9,0.0,0.143804537521815,0.4572599390589523,0.6611062528196713,0.5,1.0,0.856195462478185,0.7286299695294761,0.6020084496717378,0.6686833881679399,0.6686833881679399,0.0,1e-12,True
development_candidates,179,bellevue_150th_se38th,kmeans,,27.0,18,10,0.0,0.144153577661431,0.4685687888136161,0.6376240748405155,0.4444444444444444,1.0,0.855846422338569,0.734284394406808,0.610640754104319,0.6422993793071918,0.6422993793071918,0.0,1e-12,True
development_candidates,180,bellevue_150th_se38th,kmeans,,28.0,18,11,0.0,0.1204188481675392,0.4479835751974254,0.6912392017205847,0.38888888888888884,1.0,0.8795811518324608,0.7239917875987127,0.5912824152743436,0.6139299799149961,0.6139299799149961,0.0,1e-12,True
development_candidates,181,bellevue_150th_se38th,kmeans,,29.0,18,12,0.0,0.144153577661431,0.4469377059473322,0.6958676948163258,0.33333333333333337,1.0,0.855846422338569,0.7234688529736661,0.5896686416379356,0.5835650583616838,0.5835650583616838,0.0,1e-12,True
development_candidates,182,bellevue_150th_se38th,hdbscan,,1.0,18,11,6.317626527050611,0.2928464977645305,0.7259351208326912,0.5811849180045778,0.38888888888888884,0.9368237347294939,0.7071535022354696,0.8629675604163456,0.6324370974028636,0.602065007395811,0.602065007395811,0.0,1e-12,True
development_candidates,183,bellevue_150th_se38th,hdbscan,,2.0,18,11,9.389179755671902,0.3016178736517719,0.7501139476217971,0.4040257288938401,0.38888888888888884,0.9061082024432809,0.6983821263482282,0.8750569738108985,0.712237660194339,0.6042337609684472,0.6042337609684472,0.0,1e-12,True
development_candidates,184,bellevue_150th_se38th,hdbscan,,3.0,18,14,7.0855148342059335,0.3463561232156273,0.8107713596540186,0.3391550008227747,0.2222222222222222,0.9291448516579407,0.6536438767843726,0.9053856798270092,0.7467395479877995,0.5275169919026174,0.5275169919026174,0.0,1e-12,True
development_candidates,185,bellevue_150th_se38th,hdbscan,,4.0,18,15,13.647469458987784,0.3698464025869038,0.8446770227337581,0.175829034179734,0.16666666666666663,0.8635253054101222,0.6301535974130962,0.922338511366879,0.8504637757117527,0.4963339828645305,0.49633398286453057,5.551115123125783e-17,1e-12,True
development_candidates,186,bellevue_150th_se38th,hdbscan,,5.0,18,15,12.670157068062828,0.3685051958433253,0.8310998915939941,0.1876997622639973,0.16666666666666663,0.8732984293193717,0.6314948041566747,0.9155499457969971,0.8419636273175609,0.4968938569243309,0.49689385692433097,5.551115123125783e-17,1e-12,True
development_candidates,187,bellevue_150th_se38th,hdbscan,,6.0,18,15,13.647469458987784,0.3698464025869038,0.8446770227337581,0.175829034179734,0.16666666666666663,0.8635253054101222,0.6301535974130962,0.922338511366879,0.8504637757117527,0.4963339828645305,0.49633398286453057,5.551115123125783e-17,1e-12,True
development_candidates,188,bellevue_150th_se38th,optics,,1.0,18,10,52.4607329842932,0.3972099853157121,0.3727598075147803,0.7911395053012473,0.4444444444444444,0.475392670157068,0.602790014684288,0.6863799037573901,0.5583038043883759,0.5020481285366413,0.5020481285366412,1.1102230246251565e-16,1e-12,True
development_candidates,189,bellevue_150th_se38th,optics,,2.0,18,11,38.39441535776614,0.4305949008498583,0.8485181893461409,0.4040431284086531,0.38888888888888884,0.6160558464223386,0.5694050991501417,0.9242590946730704,0.7122288338346152,0.5382449164946949,0.538244916494695,1.1102230246251565e-16,1e-12,True
development_candidates,190,bellevue_150th_se38th,optics,,3.0,18,9,32.80977312390925,0.4015584415584415,0.8522403837025341,0.3403940505144742,0.5,0.6719022687609075,0.5984415584415586,0.926120191851267,0.7460492678374518,0.6114415555652093,0.6114415555652093,0.0,1e-12,True
development_candidates,191,bellevue_150th_se38th,optics,,4.0,18,6,23.909249563699827,0.3610091743119266,0.841277102458385,0.3085153259582977,0.6666666666666667,0.7609075043630017,0.6389908256880734,0.9206385512291926,0.7642249044868045,0.7179002623463407,0.7179002623463407,0.0,1e-12,True
development_candidates,192,bellevue_150th_se38th,optics,,5.0,18,11,56.090750436300176,0.4300476947535771,0.3574589685406186,0.7997569639969272,0.38888888888888884,0.43909249563699826,0.5699523052464228,0.6787294842703093,0.5556305767969832,0.4626941802032156,0.4626941802032156,0.0,1e-12,True
development_candidates,193,bellevue_150th_se38th,optics,,6.0,18,14,48.44677137870856,0.5145565335138795,0.9190292227572834,0.0828193465360603,0.2222222222222222,0.5155322862129144,0.48544346648612047,0.9595146113786417,0.9235150842095688,0.4510648845611271,0.45106488456112714,5.551115123125783e-17,1e-12,True
development_candidates,194,bellevue_150th_se38th,optics,,7.0,18,12,37.41710296684119,0.4311210262130507,0.895255206935224,0.110063987612765,0.33333333333333337,0.625828970331588,0.5688789737869493,0.947627603467612,0.9008489701125593,0.5335680154696963,0.5335680154696965,1.1102230246251565e-16,1e-12,True
development_candidates,195,bellevue_150th_se38th,optics,,8.0,18,9,27.5043630017452,0.3789118921521425,0.8707013094559957,0.1513885881143252,0.5,0.724956369982548,0.6210881078478575,0.9353506547279978,0.8685165115608274,0.6374868014101779,0.6374868014101779,0.0,1e-12,True
development_candidates,196,bellevue_150th_se38th,optics,,9.0,18,15,84.57242582897034,0.3846153846153846,0.6786255261951276,0.4174594536059657,0.16666666666666663,0.15427574171029657,0.6153846153846154,0.8393127630975639,0.7054875520114781,0.3302069747247583,0.33020697472475835,5.551115123125783e-17,1e-12,True
development_candidates,197,bellevue_150th_se38th,optics,,10.0,18,15,33.22862129144852,0.3904861474124412,0.931674299852372,0.0974241415907273,0.16666666666666663,0.6677137870855148,0.6095138525875587,0.965837149926186,0.9112247144030292,0.4655336624421136,0.46553366244211364,5.551115123125783e-17,1e-12,True
development_candidates,198,bellevue_150th_se38th,optics,,11.0,18,15,28.411867364746943,0.3768893222818137,0.9248175126823294,0.1057961101983706,0.16666666666666663,0.7158813263525305,0.6231106777181863,0.9624087563411647,0.9043258434148482,0.4754941263512593,0.47549412635125937,5.551115123125783e-17,1e-12,True
development_candidates,199,bellevue_150th_se38th,optics,,12.0,18,12,17.62652705061082,0.3334745762711864,0.889919460899985,0.1558911113871985,0.33333333333333337,0.8237347294938918,0.6665254237288136,0.9449597304499925,0.8651333937501156,0.5790754673583373,0.5790754673583373,0.0,1e-12,True
development_candidates,200,bellevue_150th_se38th,optics,,13.0,18,15,84.57242582897034,0.3846153846153846,0.6786255261951276,0.4174594536059657,0.16666666666666663,0.15427574171029657,0.6153846153846154,0.8393127630975639,0.7054875520114781,0.3302069747247583,0.33020697472475835,5.551115123125783e-17,1e-12,True
development_candidates,201,bellevue_150th_se38th,optics,,14.0,18,15,33.22862129144852,0.3904861474124412,0.931674299852372,0.0974241415907273,0.16666666666666663,0.6677137870855148,0.6095138525875587,0.965837149926186,0.9112247144030292,0.4655336624421136,0.46553366244211364,5.551115123125783e-17,1e-12,True
development_candidates,202,bellevue_150th_se38th,optics,,15.0,18,15,28.411867364746943,0.3768893222818137,0.9248175126823294,0.1057961101983706,0.16666666666666663,0.7158813263525305,0.6231106777181863,0.9624087563411647,0.9043258434148482,0.4754941263512593,0.47549412635125937,5.551115123125783e-17,1e-12,True
development_candidates,203,bellevue_150th_se38th,optics,,16.0,18,12,11.239092495636998,0.3094769956744003,0.8697090074410915,0.1742680861702542,0.33333333333333337,0.8876090750436301,0.6905230043255997,0.9348545037205458,0.8515942924595606,0.5918856617259634,0.5918856617259634,0.0,1e-12,True
development_candidates,204,bellevue_ne8th,kmeans,,1.0,9,7,0.0,0.5420028476506882,0.5518007983016237,0.8371295896588385,0.2222222222222222,1.0,0.4579971523493118,0.7759003991508118,0.5443274146957175,0.4889336077306953,0.4889336077306953,0.0,1e-12,True
development_candidates,205,bellevue_ne8th,kmeans,,2.0,9,6,0.0,0.438063597532036,0.6250478867358775,0.6041198191503511,0.33333333333333337,1.0,0.5619364024679641,0.8125239433679388,0.6233948287788544,0.5664521841281425,0.5664521841281425,0.0,1e-12,True
development_candidates,206,bellevue_ne8th,kmeans,,3.0,9,5,0.0,0.2988451194431261,0.7299498869229283,0.4235662461372845,0.4444444444444444,1.0,0.7011548805568739,0.8649749434614642,0.7024611623894621,0.6490813208630022,0.6490813208630022,0.0,1e-12,True
development_candidates,207,bellevue_ne8th,kmeans,,4.0,9,4,0.0,0.2988451194431261,0.7643357086348036,0.3221182181786863,0.5555555555555556,1.0,0.7011548805568739,0.8821678543174019,0.7563620153253561,0.711746252797741,0.711746252797741,0.0,1e-12,True
development_candidates,208,bellevue_ne8th,kmeans,,5.0,9,3,0.0,0.2562885619364025,0.7814203301435885,0.2846925829620974,0.6666666666666667,1.0,0.7437114380635975,0.8907101650717942,0.7783963364171639,0.7746151272885891,0.7746151272885891,0.0,1e-12,True
development_candidates,209,bellevue_ne8th,kmeans,,6.0,9,2,0.0,0.2363550071191267,0.8085617891417595,0.2957069573527238,0.7777777777777778,1.0,0.7636449928808733,0.9042808945708798,0.7717794477565463,0.8328594224097189,0.8328594224097189,0.0,1e-12,True
development_candidates,210,bellevue_ne8th,kmeans,,7.0,9,1,0.0,0.2363550071191267,0.8234680878183831,0.2270819687225489,0.8888888888888888,1.0,0.7636449928808733,0.9117340439091915,0.8149414835270116,0.893476496476152,0.893476496476152,0.0,1e-12,True
development_candidates,211,bellevue_ne8th,kmeans,,8.0,9,0,0.0,0.2363550071191267,0.8305133250530503,0.2151128395716973,1.0,1.0,0.7636449928808733,0.9152566625265252,0.8229688366658029,0.95018704920732,0.9501870492073201,1.1102230246251565e-16,1e-12,True
development_candidates,212,bellevue_ne8th,kmeans,,9.0,9,1,0.0,0.2363550071191267,0.8359066000568947,0.2042397155352023,0.8888888888888888,1.0,0.7636449928808733,0.9179533000284473,0.8303994521186908,0.8956442189472456,0.8956442189472456,0.0,1e-12,True
development_candidates,213,bellevue_ne8th,kmeans,,10.0,9,2,0.0,0.2161050466698307,0.8033674979675779,0.25351712503687,0.7777777777777778,1.0,0.7838949533301693,0.901683748983789,0.7977553557320461,0.8372222946934894,0.8372222946934894,0.0,1e-12,True
development_candidates,214,bellevue_ne8th,kmeans,,11.0,9,3,0.0,0.2161050466698307,0.7664650422363349,0.3408453466944328,0.6666666666666667,1.0,0.7838949533301693,0.8832325211181675,0.7457981656611524,0.7746258973442824,0.7746258973442824,0.0,1e-12,True
development_candidates,215,bellevue_ne8th,kmeans,,12.0,9,4,0.0,0.1699098243948742,0.6822048218861069,0.4386334906252961,0.5555555555555556,1.0,0.8300901756051258,0.8411024109430534,0.6951040737730595,0.7144074438099016,0.7144074438099016,0.0,1e-12,True
development_candidates,216,bellevue_ne8th,kmeans,,13.0,9,5,0.0,0.1692770131308337,0.6298739655332262,0.556806039814064,0.4444444444444444,1.0,0.8307229868691663,0.8149369827666131,0.6423407761954947,0.6510222968053496,0.6510222968053496,0.0,1e-12,True
development_candidates,217,bellevue_ne8th,kmeans,,14.0,9,6,0.0,0.1642145230185097,0.6277072670147199,0.5154669370402672,0.33333333333333337,1.0,0.8357854769814903,0.81385363350736,0.6598626308225616,0.597616840797808,0.597616840797808,0.0,1e-12,True
development_candidates,218,bellevue_ne8th,kmeans,,15.0,9,7,0.0,0.1642145230185097,0.6234411544890681,0.5137719773622855,0.2222222222222222,1.0,0.8357854769814903,0.8117205772445341,0.6606014743002959,0.5419218639637432,0.5419218639637432,0.0,1e-12,True
development_candidates,219,bellevue_ne8th,kmeans,,16.0,9,8,0.0,0.1642145230185097,0.6351273023087172,0.5297228968087936,0.11111111111111116,1.0,0.8357854769814903,0.8175636511543586,0.653713167323398,0.4862617851014803,0.4862617851014803,0.0,1e-12,True
development_candidates,220,bellevue_ne8th,kmeans,,17.0,9,9,0.0,0.1642145230185097,0.6129933533496285,0.5548743044065394,0.0,1.0,0.8357854769814903,0.8064966766748143,0.6431388036743443,0.4285420957330649,0.4285420957330649,0.0,1e-12,True
development_candidates,221,bellevue_ne8th,kmeans,,18.0,9,10,0.0,0.1642145230185097,0.6213461437377557,0.5701603307242277,0.0,1.0,0.8357854769814903,0.8106730718688778,0.6368776362721861,0.4283336185122555,0.4283336185122555,0.0,1e-12,True
development_candidates,222,bellevue_ne8th,kmeans,,19.0,9,11,0.0,0.1640563202024996,0.6180795961362817,0.5654038463422688,0.0,1.0,0.8359436797975004,0.8090397980681409,0.6388127909207617,0.4283796268786403,0.42837962687864034,5.551115123125783e-17,1e-12,True
development_candidates,223,bellevue_ne8th,kmeans,,20.0,9,12,0.0,0.1259294415440595,0.6220837136331743,0.5603393359582145,0.0,1.0,0.8740705584559405,0.8110418568165871,0.6408862334973395,0.4325998648769867,0.43259986487698676,5.551115123125783e-17,1e-12,True
development_candidates,224,bellevue_ne8th,kmeans,,21.0,9,13,0.0,0.1640563202024996,0.5768787803652979,0.6279583728807513,0.0,1.0,0.8359436797975004,0.788439390182649,0.6142663207232084,0.4238649390703358,0.42386493907033584,5.551115123125783e-17,1e-12,True
development_candidates,225,bellevue_ne8th,kmeans,,22.0,9,14,0.0,0.1259294415440595,0.5861963830393313,0.604835492433259,0.0,1.0,0.8740705584559405,0.7930981915196657,0.6231168270610686,0.4290285577036675,0.4290285577036675,0.0,1e-12,True
development_candidates,226,bellevue_ne8th,kmeans,,23.0,9,15,0.0,0.1257712387280493,0.6021752098300457,0.6476305119189659,0.0,1.0,0.8742287612719507,0.8010876049150228,0.6069321930894068,0.428224855927638,0.42822485592763804,5.551115123125783e-17,1e-12,True
development_candidates,227,bellevue_ne8th,kmeans,,24.0,9,16,0.0,0.1257712387280493,0.592354700495671,0.6422662996981969,0.0,1.0,0.8742287612719507,0.7961773502478355,0.6089146444664744,0.427932075598626,0.42793207559862606,5.551115123125783e-17,1e-12,True
development_candidates,228,bellevue_ne8th,kmeans,,25.0,9,17,0.0,0.1257712387280493,0.5563863080719478,0.6625997742416083,0.0,1.0,0.8742287612719507,0.7781931540359739,0.6014676625684904,0.4253889577876415,0.4253889577876415,0.0,1e-12,True
development_candidates,229,bellevue_ne8th,kmeans,,26.0,9,18,0.0,0.1257712387280493,0.5802030512167616,0.6212626501306586,0.0,1.0,0.8742287612719507,0.7901015256083808,0.6168032057726176,0.4281133492652949,0.42811334926529493,5.551115123125783e-17,1e-12,True
development_candidates,230,bellevue_ne8th,kmeans,,27.0,9,19,0.0,0.1257712387280493,0.5848258475919994,0.6316466519974278,0.0,1.0,0.8742287612719507,0.7924129237959997,0.6128777935932519,0.4279519478661202,0.42795194786612023,5.551115123125783e-17,1e-12,True
development_candidates,231,bellevue_ne8th,kmeans,,28.0,9,20,0.0,0.1257712387280493,0.5788953647209202,0.6368469312056384,0.0,1.0,0.8742287612719507,0.7894476823604601,0.6109306746620703,0.4274607118294481,0.4274607118294481,0.0,1e-12,True
development_candidates,232,bellevue_ne8th,kmeans,,29.0,9,21,0.0,0.1257712387280493,0.5715877484675531,0.6664737498453112,0.0,1.0,0.8742287612719507,0.7857938742337766,0.600069458095469,0.4260092093601196,0.42600920936011966,5.551115123125783e-17,1e-12,True
development_candidates,233,bellevue_ne8th,hdbscan,,1.0,9,5,11.311501344723936,0.2436674991080984,0.7499375488994126,0.3607348516744934,0.4444444444444444,0.8868849865527606,0.7563325008919016,0.8749687744497063,0.734897029182004,0.6362190499851355,0.6362190499851357,2.220446049250313e-16,1e-12,True
development_candidates,234,bellevue_ne8th,hdbscan,,2.0,9,5,12.4031007751938,0.2467039913310457,0.7691477474295804,0.336643980433053,0.4444444444444444,0.875968992248062,0.7532960086689543,0.8845738737147901,0.748142373465831,0.6360172462567922,0.6360172462567922,0.0,1e-12,True
development_candidates,235,bellevue_ne8th,hdbscan,,3.0,9,0,5.189052365132099,0.2279325880193559,0.7619957418445035,0.380962710316216,1.0,0.948109476348679,0.7720674119806441,0.8809978709222517,0.7241325146071597,0.9273416750207416,0.9273416750207415,1.1102230246251565e-16,1e-12,True
development_candidates,236,bellevue_ne8th,hdbscan,,4.0,9,0,5.932605600379687,0.2297342751429532,0.7622420083125453,0.375573660891314,1.0,0.9406739439962031,0.7702657248570468,0.8811210041562727,0.7269694298682936,0.925970404687402,0.925970404687402,0.0,1e-12,True
development_candidates,237,bellevue_ne8th,hdbscan,,5.0,9,3,13.684543584875811,0.2571480938416422,0.720373976812492,0.511043377873303,0.6666666666666667,0.8631545641512419,0.7428519061583578,0.8601869884062461,0.6617943697999167,0.7324475726000339,0.7324475726000339,0.0,1e-12,True
development_candidates,238,bellevue_ne8th,hdbscan,,6.0,9,3,14.364815693719349,0.2591908368741917,0.7296824643751548,0.4993008276074799,0.6666666666666667,0.8563518430628065,0.7408091631258082,0.8648412321875774,0.66697755486186,0.7318664969634192,0.7318664969634192,0.0,1e-12,True
development_candidates,239,bellevue_ne8th,optics,,1.0,9,5,47.14443917101725,0.2158036516013169,0.8048579257455674,0.2812858894924657,0.4444444444444444,0.5285556082898275,0.7841963483986831,0.9024289628727837,0.780465943003644,0.5746424693076988,0.5746424693076988,0.0,1e-12,True
development_candidates,240,bellevue_ne8th,optics,,2.0,9,9,30.59642461635817,0.1764303624344654,0.7409324092594362,0.3625440287579287,0.0,0.6940357538364184,0.8235696375655346,0.870466204629718,0.7339212376950361,0.3816028587563125,0.38160285875631256,5.551115123125783e-17,1e-12,True
development_candidates,241,bellevue_ne8th,optics,,3.0,9,4,54.78563518430628,0.2662701189643107,0.7781770485803425,0.3116216519569388,0.5555555555555556,0.4521436481569372,0.7337298810356894,0.8890885242901713,0.7624149833970799,0.6067298462814592,0.6067298462814592,0.0,1e-12,True
development_candidates,242,bellevue_ne8th,optics,,4.0,9,5,53.96298054105363,0.2652920962199313,0.7765663411887989,0.3179970264820043,0.4444444444444444,0.4603701945894637,0.7347079037800688,0.8882831705943994,0.7587270531779564,0.5524680738953575,0.5524680738953575,0.0,1e-12,True
development_candidates,243,bellevue_ne8th,optics,,5.0,9,4,46.73311184939092,0.2141372141372141,0.8173641387736207,0.2332966255317749,0.5555555555555556,0.5326688815060907,0.7858627858627859,0.9086820693868103,0.8108349437580098,0.6348495339797566,0.6348495339797565,1.1102230246251565e-16,1e-12,True
development_candidates,244,bellevue_ne8th,optics,,6.0,9,7,30.865369403575382,0.177116704805492,0.7744433707435082,0.3099042052981069,0.2222222222222222,0.6913463059642462,0.822883295194508,0.887221685371754,0.763414603873587,0.4967323307479452,0.4967323307479452,0.0,1e-12,True
development_candidates,245,bellevue_ne8th,optics,,7.0,9,2,39.64562569213732,0.291218872870249,0.8356213065213814,0.2379356099693866,0.7777777777777778,0.6035437430786268,0.708781127129751,0.9178106532606907,0.8077964572202018,0.7530364612656786,0.7530364612656786,0.0,1e-12,True
development_candidates,246,bellevue_ne8th,optics,,8.0,9,1,65.78073089700996,0.356911696717522,0.9149904996995528,0.1811789316984527,0.8888888888888888,0.34219269102990035,0.643088303282478,0.9574952498497764,0.8466117818085952,0.7576025161445096,0.7576025161445096,0.0,1e-12,True
development_candidates,247,bellevue_ne8th,optics,,9.0,9,1,58.77234614776143,0.2670759785111282,0.8426548827300901,0.2068199055167184,0.8888888888888888,0.41227653852238566,0.7329240214888718,0.9213274413650451,0.8286240518810756,0.7751873036224208,0.7751873036224208,0.0,1e-12,True
development_candidates,248,bellevue_ne8th,optics,,10.0,9,2,39.78800822654643,0.2012611665790856,0.799989472761511,0.2685942054717181,0.7777777777777778,0.6021199177345358,0.7987388334209145,0.8999947363807554,0.7882741350124304,0.7580136429172061,0.7580136429172061,0.0,1e-12,True
development_candidates,249,bellevue_ne8th,optics,,11.0,9,3,48.10947634867901,0.2280487804878049,0.8146674647805374,0.2407535662279467,0.6666666666666667,0.5189052365132099,0.7719512195121951,0.9073337323902687,0.8059618180587874,0.6856390576321005,0.6856390576321005,0.0,1e-12,True
development_candidates,250,bellevue_ne8th,optics,,12.0,9,0,63.18620471444392,0.3287494628276751,0.9115030360723186,0.1698693076731495,1.0,0.36813795285556083,0.671250537172325,0.9557515180361593,0.8547963378823771,0.8218074298801984,0.8218074298801984,0.0,1e-12,True
development_candidates,251,bellevue_ne8th,optics,,13.0,9,1,58.77234614776143,0.2670759785111282,0.8426548827300901,0.2068199055167184,0.8888888888888888,0.41227653852238566,0.7329240214888718,0.9213274413650451,0.8286240518810756,0.7751873036224208,0.7751873036224208,0.0,1e-12,True
development_candidates,252,bellevue_ne8th,optics,,14.0,9,2,35.10520487264673,0.1867381764992686,0.812473366134182,0.2677376333461204,0.7777777777777778,0.6489479512735328,0.8132618235007314,0.9062366830670909,0.7888067480970472,0.7695090046100824,0.7695090046100824,0.0,1e-12,True
development_candidates,253,bellevue_ne8th,optics,,15.0,9,3,17.908558772346147,0.2405087685488533,0.7554109388803035,0.3253790511032728,0.6666666666666667,0.8209144122765385,0.7594912314511467,0.8777054694401518,0.7545011362353882,0.7366859995013098,0.7366859995013098,0.0,1e-12,True
development_candidates,254,bellevue_ne8th,optics,,16.0,9,1,19.68043031165955,0.2540870592869805,0.8864636327081589,0.1320702941959342,0.8888888888888888,0.8031956968834045,0.7459129407130195,0.9432318163540794,0.8833373732417044,0.8623317968520057,0.8623317968520057,0.0,1e-12,True
development_selected,0,bellevue_116th_ne12th,kmeans,untargeted_selection,9.0,10,0,0.0,0.2760252365930599,0.8066763101492748,0.2688400643466629,1.0,1.0,0.7239747634069401,0.9033381550746373,0.7881213937825245,0.9415434312264102,0.9415434312264103,1.1102230246251565e-16,1e-12,True
development_selected,1,bellevue_116th_ne12th,kmeans,hg_expected_aware_selection,9.0,10,0,0.0,0.2760252365930599,0.8066763101492748,0.2688400643466629,1.0,1.0,0.7239747634069401,0.9033381550746373,0.7881213937825245,0.9415434312264102,0.9415434312264103,1.1102230246251565e-16,1e-12,True
development_selected,2,bellevue_116th_ne12th,hdbscan,untargeted_selection,1.0,10,6,0.6309148264984227,0.4174603174603175,0.7143497645807769,0.4201245070231327,0.4,0.9936908517350158,0.5825396825396825,0.8571748822903884,0.7041636103416042,0.6131259878641706,0.6131259878641706,0.0,1e-12,True
development_selected,3,bellevue_116th_ne12th,hdbscan,hg_expected_aware_selection,1.0,10,6,0.6309148264984227,0.4174603174603175,0.7143497645807769,0.4201245070231327,0.4,0.9936908517350158,0.5825396825396825,0.8571748822903884,0.7041636103416042,0.6131259878641706,0.6131259878641706,0.0,1e-12,True
development_selected,4,bellevue_116th_ne12th,optics,untargeted_selection,1.0,10,7,68.45425867507886,0.425,0.965340495392891,0.0491230956653976,0.30000000000000004,0.3154574132492114,0.575,0.9826702476964455,0.9531769952750476,0.4641762069469916,0.4641762069469916,0.0,1e-12,True
development_selected,5,bellevue_116th_ne12th,optics,hg_expected_aware_selection,4.0,10,5,16.876971608832807,0.3168880455407969,0.8491730113229672,0.2521775089306522,0.5,0.8312302839116719,0.683111954459203,0.9245865056614836,0.7986088177338296,0.6568767845677861,0.6568767845677861,0.0,1e-12,True
development_selected,6,bellevue_150th_newport,kmeans,untargeted_selection,6.0,12,5,0.0,0.3663334408255401,0.888957749100115,0.1530959894455355,0.5833333333333333,1.0,0.6336665591744599,0.9444788745500575,0.8672304900486633,0.7362042590439848,0.7362042590439848,0.0,1e-12,True
development_selected,7,bellevue_150th_newport,kmeans,hg_expected_aware_selection,11.0,12,0,0.0,0.3140922283134473,0.6799288266882095,0.4090524215814426,1.0,1.0,0.6859077716865527,0.8399644133441048,0.7096968038120649,0.9235568988842722,0.9235568988842722,0.0,1e-12,True
development_selected,8,bellevue_150th_newport,hdbscan,untargeted_selection,2.0,12,6,1.3544018058690743,0.3690748610657077,0.8945741739500087,0.1447992423360397,0.5,0.9864559819413092,0.6309251389342923,0.9472870869750043,0.873515602577997,0.6924639792369911,0.6924639792369911,0.0,1e-12,True
development_selected,9,bellevue_150th_newport,hdbscan,hg_expected_aware_selection,1.0,12,6,1.3221541438245727,0.369281045751634,0.8945074956513663,0.1447499642182522,0.5,0.9867784585617543,0.630718954248366,0.9472537478256832,0.8735532048545626,0.692508282405212,0.692508282405212,0.0,1e-12,True
development_selected,10,bellevue_150th_newport,optics,untargeted_selection,10.0,12,8,46.37213801999355,0.4353577871316897,0.9615318182716166,0.051056012190596,0.33333333333333337,0.5362786198000645,0.5646422128683103,0.9807659091358083,0.9514240805452548,0.523605610881617,0.523605610881617,0.0,1e-12,True
development_selected,11,bellevue_150th_newport,optics,hg_expected_aware_selection,8.0,12,5,7.99742018703644,0.3838065194532071,0.8914818869685179,0.1561371259099792,0.5833333333333333,0.9200257981296356,0.6161934805467929,0.945740943484259,0.8649493019376177,0.7183601988894607,0.7183601988894607,0.0,1e-12,True
development_selected,12,bellevue_150th_eastgate,kmeans,untargeted_selection,10.0,9,2,0.0,0.2295685466058018,0.819307164876336,0.2607672549274568,0.7777777777777778,1.0,0.7704314533941982,0.909653582438168,0.7931678080087342,0.836214173272999,0.836214173272999,0.0,1e-12,True
development_selected,13,bellevue_150th_eastgate,kmeans,hg_expected_aware_selection,8.0,9,0,0.0,0.2295685466058018,0.8136297958350629,0.2915470800371681,1.0,1.0,0.7704314533941982,0.9068148979175314,0.7742652323376568,0.9451511583649386,0.9451511583649386,0.0,1e-12,True
development_selected,14,bellevue_150th_eastgate,hdbscan,untargeted_selection,3.0,9,3,2.93034899131203,0.1641383495145631,0.7658705804084739,0.31307660480459,0.6666666666666667,0.9706965100868797,0.8358616504854369,0.8829352902042369,0.7615701904526875,0.7755093484649453,0.7755093484649453,0.0,1e-12,True
development_selected,15,bellevue_150th_eastgate,hdbscan,hg_expected_aware_selection,6.0,9,1,2.871447504049477,0.164038811400849,0.7348512715046156,0.3722523477838459,0.8888888888888888,0.9712855249595053,0.835961188599151,0.8674256357523078,0.7287289408649769,0.8819131259579891,0.8819131259579891,0.0,1e-12,True
development_selected,16,bellevue_150th_eastgate,optics,untargeted_selection,8.0,9,2,37.03431011633044,0.3592142188961646,0.8682007345024816,0.2013692159803137,0.7777777777777778,0.6296568988366956,0.6407857811038353,0.9341003672512408,0.8323835725922134,0.7555472407509569,0.7555472407509569,0.0,1e-12,True
development_selected,17,bellevue_150th_eastgate,optics,hg_expected_aware_selection,15.0,9,1,22.117508467088797,0.2785025524673851,0.8664390606879109,0.1547861333286758,0.8888888888888888,0.778824915329112,0.7214974475326149,0.9332195303439554,0.8659612123307161,0.8522772465309955,0.8522772465309955,0.0,1e-12,True
development_selected,18,bellevue_150th_se38th,kmeans,untargeted_selection,11.0,18,6,0.0,0.2764397905759162,0.828871462132217,0.3312712397899077,0.6666666666666667,1.0,0.7235602094240838,0.9144357310661084,0.7511617243063204,0.7722490998129847,0.7722490998129847,0.0,1e-12,True
development_selected,19,bellevue_150th_se38th,kmeans,hg_expected_aware_selection,17.0,18,0,0.0,0.2743455497382199,0.7259645307388554,0.4886428070166788,1.0,1.0,0.7256544502617801,0.8629822653694277,0.6717528175909804,0.9260389533222187,0.9260389533222187,0.0,1e-12,True
development_selected,20,bellevue_150th_se38th,hdbscan,untargeted_selection,4.0,18,15,13.647469458987784,0.3698464025869038,0.8446770227337581,0.175829034179734,0.16666666666666663,0.8635253054101222,0.6301535974130962,0.922338511366879,0.8504637757117527,0.4963339828645305,0.49633398286453057,5.551115123125783e-17,1e-12,True
development_selected,21,bellevue_150th_se38th,hdbscan,hg_expected_aware_selection,1.0,18,11,6.317626527050611,0.2928464977645305,0.7259351208326912,0.5811849180045778,0.38888888888888884,0.9368237347294939,0.7071535022354696,0.8629675604163456,0.6324370974028636,0.602065007395811,0.602065007395811,0.0,1e-12,True
development_selected,22,bellevue_150th_se38th,optics,untargeted_selection,10.0,18,15,33.22862129144852,0.3904861474124412,0.931674299852372,0.0974241415907273,0.16666666666666663,0.6677137870855148,0.6095138525875587,0.965837149926186,0.9112247144030292,0.4655336624421136,0.46553366244211364,5.551115123125783e-17,1e-12,True
development_selected,23,bellevue_150th_se38th,optics,hg_expected_aware_selection,4.0,18,6,23.909249563699827,0.3610091743119266,0.841277102458385,0.3085153259582977,0.6666666666666667,0.7609075043630017,0.6389908256880734,0.9206385512291926,0.7642249044868045,0.7179002623463407,0.7179002623463407,0.0,1e-12,True
development_selected,24,bellevue_ne8th,kmeans,untargeted_selection,9.0,9,1,0.0,0.2363550071191267,0.8359066000568947,0.2042397155352023,0.8888888888888888,1.0,0.7636449928808733,0.9179533000284473,0.8303994521186908,0.8956442189472456,0.8956442189472456,0.0,1e-12,True
development_selected,25,bellevue_ne8th,kmeans,hg_expected_aware_selection,8.0,9,0,0.0,0.2363550071191267,0.8305133250530503,0.2151128395716973,1.0,1.0,0.7636449928808733,0.9152566625265252,0.8229688366658029,0.95018704920732,0.9501870492073201,1.1102230246251565e-16,1e-12,True
development_selected,26,bellevue_ne8th,hdbscan,untargeted_selection,2.0,9,5,12.4031007751938,0.2467039913310457,0.7691477474295804,0.336643980433053,0.4444444444444444,0.875968992248062,0.7532960086689543,0.8845738737147901,0.748142373465831,0.6360172462567922,0.6360172462567922,0.0,1e-12,True
development_selected,27,bellevue_ne8th,hdbscan,hg_expected_aware_selection,3.0,9,0,5.189052365132099,0.2279325880193559,0.7619957418445035,0.380962710316216,1.0,0.948109476348679,0.7720674119806441,0.8809978709222517,0.7241325146071597,0.9273416750207416,0.9273416750207415,1.1102230246251565e-16,1e-12,True
development_selected,28,bellevue_ne8th,optics,untargeted_selection,8.0,9,1,65.78073089700996,0.356911696717522,0.9149904996995528,0.1811789316984527,0.8888888888888888,0.34219269102990035,0.643088303282478,0.9574952498497764,0.8466117818085952,0.7576025161445096,0.7576025161445096,0.0,1e-12,True
development_selected,29,bellevue_ne8th,optics,hg_expected_aware_selection,12.0,9,0,63.18620471444392,0.3287494628276751,0.9115030360723186,0.1698693076731495,1.0,0.36813795285556083,0.671250537172325,0.9557515180361593,0.8547963378823771,0.8218074298801984,0.8218074298801984,0.0,1e-12,True
frozen_protocol_selected,0,bellevue_116th_ne12th,kmeans,untargeted_selection,9.0,10,0,0.0,0.2760252365930599,0.8066763101492748,0.2688400643466629,1.0,1.0,0.7239747634069401,0.9033381550746373,0.7881213937825245,0.9415434312264102,0.9415434312264103,1.1102230246251565e-16,1e-12,True
frozen_protocol_selected,1,bellevue_116th_ne12th,kmeans,hg_expected_aware_selection,9.0,10,0,0.0,0.2760252365930599,0.8066763101492748,0.2688400643466629,1.0,1.0,0.7239747634069401,0.9033381550746373,0.7881213937825245,0.9415434312264102,0.9415434312264103,1.1102230246251565e-16,1e-12,True
frozen_protocol_selected,2,bellevue_116th_ne12th,hdbscan,untargeted_selection,1.0,10,6,0.6309148264984227,0.4174603174603175,0.7143497645807769,0.4201245070231327,0.4,0.9936908517350158,0.5825396825396825,0.8571748822903884,0.7041636103416042,0.6131259878641706,0.6131259878641706,0.0,1e-12,True
frozen_protocol_selected,3,bellevue_116th_ne12th,hdbscan,hg_expected_aware_selection,1.0,10,6,0.6309148264984227,0.4174603174603175,0.7143497645807769,0.4201245070231327,0.4,0.9936908517350158,0.5825396825396825,0.8571748822903884,0.7041636103416042,0.6131259878641706,0.6131259878641706,0.0,1e-12,True
frozen_protocol_selected,4,bellevue_116th_ne12th,optics,untargeted_selection,1.0,10,7,68.45425867507886,0.425,0.965340495392891,0.0491230956653976,0.30000000000000004,0.3154574132492114,0.575,0.9826702476964455,0.9531769952750476,0.4641762069469916,0.4641762069469916,0.0,1e-12,True
frozen_protocol_selected,5,bellevue_116th_ne12th,optics,hg_expected_aware_selection,4.0,10,5,16.876971608832807,0.3168880455407969,0.8491730113229672,0.2521775089306522,0.5,0.8312302839116719,0.683111954459203,0.9245865056614836,0.7986088177338296,0.6568767845677861,0.6568767845677861,0.0,1e-12,True
frozen_protocol_selected,6,bellevue_150th_newport,kmeans,untargeted_selection,6.0,12,5,0.0,0.3663334408255401,0.888957749100115,0.1530959894455355,0.5833333333333333,1.0,0.6336665591744599,0.9444788745500575,0.8672304900486633,0.7362042590439848,0.7362042590439848,0.0,1e-12,True
frozen_protocol_selected,7,bellevue_150th_newport,kmeans,hg_expected_aware_selection,11.0,12,0,0.0,0.3140922283134473,0.6799288266882095,0.4090524215814426,1.0,1.0,0.6859077716865527,0.8399644133441048,0.7096968038120649,0.9235568988842722,0.9235568988842722,0.0,1e-12,True
frozen_protocol_selected,8,bellevue_150th_newport,hdbscan,untargeted_selection,2.0,12,6,1.3544018058690743,0.3690748610657077,0.8945741739500087,0.1447992423360397,0.5,0.9864559819413092,0.6309251389342923,0.9472870869750043,0.873515602577997,0.6924639792369911,0.6924639792369911,0.0,1e-12,True
frozen_protocol_selected,9,bellevue_150th_newport,hdbscan,hg_expected_aware_selection,1.0,12,6,1.3221541438245727,0.369281045751634,0.8945074956513663,0.1447499642182522,0.5,0.9867784585617543,0.630718954248366,0.9472537478256832,0.8735532048545626,0.692508282405212,0.692508282405212,0.0,1e-12,True
frozen_protocol_selected,10,bellevue_150th_newport,optics,untargeted_selection,10.0,12,8,46.37213801999355,0.4353577871316897,0.9615318182716166,0.051056012190596,0.33333333333333337,0.5362786198000645,0.5646422128683103,0.9807659091358083,0.9514240805452548,0.523605610881617,0.523605610881617,0.0,1e-12,True
frozen_protocol_selected,11,bellevue_150th_newport,optics,hg_expected_aware_selection,8.0,12,5,7.99742018703644,0.3838065194532071,0.8914818869685179,0.1561371259099792,0.5833333333333333,0.9200257981296356,0.6161934805467929,0.945740943484259,0.8649493019376177,0.7183601988894607,0.7183601988894607,0.0,1e-12,True
frozen_protocol_selected,12,bellevue_150th_eastgate,kmeans,untargeted_selection,10.0,9,2,0.0,0.2295685466058018,0.819307164876336,0.2607672549274568,0.7777777777777778,1.0,0.7704314533941982,0.909653582438168,0.7931678080087342,0.836214173272999,0.836214173272999,0.0,1e-12,True
frozen_protocol_selected,13,bellevue_150th_eastgate,kmeans,hg_expected_aware_selection,8.0,9,0,0.0,0.2295685466058018,0.8136297958350629,0.2915470800371681,1.0,1.0,0.7704314533941982,0.9068148979175314,0.7742652323376568,0.9451511583649386,0.9451511583649386,0.0,1e-12,True
frozen_protocol_selected,14,bellevue_150th_eastgate,hdbscan,untargeted_selection,3.0,9,3,2.93034899131203,0.1641383495145631,0.7658705804084739,0.31307660480459,0.6666666666666667,0.9706965100868797,0.8358616504854369,0.8829352902042369,0.7615701904526875,0.7755093484649453,0.7755093484649453,0.0,1e-12,True
frozen_protocol_selected,15,bellevue_150th_eastgate,hdbscan,hg_expected_aware_selection,6.0,9,1,2.871447504049477,0.164038811400849,0.7348512715046156,0.3722523477838459,0.8888888888888888,0.9712855249595053,0.835961188599151,0.8674256357523078,0.7287289408649769,0.8819131259579891,0.8819131259579891,0.0,1e-12,True
frozen_protocol_selected,16,bellevue_150th_eastgate,optics,untargeted_selection,8.0,9,2,37.03431011633044,0.3592142188961646,0.8682007345024816,0.2013692159803137,0.7777777777777778,0.6296568988366956,0.6407857811038353,0.9341003672512408,0.8323835725922134,0.7555472407509569,0.7555472407509569,0.0,1e-12,True
frozen_protocol_selected,17,bellevue_150th_eastgate,optics,hg_expected_aware_selection,15.0,9,1,22.117508467088797,0.2785025524673851,0.8664390606879109,0.1547861333286758,0.8888888888888888,0.778824915329112,0.7214974475326149,0.9332195303439554,0.8659612123307161,0.8522772465309955,0.8522772465309955,0.0,1e-12,True
frozen_protocol_selected,18,bellevue_150th_se38th,kmeans,untargeted_selection,11.0,18,6,0.0,0.2764397905759162,0.828871462132217,0.3312712397899077,0.6666666666666667,1.0,0.7235602094240838,0.9144357310661084,0.7511617243063204,0.7722490998129847,0.7722490998129847,0.0,1e-12,True
frozen_protocol_selected,19,bellevue_150th_se38th,kmeans,hg_expected_aware_selection,17.0,18,0,0.0,0.2743455497382199,0.7259645307388554,0.4886428070166788,1.0,1.0,0.7256544502617801,0.8629822653694277,0.6717528175909804,0.9260389533222187,0.9260389533222187,0.0,1e-12,True
frozen_protocol_selected,20,bellevue_150th_se38th,hdbscan,untargeted_selection,4.0,18,15,13.647469458987784,0.3698464025869038,0.8446770227337581,0.175829034179734,0.16666666666666663,0.8635253054101222,0.6301535974130962,0.922338511366879,0.8504637757117527,0.4963339828645305,0.49633398286453057,5.551115123125783e-17,1e-12,True
frozen_protocol_selected,21,bellevue_150th_se38th,hdbscan,hg_expected_aware_selection,1.0,18,11,6.317626527050611,0.2928464977645305,0.7259351208326912,0.5811849180045778,0.38888888888888884,0.9368237347294939,0.7071535022354696,0.8629675604163456,0.6324370974028636,0.602065007395811,0.602065007395811,0.0,1e-12,True
frozen_protocol_selected,22,bellevue_150th_se38th,optics,untargeted_selection,10.0,18,15,33.22862129144852,0.3904861474124412,0.931674299852372,0.0974241415907273,0.16666666666666663,0.6677137870855148,0.6095138525875587,0.965837149926186,0.9112247144030292,0.4655336624421136,0.46553366244211364,5.551115123125783e-17,1e-12,True
frozen_protocol_selected,23,bellevue_150th_se38th,optics,hg_expected_aware_selection,4.0,18,6,23.909249563699827,0.3610091743119266,0.841277102458385,0.3085153259582977,0.6666666666666667,0.7609075043630017,0.6389908256880734,0.9206385512291926,0.7642249044868045,0.7179002623463407,0.7179002623463407,0.0,1e-12,True
frozen_protocol_selected,24,bellevue_ne8th,kmeans,untargeted_selection,9.0,9,1,0.0,0.2363550071191267,0.8359066000568947,0.2042397155352023,0.8888888888888888,1.0,0.7636449928808733,0.9179533000284473,0.8303994521186908,0.8956442189472456,0.8956442189472456,0.0,1e-12,True
frozen_protocol_selected,25,bellevue_ne8th,kmeans,hg_expected_aware_selection,8.0,9,0,0.0,0.2363550071191267,0.8305133250530503,0.2151128395716973,1.0,1.0,0.7636449928808733,0.9152566625265252,0.8229688366658029,0.95018704920732,0.9501870492073201,1.1102230246251565e-16,1e-12,True
frozen_protocol_selected,26,bellevue_ne8th,hdbscan,untargeted_selection,2.0,9,5,12.4031007751938,0.2467039913310457,0.7691477474295804,0.336643980433053,0.4444444444444444,0.875968992248062,0.7532960086689543,0.8845738737147901,0.748142373465831,0.6360172462567922,0.6360172462567922,0.0,1e-12,True
frozen_protocol_selected,27,bellevue_ne8th,hdbscan,hg_expected_aware_selection,3.0,9,0,5.189052365132099,0.2279325880193559,0.7619957418445035,0.380962710316216,1.0,0.948109476348679,0.7720674119806441,0.8809978709222517,0.7241325146071597,0.9273416750207416,0.9273416750207415,1.1102230246251565e-16,1e-12,True
frozen_protocol_selected,28,bellevue_ne8th,optics,untargeted_selection,8.0,9,1,65.78073089700996,0.356911696717522,0.9149904996995528,0.1811789316984527,0.8888888888888888,0.34219269102990035,0.643088303282478,0.9574952498497764,0.8466117818085952,0.7576025161445096,0.7576025161445096,0.0,1e-12,True
frozen_protocol_selected,29,bellevue_ne8th,optics,hg_expected_aware_selection,12.0,9,0,63.18620471444392,0.3287494628276751,0.9115030360723186,0.1698693076731495,1.0,0.36813795285556083,0.671250537172325,0.9557515180361593,0.8547963378823771,0.8218074298801984,0.8218074298801984,0.0,1e-12,True
independent_test_metrics,0,bellevue_116th_ne12th,kmeans,untargeted_selection,,10,0,0.0,0.244813278008,0.775581566217,0.358244041265,1.0,1.0,0.755186721992,0.8877907831085,0.7362447171633829,0.937922222226,0.9379222222263883,3.8835601401387976e-13,1e-12,True
independent_test_metrics,1,bellevue_116th_ne12th,kmeans,hg_expected_aware_selection,,10,0,0.0,0.244813278008,0.775581566217,0.358244041265,1.0,1.0,0.755186721992,0.8877907831085,0.7362447171633829,0.937922222226,0.9379222222263883,3.8835601401387976e-13,1e-12,True
independent_test_metrics,2,bellevue_116th_ne12th,hdbscan,untargeted_selection,,10,6,0.0,0.294605809129,0.706142072022,0.457219560326,0.4,1.0,0.705394190871,0.853071036011,0.6862383865999481,0.624470361348,0.6244703613481948,1.9473311851925246e-13,1e-12,True
independent_test_metrics,3,bellevue_116th_ne12th,hdbscan,hg_expected_aware_selection,,10,6,0.0,0.294605809129,0.706142072022,0.457219560326,0.4,1.0,0.705394190871,0.853071036011,0.6862383865999481,0.624470361348,0.6244703613481948,1.9473311851925246e-13,1e-12,True
independent_test_metrics,4,bellevue_116th_ne12th,optics,untargeted_selection,,10,4,53.6307053942,0.23937360179,0.730938464798,0.349711482881,0.6,0.46369294605800004,0.76062639821,0.865469232399,0.7408990830140008,0.629438060574,0.6294380605739001,9.992007221626409e-14,1e-12,True
independent_test_metrics,5,bellevue_116th_ne12th,optics,hg_expected_aware_selection,,10,2,31.1203319502,0.281626506024,0.702004236674,0.374356092996,0.8,0.6887966804979999,0.718373493976,0.851002118337,0.7276134657504011,0.767458243906,0.7674582439059401,5.995204332975845e-14,1e-12,True
independent_test_metrics,6,bellevue_150th_newport,kmeans,untargeted_selection,,12,5,0.0,0.443679918451,0.906745589551,0.158703880651,0.5833333333333333,1.0,0.5563200815489999,0.9533727947755,0.8630332707940578,0.728939281379,0.7289392813785225,4.775069228912798e-13,1e-12,True
independent_test_metrics,7,bellevue_150th_newport,kmeans,hg_expected_aware_selection,,12,0,0.0,0.275993883792,0.663921089488,0.37477983037,1.0,1.0,0.724006116208,0.8319605447439999,0.7273891992806338,0.928335586023,0.9283355860232634,2.6334490144108713e-13,1e-12,True
independent_test_metrics,8,bellevue_150th_newport,hdbscan,untargeted_selection,,12,6,0.178389398573,0.444472810825,0.912200222095,0.139011144122,0.5,0.99821610601427,0.555527189175,0.9561001110475,0.8779545355290127,0.688601404778,0.6886014047780054,5.329070518200751e-15,1e-12,True
independent_test_metrics,9,bellevue_150th_newport,hdbscan,hg_expected_aware_selection,,12,6,0.178389398573,0.444472810825,0.912507793564,0.136856295207,0.5,0.99821610601427,0.555527189175,0.956253896782,0.8796186503219555,0.688783194831,0.6887831948307497,2.503552920529728e-13,1e-12,True
independent_test_metrics,10,bellevue_150th_newport,optics,untargeted_selection,,12,7,21.4831804281,0.489776046738,0.951575365635,0.0526743608627,0.41666666666666663,0.785168195719,0.510223953262,0.9757876828175001,0.9499613908905963,0.608964275174,0.6089642751741431,1.4310774787418268e-13,1e-12,True
independent_test_metrics,11,bellevue_150th_newport,optics,hg_expected_aware_selection,,12,4,5.58103975535,0.461268556005,0.904996114452,0.248810271987,0.6666666666666667,0.9441896024465,0.538731443995,0.952498057226,0.8007621513305505,0.751370419078,0.7513704190777885,2.1149748619109232e-13,1e-12,True
independent_test_metrics,12,bellevue_150th_eastgate,kmeans,untargeted_selection,,9,2,0.0,0.378056717806,0.76651190802,0.330839675944,0.7777777777777778,1.0,0.6219432821940001,0.88325595401,0.7514053105537851,0.814549343565,0.8145493435646675,3.325117958752344e-13,1e-12,True
independent_test_metrics,13,bellevue_150th_eastgate,kmeans,hg_expected_aware_selection,,9,0,0.0,0.378056717806,0.781616538684,0.31205823559,1.0,1.0,0.6219432821940001,0.8908082693420001,0.7621612919874131,0.927491284352,0.9274912843523413,3.412825577697731e-13,1e-12,True
independent_test_metrics,14,bellevue_150th_eastgate,hdbscan,untargeted_selection,,9,5,9.50255695026,0.186684475496,0.699174318363,0.396130999282,0.4444444444444444,0.9049744304974,0.813315524504,0.8495871591815001,0.7162651645972178,0.64113389315,0.641133893149974,2.5979218776228663e-14,1e-12,True
independent_test_metrics,15,bellevue_150th_eastgate,hdbscan,hg_expected_aware_selection,,9,2,8.15434681543,0.177363838834,0.719016199771,0.390325573913,0.7777777777777778,0.9184565318457,0.822636161166,0.8595080998855,0.7192559920951114,0.812720220573,0.8127202205726901,3.098632461728812e-13,1e-12,True
independent_test_metrics,16,bellevue_150th_eastgate,optics,untargeted_selection,,9,8,17.1269177127,0.45753393919,0.773092399068,0.327436087014,0.11111111111111116,0.828730822873,0.54246606081,0.886546199534,0.7533319379989504,0.439536139965,0.4395361399644507,5.493383525845275e-13,1e-12,True
independent_test_metrics,17,bellevue_150th_eastgate,optics,hg_expected_aware_selection,,9,3,19.0144119014,0.438346727899,0.838212598456,0.217182300598,0.6666666666666667,0.809855880986,0.561653272101,0.919106299228,0.8215696198578482,0.725537428649,0.7255374286492182,2.1826984664130578e-13,1e-12,True
independent_test_metrics,18,bellevue_150th_se38th,kmeans,untargeted_selection,,18,6,0.0,0.431995690816,0.848325792993,0.283894052853,0.6666666666666667,1.0,0.568004309184,0.9241628964965001,0.7788804674169602,0.760438100643,0.7604381006430795,7.949196856316121e-14,1e-12,True
independent_test_metrics,19,bellevue_150th_se38th,kmeans,hg_expected_aware_selection,,18,0,0.0,0.361163479666,0.751896616839,0.412368467104,1.0,1.0,0.6388365203340001,0.8759483084195,0.7080305340223692,0.922281536278,0.9222815362775868,4.1322500976548326e-13,1e-12,True
independent_test_metrics,20,bellevue_150th_se38th,hdbscan,untargeted_selection,,18,12,28.8715324535,0.278682317304,0.674156051221,0.528101904193,0.33333333333333337,0.711284675465,0.7213176826959999,0.8370780256104999,0.6544066186005483,0.53020383445,0.5302038344503716,3.715916463420399e-13,1e-12,True
independent_test_metrics,21,bellevue_150th_se38th,hdbscan,hg_expected_aware_selection,,18,8,11.419337463,0.224080267559,0.653040671096,0.581968353708,0.5555555555555556,0.88580662537,0.775919732441,0.826520335548,0.6321238965723205,0.678395499308,0.6783954993079099,9.015010959956271e-14,1e-12,True
independent_test_metrics,22,bellevue_150th_se38th,optics,untargeted_selection,,18,13,55.3460813358,0.42943305187,0.924016740378,0.132135800681,0.2777777777777778,0.446539186642,0.57056694813,0.962008370189,0.883286262477065,0.469782884297,0.46978288429689535,1.04638520070921e-13,1e-12,True
independent_test_metrics,23,bellevue_150th_se38th,optics,hg_expected_aware_selection,,18,7,15.5669270132,0.418181818182,0.908363058628,0.190696555004,0.6111111111111112,0.844330729868,0.5818181818179999,0.954181529314,0.8398445395658682,0.712006126599,0.7120061265989424,5.762057497804562e-14,1e-12,True
independent_test_metrics,24,bellevue_ne8th,kmeans,untargeted_selection,,9,1,0.0,0.214756750031,0.716874151996,0.38219629375,0.8888888888888888,1.0,0.785243249969,0.858437075998,0.7234862403565897,0.881161101077,0.8811611010768033,1.9662049766111522e-13,1e-12,True
independent_test_metrics,25,bellevue_ne8th,kmeans,hg_expected_aware_selection,,9,0,0.0,0.214756750031,0.704799456601,0.455346667172,1.0,1.0,0.785243249969,0.8523997283005,0.6871215103293429,0.93247644886,0.9324764488598842,1.1579626146840383e-13,1e-12,True
independent_test_metrics,26,bellevue_ne8th,hdbscan,untargeted_selection,,9,4,7.09219858156,0.306816659971,0.726384691445,0.461242236587,0.5555555555555556,0.9290780141844,0.693183340029,0.8631923457224999,0.6843492303751663,0.687665872227,0.6876658722273244,3.2440716779547074e-13,1e-12,True
independent_test_metrics,27,bellevue_ne8th,hdbscan,hg_expected_aware_selection,,9,5,8.94612417569,0.21904892047,0.531419065659,0.590821742611,0.4444444444444444,0.9105387582430999,0.78095107953,0.7657095328295,0.6286059419572113,0.621856629302,0.6218566293025134,5.133671265866724e-13,1e-12,True
independent_test_metrics,28,bellevue_ne8th,optics,untargeted_selection,,9,2,40.1269130272,0.357647547797,0.819895714269,0.256623738039,0.7777777777777778,0.598730869728,0.642352452203,0.9099478571345,0.795783152688593,0.743443409037,0.7434434090370982,9.814371537686384e-14,1e-12,True
independent_test_metrics,29,bellevue_ne8th,optics,hg_expected_aware_selection,,9,2,49.1850192858,0.288442703232,0.851254578102,0.215104635075,0.7777777777777778,0.508149807142,0.711557296768,0.925627289051,0.8229743934260254,0.736534748242,0.7365347482417914,2.0861090632706691e-13,1e-12,True
