weight_id,family,T,O,B,S,D
local_0000,local,0.30000000000000004,0.1,0.1,0.25,0.25
local_0001,local,0.30000000000000004,0.1,0.15000000000000002,0.2,0.25
local_0002,local,0.30000000000000004,0.1,0.15000000000000002,0.25,0.2
local_0003,local,0.30000000000000004,0.1,0.2,0.15000000000000002,0.25
local_0004,local,0.30000000000000004,0.1,0.2,0.2,0.2
local_0005,local,0.30000000000000004,0.1,0.2,0.25,0.15000000000000002
local_0006,local,0.30000000000000004,0.1,0.25,0.1,0.25
local_0007,local,0.30000000000000004,0.1,0.25,0.15000000000000002,0.2
local_0008,local,0.30000000000000004,0.1,0.25,0.2,0.15000000000000002
local_0009,local,0.30000000000000004,0.1,0.25,0.25,0.1
local_0010,local,0.30000000000000004,0.15000000000000002,0.05,0.25,0.25
local_0011,local,0.30000000000000004,0.15000000000000002,0.1,0.2,0.25
local_0012,local,0.30000000000000004,0.15000000000000002,0.1,0.25,0.2
local_0013,local,0.30000000000000004,0.15000000000000002,0.15000000000000002,0.15000000000000002,0.25
local_0014,local,0.30000000000000004,0.15000000000000002,0.15000000000000002,0.2,0.2
local_0015,local,0.30000000000000004,0.15000000000000002,0.15000000000000002,0.25,0.15000000000000002
local_0016,local,0.30000000000000004,0.15000000000000002,0.2,0.1,0.25
local_0017,local,0.30000000000000004,0.15000000000000002,0.2,0.15000000000000002,0.2
local_0018,local,0.30000000000000004,0.15000000000000002,0.2,0.2,0.15000000000000002
local_0019,local,0.30000000000000004,0.15000000000000002,0.2,0.25,0.1
local_0020,local,0.30000000000000004,0.15000000000000002,0.25,0.05,0.25
local_0021,local,0.30000000000000004,0.15000000000000002,0.25,0.1,0.2
local_0022,local,0.30000000000000004,0.15000000000000002,0.25,0.15000000000000002,0.15000000000000002
local_0023,local,0.30000000000000004,0.15000000000000002,0.25,0.2,0.1
local_0024,local,0.30000000000000004,0.15000000000000002,0.25,0.25,0.05
local_0025,local,0.30000000000000004,0.2,0.05,0.2,0.25
local_0026,local,0.30000000000000004,0.2,0.05,0.25,0.2
local_0027,local,0.30000000000000004,0.2,0.1,0.15000000000000002,0.25
local_0028,local,0.30000000000000004,0.2,0.1,0.2,0.2
local_0029,local,0.30000000000000004,0.2,0.1,0.25,0.15000000000000002
local_0030,local,0.30000000000000004,0.2,0.15000000000000002,0.1,0.25
local_0031,local,0.30000000000000004,0.2,0.15000000000000002,0.15000000000000002,0.2
local_0032,local,0.30000000000000004,0.2,0.15000000000000002,0.2,0.15000000000000002
local_0033,local,0.30000000000000004,0.2,0.15000000000000002,0.25,0.1
local_0034,local,0.30000000000000004,0.2,0.2,0.05,0.25
local_0035,local,0.30000000000000004,0.2,0.2,0.1,0.2
local_0036,local,0.30000000000000004,0.2,0.2,0.15000000000000002,0.15000000000000002
local_0037,local,0.30000000000000004,0.2,0.2,0.2,0.1
local_0038,local,0.30000000000000004,0.2,0.2,0.25,0.05
local_0039,local,0.30000000000000004,0.2,0.25,0.05,0.2
local_0040,local,0.30000000000000004,0.2,0.25,0.1,0.15000000000000002
local_0041,local,0.30000000000000004,0.2,0.25,0.15000000000000002,0.1
local_0042,local,0.30000000000000004,0.2,0.25,0.2,0.05
local_0043,local,0.30000000000000004,0.25,0.05,0.15000000000000002,0.25
local_0044,local,0.30000000000000004,0.25,0.05,0.2,0.2
local_0045,local,0.30000000000000004,0.25,0.05,0.25,0.15000000000000002
local_0046,local,0.30000000000000004,0.25,0.1,0.1,0.25
local_0047,local,0.30000000000000004,0.25,0.1,0.15000000000000002,0.2
local_0048,local,0.30000000000000004,0.25,0.1,0.2,0.15000000000000002
local_0049,local,0.30000000000000004,0.25,0.1,0.25,0.1
local_0050,local,0.30000000000000004,0.25,0.15000000000000002,0.05,0.25
local_0051,local,0.30000000000000004,0.25,0.15000000000000002,0.1,0.2
local_0052,local,0.30000000000000004,0.25,0.15000000000000002,0.15000000000000002,0.15000000000000002
local_0053,local,0.30000000000000004,0.25,0.15000000000000002,0.2,0.1
local_0054,local,0.30000000000000004,0.25,0.15000000000000002,0.25,0.05
local_0055,local,0.30000000000000004,0.25,0.2,0.05,0.2
local_0056,local,0.30000000000000004,0.25,0.2,0.1,0.15000000000000002
local_0057,local,0.30000000000000004,0.25,0.2,0.15000000000000002,0.1
local_0058,local,0.30000000000000004,0.25,0.2,0.2,0.05
local_0059,local,0.30000000000000004,0.25,0.25,0.05,0.15000000000000002
local_0060,local,0.30000000000000004,0.25,0.25,0.1,0.1
local_0061,local,0.30000000000000004,0.25,0.25,0.15000000000000002,0.05
local_0062,local,0.30000000000000004,0.30000000000000004,0.05,0.1,0.25
local_0063,local,0.30000000000000004,0.30000000000000004,0.05,0.15000000000000002,0.2
local_0064,local,0.30000000000000004,0.30000000000000004,0.05,0.2,0.15000000000000002
local_0065,local,0.30000000000000004,0.30000000000000004,0.05,0.25,0.1
local_0066,local,0.30000000000000004,0.30000000000000004,0.1,0.05,0.25
local_0067,local,0.30000000000000004,0.30000000000000004,0.1,0.1,0.2
local_0068,local,0.30000000000000004,0.30000000000000004,0.1,0.15000000000000002,0.15000000000000002
local_0069,local,0.30000000000000004,0.30000000000000004,0.1,0.2,0.1
local_0070,local,0.30000000000000004,0.30000000000000004,0.1,0.25,0.05
local_0071,local,0.30000000000000004,0.30000000000000004,0.15000000000000002,0.05,0.2
local_0072,local,0.30000000000000004,0.30000000000000004,0.15000000000000002,0.1,0.15000000000000002
local_0073,local,0.30000000000000004,0.30000000000000004,0.15000000000000002,0.15000000000000002,0.1
local_0074,local,0.30000000000000004,0.30000000000000004,0.15000000000000002,0.2,0.05
local_0075,local,0.30000000000000004,0.30000000000000004,0.2,0.05,0.15000000000000002
local_0076,local,0.30000000000000004,0.30000000000000004,0.2,0.1,0.1
local_0077,local,0.30000000000000004,0.30000000000000004,0.2,0.15000000000000002,0.05
local_0078,local,0.30000000000000004,0.30000000000000004,0.25,0.05,0.1
local_0079,local,0.30000000000000004,0.30000000000000004,0.25,0.1,0.05
local_0080,local,0.30000000000000004,0.35000000000000003,0.05,0.05,0.25
local_0081,local,0.30000000000000004,0.35000000000000003,0.05,0.1,0.2
local_0082,local,0.30000000000000004,0.35000000000000003,0.05,0.15000000000000002,0.15000000000000002
local_0083,local,0.30000000000000004,0.35000000000000003,0.05,0.2,0.1
local_0084,local,0.30000000000000004,0.35000000000000003,0.05,0.25,0.05
local_0085,local,0.30000000000000004,0.35000000000000003,0.1,0.05,0.2
local_0086,local,0.30000000000000004,0.35000000000000003,0.1,0.1,0.15000000000000002
local_0087,local,0.30000000000000004,0.35000000000000003,0.1,0.15000000000000002,0.1
local_0088,local,0.30000000000000004,0.35000000000000003,0.1,0.2,0.05
local_0089,local,0.30000000000000004,0.35000000000000003,0.15000000000000002,0.05,0.15000000000000002
local_0090,local,0.30000000000000004,0.35000000000000003,0.15000000000000002,0.1,0.1
local_0091,local,0.30000000000000004,0.35000000000000003,0.15000000000000002,0.15000000000000002,0.05
local_0092,local,0.30000000000000004,0.35000000000000003,0.2,0.05,0.1
local_0093,local,0.30000000000000004,0.35000000000000003,0.2,0.1,0.05
local_0094,local,0.30000000000000004,0.35000000000000003,0.25,0.05,0.05
local_0095,local,0.35000000000000003,0.1,0.05,0.25,0.25
local_0096,local,0.35000000000000003,0.1,0.1,0.2,0.25
local_0097,local,0.35000000000000003,0.1,0.1,0.25,0.2
local_0098,local,0.35000000000000003,0.1,0.15000000000000002,0.15000000000000002,0.25
local_0099,local,0.35000000000000003,0.1,0.15000000000000002,0.2,0.2
local_0100,local,0.35000000000000003,0.1,0.15000000000000002,0.25,0.15000000000000002
local_0101,local,0.35000000000000003,0.1,0.2,0.1,0.25
local_0102,local,0.35000000000000003,0.1,0.2,0.15000000000000002,0.2
local_0103,local,0.35000000000000003,0.1,0.2,0.2,0.15000000000000002
local_0104,local,0.35000000000000003,0.1,0.2,0.25,0.1
local_0105,local,0.35000000000000003,0.1,0.25,0.05,0.25
local_0106,local,0.35000000000000003,0.1,0.25,0.1,0.2
local_0107,local,0.35000000000000003,0.1,0.25,0.15000000000000002,0.15000000000000002
local_0108,local,0.35000000000000003,0.1,0.25,0.2,0.1
local_0109,local,0.35000000000000003,0.1,0.25,0.25,0.05
local_0110,local,0.35000000000000003,0.15000000000000002,0.05,0.2,0.25
local_0111,local,0.35000000000000003,0.15000000000000002,0.05,0.25,0.2
local_0112,local,0.35000000000000003,0.15000000000000002,0.1,0.15000000000000002,0.25
local_0113,local,0.35000000000000003,0.15000000000000002,0.1,0.2,0.2
local_0114,local,0.35000000000000003,0.15000000000000002,0.1,0.25,0.15000000000000002
local_0115,local,0.35000000000000003,0.15000000000000002,0.15000000000000002,0.1,0.25
local_0116,local,0.35000000000000003,0.15000000000000002,0.15000000000000002,0.15000000000000002,0.2
local_0117,local,0.35000000000000003,0.15000000000000002,0.15000000000000002,0.2,0.15000000000000002
local_0118,local,0.35000000000000003,0.15000000000000002,0.15000000000000002,0.25,0.1
local_0119,local,0.35000000000000003,0.15000000000000002,0.2,0.05,0.25
local_0120,local,0.35000000000000003,0.15000000000000002,0.2,0.1,0.2
local_0121,local,0.35000000000000003,0.15000000000000002,0.2,0.15000000000000002,0.15000000000000002
local_0122,local,0.35000000000000003,0.15000000000000002,0.2,0.2,0.1
local_0123,local,0.35000000000000003,0.15000000000000002,0.2,0.25,0.05
local_0124,local,0.35000000000000003,0.15000000000000002,0.25,0.05,0.2
local_0125,local,0.35000000000000003,0.15000000000000002,0.25,0.1,0.15000000000000002
local_0126,local,0.35000000000000003,0.15000000000000002,0.25,0.15000000000000002,0.1
local_0127,local,0.35000000000000003,0.15000000000000002,0.25,0.2,0.05
local_0128,local,0.35000000000000003,0.2,0.05,0.15000000000000002,0.25
local_0129,local,0.35000000000000003,0.2,0.05,0.2,0.2
local_0130,local,0.35000000000000003,0.2,0.05,0.25,0.15000000000000002
local_0131,local,0.35000000000000003,0.2,0.1,0.1,0.25
local_0132,local,0.35000000000000003,0.2,0.1,0.15000000000000002,0.2
local_0133,local,0.35000000000000003,0.2,0.1,0.2,0.15000000000000002
local_0134,local,0.35000000000000003,0.2,0.1,0.25,0.1
local_0135,local,0.35000000000000003,0.2,0.15000000000000002,0.05,0.25
local_0136,local,0.35000000000000003,0.2,0.15000000000000002,0.1,0.2
local_0137,local,0.35000000000000003,0.2,0.15000000000000002,0.15000000000000002,0.15000000000000002
local_0138,local,0.35000000000000003,0.2,0.15000000000000002,0.2,0.1
local_0139,local,0.35000000000000003,0.2,0.15000000000000002,0.25,0.05
local_0140,local,0.35000000000000003,0.2,0.2,0.05,0.2
local_0141,local,0.35000000000000003,0.2,0.2,0.1,0.15000000000000002
local_0142,local,0.35000000000000003,0.2,0.2,0.15000000000000002,0.1
local_0143,local,0.35000000000000003,0.2,0.2,0.2,0.05
local_0144,local,0.35000000000000003,0.2,0.25,0.05,0.15000000000000002
local_0145,local,0.35000000000000003,0.2,0.25,0.1,0.1
local_0146,local,0.35000000000000003,0.2,0.25,0.15000000000000002,0.05
local_0147,local,0.35000000000000003,0.25,0.05,0.1,0.25
local_0148,local,0.35000000000000003,0.25,0.05,0.15000000000000002,0.2
local_0149,local,0.35000000000000003,0.25,0.05,0.2,0.15000000000000002
local_0150,local,0.35000000000000003,0.25,0.05,0.25,0.1
local_0151,local,0.35000000000000003,0.25,0.1,0.05,0.25
local_0152,local,0.35000000000000003,0.25,0.1,0.1,0.2
local_0153,local,0.35000000000000003,0.25,0.1,0.15000000000000002,0.15000000000000002
local_0154,local,0.35000000000000003,0.25,0.1,0.2,0.1
local_0155,local,0.35000000000000003,0.25,0.1,0.25,0.05
local_0156,local,0.35000000000000003,0.25,0.15000000000000002,0.05,0.2
local_0157,local,0.35000000000000003,0.25,0.15000000000000002,0.1,0.15000000000000002
local_0158,local,0.35000000000000003,0.25,0.15000000000000002,0.15000000000000002,0.1
local_0159,local,0.35000000000000003,0.25,0.15000000000000002,0.2,0.05
local_0160,local,0.35000000000000003,0.25,0.2,0.05,0.15000000000000002
local_0161,local,0.35000000000000003,0.25,0.2,0.1,0.1
local_0162,local,0.35000000000000003,0.25,0.2,0.15000000000000002,0.05
local_0163,local,0.35000000000000003,0.25,0.25,0.05,0.1
local_0164,local,0.35000000000000003,0.25,0.25,0.1,0.05
local_0165,local,0.35000000000000003,0.30000000000000004,0.05,0.05,0.25
local_0166,local,0.35000000000000003,0.30000000000000004,0.05,0.1,0.2
local_0167,local,0.35000000000000003,0.30000000000000004,0.05,0.15000000000000002,0.15000000000000002
local_0168,local,0.35000000000000003,0.30000000000000004,0.05,0.2,0.1
local_0169,local,0.35000000000000003,0.30000000000000004,0.05,0.25,0.05
local_0170,local,0.35000000000000003,0.30000000000000004,0.1,0.05,0.2
local_0171,local,0.35000000000000003,0.30000000000000004,0.1,0.1,0.15000000000000002
local_0172,local,0.35000000000000003,0.30000000000000004,0.1,0.15000000000000002,0.1
local_0173,local,0.35000000000000003,0.30000000000000004,0.1,0.2,0.05
local_0174,local,0.35000000000000003,0.30000000000000004,0.15000000000000002,0.05,0.15000000000000002
local_0175,local,0.35000000000000003,0.30000000000000004,0.15000000000000002,0.1,0.1
local_0176,local,0.35000000000000003,0.30000000000000004,0.15000000000000002,0.15000000000000002,0.05
local_0177,local,0.35000000000000003,0.30000000000000004,0.2,0.05,0.1
local_0178,local,0.35000000000000003,0.30000000000000004,0.2,0.1,0.05
local_0179,local,0.35000000000000003,0.30000000000000004,0.25,0.05,0.05
local_0180,local,0.35000000000000003,0.35000000000000003,0.05,0.05,0.2
local_0181,local,0.35000000000000003,0.35000000000000003,0.05,0.1,0.15000000000000002
local_0182,local,0.35000000000000003,0.35000000000000003,0.05,0.15000000000000002,0.1
local_0183,local,0.35000000000000003,0.35000000000000003,0.05,0.2,0.05
local_0184,local,0.35000000000000003,0.35000000000000003,0.1,0.05,0.15000000000000002
local_0185,local,0.35000000000000003,0.35000000000000003,0.1,0.1,0.1
local_0186,local,0.35000000000000003,0.35000000000000003,0.1,0.15000000000000002,0.05
local_0187,local,0.35000000000000003,0.35000000000000003,0.15000000000000002,0.05,0.1
local_0188,local,0.35000000000000003,0.35000000000000003,0.15000000000000002,0.1,0.05
local_0189,local,0.35000000000000003,0.35000000000000003,0.2,0.05,0.05
local_0190,local,0.4,0.1,0.05,0.2,0.25
local_0191,local,0.4,0.1,0.05,0.25,0.2
local_0192,local,0.4,0.1,0.1,0.15000000000000002,0.25
local_0193,local,0.4,0.1,0.1,0.2,0.2
local_0194,local,0.4,0.1,0.1,0.25,0.15000000000000002
local_0195,local,0.4,0.1,0.15000000000000002,0.1,0.25
local_0196,local,0.4,0.1,0.15000000000000002,0.15000000000000002,0.2
local_0197,local,0.4,0.1,0.15000000000000002,0.2,0.15000000000000002
local_0198,local,0.4,0.1,0.15000000000000002,0.25,0.1
local_0199,local,0.4,0.1,0.2,0.05,0.25
local_0200,local,0.4,0.1,0.2,0.1,0.2
local_0201,local,0.4,0.1,0.2,0.15000000000000002,0.15000000000000002
local_0202,local,0.4,0.1,0.2,0.2,0.1
local_0203,local,0.4,0.1,0.2,0.25,0.05
local_0204,local,0.4,0.1,0.25,0.05,0.2
local_0205,local,0.4,0.1,0.25,0.1,0.15000000000000002
local_0206,local,0.4,0.1,0.25,0.15000000000000002,0.1
local_0207,local,0.4,0.1,0.25,0.2,0.05
local_0208,local,0.4,0.15000000000000002,0.05,0.15000000000000002,0.25
local_0209,local,0.4,0.15000000000000002,0.05,0.2,0.2
local_0210,local,0.4,0.15000000000000002,0.05,0.25,0.15000000000000002
local_0211,local,0.4,0.15000000000000002,0.1,0.1,0.25
local_0212,local,0.4,0.15000000000000002,0.1,0.15000000000000002,0.2
local_0213,local,0.4,0.15000000000000002,0.1,0.2,0.15000000000000002
local_0214,local,0.4,0.15000000000000002,0.1,0.25,0.1
local_0215,local,0.4,0.15000000000000002,0.15000000000000002,0.05,0.25
local_0216,local,0.4,0.15000000000000002,0.15000000000000002,0.1,0.2
local_0217,local,0.4,0.15000000000000002,0.15000000000000002,0.15000000000000002,0.15000000000000002
local_0218,local,0.4,0.15000000000000002,0.15000000000000002,0.2,0.1
local_0219,local,0.4,0.15000000000000002,0.15000000000000002,0.25,0.05
local_0220,local,0.4,0.15000000000000002,0.2,0.05,0.2
local_0221,local,0.4,0.15000000000000002,0.2,0.1,0.15000000000000002
local_0222,local,0.4,0.15000000000000002,0.2,0.15000000000000002,0.1
local_0223,local,0.4,0.15000000000000002,0.2,0.2,0.05
local_0224,local,0.4,0.15000000000000002,0.25,0.05,0.15000000000000002
local_0225,local,0.4,0.15000000000000002,0.25,0.1,0.1
local_0226,local,0.4,0.15000000000000002,0.25,0.15000000000000002,0.05
local_0227,local,0.4,0.2,0.05,0.1,0.25
local_0228,local,0.4,0.2,0.05,0.15000000000000002,0.2
local_0229,local,0.4,0.2,0.05,0.2,0.15000000000000002
local_0230,local,0.4,0.2,0.05,0.25,0.1
local_0231,local,0.4,0.2,0.1,0.05,0.25
local_0232,local,0.4,0.2,0.1,0.1,0.2
local_0233,local,0.4,0.2,0.1,0.15000000000000002,0.15000000000000002
local_0234,local,0.4,0.2,0.1,0.2,0.1
local_0235,local,0.4,0.2,0.1,0.25,0.05
local_0236,local,0.4,0.2,0.15000000000000002,0.05,0.2
local_0237,local,0.4,0.2,0.15000000000000002,0.1,0.15000000000000002
local_0238,local,0.4,0.2,0.15000000000000002,0.15000000000000002,0.1
local_0239,local,0.4,0.2,0.15000000000000002,0.2,0.05
local_0240,local,0.4,0.2,0.2,0.05,0.15000000000000002
local_0241,local,0.4,0.2,0.2,0.1,0.1
local_0242,local,0.4,0.2,0.2,0.15000000000000002,0.05
local_0243,local,0.4,0.2,0.25,0.05,0.1
local_0244,local,0.4,0.2,0.25,0.1,0.05
local_0245,local,0.4,0.25,0.05,0.05,0.25
local_0246,local,0.4,0.25,0.05,0.1,0.2
local_0247,local,0.4,0.25,0.05,0.15000000000000002,0.15000000000000002
local_0248,local,0.4,0.25,0.05,0.2,0.1
local_0249,local,0.4,0.25,0.05,0.25,0.05
local_0250,local,0.4,0.25,0.1,0.05,0.2
local_0251,local,0.4,0.25,0.1,0.1,0.15000000000000002
local_0252,local,0.4,0.25,0.1,0.15000000000000002,0.1
local_0253,local,0.4,0.25,0.1,0.2,0.05
local_0254,local,0.4,0.25,0.15000000000000002,0.05,0.15000000000000002
local_0255,local,0.4,0.25,0.15000000000000002,0.1,0.1
local_0256,local,0.4,0.25,0.15000000000000002,0.15000000000000002,0.05
local_0257,local,0.4,0.25,0.2,0.05,0.1
local_0258,local,0.4,0.25,0.2,0.1,0.05
local_0259,local,0.4,0.25,0.25,0.05,0.05
local_0260,local,0.4,0.30000000000000004,0.05,0.05,0.2
local_0261,local,0.4,0.30000000000000004,0.05,0.1,0.15000000000000002
local_0262,local,0.4,0.30000000000000004,0.05,0.15000000000000002,0.1
local_0263,local,0.4,0.30000000000000004,0.05,0.2,0.05
local_0264,local,0.4,0.30000000000000004,0.1,0.05,0.15000000000000002
local_0265,local,0.4,0.30000000000000004,0.1,0.1,0.1
local_0266,local,0.4,0.30000000000000004,0.1,0.15000000000000002,0.05
local_0267,local,0.4,0.30000000000000004,0.15000000000000002,0.05,0.1
local_0268,local,0.4,0.30000000000000004,0.15000000000000002,0.1,0.05
local_0269,local,0.4,0.30000000000000004,0.2,0.05,0.05
local_0270,local,0.4,0.35000000000000003,0.05,0.05,0.15000000000000002
local_0271,local,0.4,0.35000000000000003,0.05,0.1,0.1
local_0272,local,0.4,0.35000000000000003,0.05,0.15000000000000002,0.05
local_0273,local,0.4,0.35000000000000003,0.1,0.05,0.1
local_0274,local,0.4,0.35000000000000003,0.1,0.1,0.05
local_0275,local,0.4,0.35000000000000003,0.15000000000000002,0.05,0.05
local_0276,local,0.45,0.1,0.05,0.15000000000000002,0.25
local_0277,local,0.45,0.1,0.05,0.2,0.2
local_0278,local,0.45,0.1,0.05,0.25,0.15000000000000002
local_0279,local,0.45,0.1,0.1,0.1,0.25
local_0280,local,0.45,0.1,0.1,0.15000000000000002,0.2
local_0281,local,0.45,0.1,0.1,0.2,0.15000000000000002
local_0282,local,0.45,0.1,0.1,0.25,0.1
local_0283,local,0.45,0.1,0.15000000000000002,0.05,0.25
local_0284,local,0.45,0.1,0.15000000000000002,0.1,0.2
local_0285,local,0.45,0.1,0.15000000000000002,0.15000000000000002,0.15000000000000002
local_0286,local,0.45,0.1,0.15000000000000002,0.2,0.1
local_0287,local,0.45,0.1,0.15000000000000002,0.25,0.05
local_0288,local,0.45,0.1,0.2,0.05,0.2
local_0289,local,0.45,0.1,0.2,0.1,0.15000000000000002
local_0290,local,0.45,0.1,0.2,0.15000000000000002,0.1
local_0291,local,0.45,0.1,0.2,0.2,0.05
local_0292,local,0.45,0.1,0.25,0.05,0.15000000000000002
local_0293,local,0.45,0.1,0.25,0.1,0.1
local_0294,local,0.45,0.1,0.25,0.15000000000000002,0.05
local_0295,local,0.45,0.15000000000000002,0.05,0.1,0.25
local_0296,local,0.45,0.15000000000000002,0.05,0.15000000000000002,0.2
local_0297,local,0.45,0.15000000000000002,0.05,0.2,0.15000000000000002
local_0298,local,0.45,0.15000000000000002,0.05,0.25,0.1
local_0299,local,0.45,0.15000000000000002,0.1,0.05,0.25
local_0300,local,0.45,0.15000000000000002,0.1,0.1,0.2
local_0301,local,0.45,0.15000000000000002,0.1,0.15000000000000002,0.15000000000000002
local_0302,local,0.45,0.15000000000000002,0.1,0.2,0.1
local_0303,local,0.45,0.15000000000000002,0.1,0.25,0.05
local_0304,local,0.45,0.15000000000000002,0.15000000000000002,0.05,0.2
local_0305,local,0.45,0.15000000000000002,0.15000000000000002,0.1,0.15000000000000002
local_0306,local,0.45,0.15000000000000002,0.15000000000000002,0.15000000000000002,0.1
local_0307,local,0.45,0.15000000000000002,0.15000000000000002,0.2,0.05
local_0308,local,0.45,0.15000000000000002,0.2,0.05,0.15000000000000002
local_0309,local,0.45,0.15000000000000002,0.2,0.1,0.1
local_0310,local,0.45,0.15000000000000002,0.2,0.15000000000000002,0.05
local_0311,local,0.45,0.15000000000000002,0.25,0.05,0.1
local_0312,local,0.45,0.15000000000000002,0.25,0.1,0.05
local_0313,local,0.45,0.2,0.05,0.05,0.25
local_0314,local,0.45,0.2,0.05,0.1,0.2
local_0315,local,0.45,0.2,0.05,0.15000000000000002,0.15000000000000002
local_0316,local,0.45,0.2,0.05,0.2,0.1
local_0317,local,0.45,0.2,0.05,0.25,0.05
local_0318,local,0.45,0.2,0.1,0.05,0.2
local_0319,local,0.45,0.2,0.1,0.1,0.15000000000000002
local_0320,local,0.45,0.2,0.1,0.15000000000000002,0.1
local_0321,local,0.45,0.2,0.1,0.2,0.05
local_0322,local,0.45,0.2,0.15000000000000002,0.05,0.15000000000000002
local_0323,local,0.45,0.2,0.15000000000000002,0.1,0.1
local_0324,local,0.45,0.2,0.15000000000000002,0.15000000000000002,0.05
local_0325,local,0.45,0.2,0.2,0.05,0.1
local_0326,local,0.45,0.2,0.2,0.1,0.05
local_0327,local,0.45,0.2,0.25,0.05,0.05
local_0328,local,0.45,0.25,0.05,0.05,0.2
local_0329,local,0.45,0.25,0.05,0.1,0.15000000000000002
local_0330,local,0.45,0.25,0.05,0.15000000000000002,0.1
local_0331,local,0.45,0.25,0.05,0.2,0.05
local_0332,local,0.45,0.25,0.1,0.05,0.15000000000000002
local_0333,local,0.45,0.25,0.1,0.1,0.1
local_0334,local,0.45,0.25,0.1,0.15000000000000002,0.05
local_0335,local,0.45,0.25,0.15000000000000002,0.05,0.1
local_0336,local,0.45,0.25,0.15000000000000002,0.1,0.05
local_0337,local,0.45,0.25,0.2,0.05,0.05
local_0338,local,0.45,0.30000000000000004,0.05,0.05,0.15000000000000002
local_0339,local,0.45,0.30000000000000004,0.05,0.1,0.1
local_0340,local,0.45,0.30000000000000004,0.05,0.15000000000000002,0.05
local_0341,local,0.45,0.30000000000000004,0.1,0.05,0.1
local_0342,local,0.45,0.30000000000000004,0.1,0.1,0.05
local_0343,local,0.45,0.30000000000000004,0.15000000000000002,0.05,0.05
local_0344,local,0.45,0.35000000000000003,0.05,0.05,0.1
local_0345,local,0.45,0.35000000000000003,0.05,0.1,0.05
local_0346,local,0.45,0.35000000000000003,0.1,0.05,0.05
local_0347,local,0.5,0.1,0.05,0.1,0.25
local_0348,local,0.5,0.1,0.05,0.15000000000000002,0.2
local_0349,local,0.5,0.1,0.05,0.2,0.15000000000000002
local_0350,local,0.5,0.1,0.05,0.25,0.1
local_0351,local,0.5,0.1,0.1,0.05,0.25
local_0352,local,0.5,0.1,0.1,0.1,0.2
local_0353,local,0.5,0.1,0.1,0.15000000000000002,0.15000000000000002
local_0354,local,0.5,0.1,0.1,0.2,0.1
local_0355,local,0.5,0.1,0.1,0.25,0.05
local_0356,local,0.5,0.1,0.15000000000000002,0.05,0.2
local_0357,local,0.5,0.1,0.15000000000000002,0.1,0.15000000000000002
local_0358,local,0.5,0.1,0.15000000000000002,0.15000000000000002,0.1
local_0359,local,0.5,0.1,0.15000000000000002,0.2,0.05
local_0360,local,0.5,0.1,0.2,0.05,0.15000000000000002
local_0361,local,0.5,0.1,0.2,0.1,0.1
local_0362,local,0.5,0.1,0.2,0.15000000000000002,0.05
local_0363,local,0.5,0.1,0.25,0.05,0.1
local_0364,local,0.5,0.1,0.25,0.1,0.05
local_0365,local,0.5,0.15000000000000002,0.05,0.05,0.25
local_0366,local,0.5,0.15000000000000002,0.05,0.1,0.2
local_0367,local,0.5,0.15000000000000002,0.05,0.15000000000000002,0.15000000000000002
local_0368,local,0.5,0.15000000000000002,0.05,0.2,0.1
local_0369,local,0.5,0.15000000000000002,0.05,0.25,0.05
local_0370,local,0.5,0.15000000000000002,0.1,0.05,0.2
local_0371,local,0.5,0.15000000000000002,0.1,0.1,0.15000000000000002
local_0372,local,0.5,0.15000000000000002,0.1,0.15000000000000002,0.1
local_0373,local,0.5,0.15000000000000002,0.1,0.2,0.05
local_0374,local,0.5,0.15000000000000002,0.15000000000000002,0.05,0.15000000000000002
local_0375,local,0.5,0.15000000000000002,0.15000000000000002,0.1,0.1
local_0376,local,0.5,0.15000000000000002,0.15000000000000002,0.15000000000000002,0.05
local_0377,local,0.5,0.15000000000000002,0.2,0.05,0.1
local_0378,local,0.5,0.15000000000000002,0.2,0.1,0.05
local_0379,local,0.5,0.15000000000000002,0.25,0.05,0.05
local_0380,local,0.5,0.2,0.05,0.05,0.2
local_0381,local,0.5,0.2,0.05,0.1,0.15000000000000002
local_0382,local,0.5,0.2,0.05,0.15000000000000002,0.1
local_0383,local,0.5,0.2,0.05,0.2,0.05
local_0384,local,0.5,0.2,0.1,0.05,0.15000000000000002
local_0385,local,0.5,0.2,0.1,0.1,0.1
local_0386,local,0.5,0.2,0.1,0.15000000000000002,0.05
local_0387,local,0.5,0.2,0.15000000000000002,0.05,0.1
local_0388,local,0.5,0.2,0.15000000000000002,0.1,0.05
local_0389,local,0.5,0.2,0.2,0.05,0.05
local_0390,local,0.5,0.25,0.05,0.05,0.15000000000000002
local_0391,local,0.5,0.25,0.05,0.1,0.1
local_0392,local,0.5,0.25,0.05,0.15000000000000002,0.05
local_0393,local,0.5,0.25,0.1,0.05,0.1
local_0394,local,0.5,0.25,0.1,0.1,0.05
local_0395,local,0.5,0.25,0.15000000000000002,0.05,0.05
local_0396,local,0.5,0.30000000000000004,0.05,0.05,0.1
local_0397,local,0.5,0.30000000000000004,0.05,0.1,0.05
local_0398,local,0.5,0.30000000000000004,0.1,0.05,0.05
local_0399,local,0.5,0.35000000000000003,0.05,0.05,0.05
local_0400,local,0.55,0.1,0.05,0.05,0.25
local_0401,local,0.55,0.1,0.05,0.1,0.2
local_0402,local,0.55,0.1,0.05,0.15000000000000002,0.15000000000000002
local_0403,local,0.55,0.1,0.05,0.2,0.1
local_0404,local,0.55,0.1,0.05,0.25,0.05
local_0405,local,0.55,0.1,0.1,0.05,0.2
local_0406,local,0.55,0.1,0.1,0.1,0.15000000000000002
local_0407,local,0.55,0.1,0.1,0.15000000000000002,0.1
local_0408,local,0.55,0.1,0.1,0.2,0.05
local_0409,local,0.55,0.1,0.15000000000000002,0.05,0.15000000000000002
local_0410,local,0.55,0.1,0.15000000000000002,0.1,0.1
local_0411,local,0.55,0.1,0.15000000000000002,0.15000000000000002,0.05
local_0412,local,0.55,0.1,0.2,0.05,0.1
local_0413,local,0.55,0.1,0.2,0.1,0.05
local_0414,local,0.55,0.1,0.25,0.05,0.05
local_0415,local,0.55,0.15000000000000002,0.05,0.05,0.2
local_0416,local,0.55,0.15000000000000002,0.05,0.1,0.15000000000000002
local_0417,local,0.55,0.15000000000000002,0.05,0.15000000000000002,0.1
local_0418,local,0.55,0.15000000000000002,0.05,0.2,0.05
local_0419,local,0.55,0.15000000000000002,0.1,0.05,0.15000000000000002
local_0420,local,0.55,0.15000000000000002,0.1,0.1,0.1
local_0421,local,0.55,0.15000000000000002,0.1,0.15000000000000002,0.05
local_0422,local,0.55,0.15000000000000002,0.15000000000000002,0.05,0.1
local_0423,local,0.55,0.15000000000000002,0.15000000000000002,0.1,0.05
local_0424,local,0.55,0.15000000000000002,0.2,0.05,0.05
local_0425,local,0.55,0.2,0.05,0.05,0.15000000000000002
local_0426,local,0.55,0.2,0.05,0.1,0.1
local_0427,local,0.55,0.2,0.05,0.15000000000000002,0.05
local_0428,local,0.55,0.2,0.1,0.05,0.1
local_0429,local,0.55,0.2,0.1,0.1,0.05
local_0430,local,0.55,0.2,0.15000000000000002,0.05,0.05
local_0431,local,0.55,0.25,0.05,0.05,0.1
local_0432,local,0.55,0.25,0.05,0.1,0.05
local_0433,local,0.55,0.25,0.1,0.05,0.05
local_0434,local,0.55,0.30000000000000004,0.05,0.05,0.05
local_0435,local,0.6000000000000001,0.1,0.05,0.05,0.2
local_0436,local,0.6000000000000001,0.1,0.05,0.1,0.15000000000000002
local_0437,local,0.6000000000000001,0.1,0.05,0.15000000000000002,0.1
local_0438,local,0.6000000000000001,0.1,0.05,0.2,0.05
local_0439,local,0.6000000000000001,0.1,0.1,0.05,0.15000000000000002
local_0440,local,0.6000000000000001,0.1,0.1,0.1,0.1
local_0441,local,0.6000000000000001,0.1,0.1,0.15000000000000002,0.05
local_0442,local,0.6000000000000001,0.1,0.15000000000000002,0.05,0.1
local_0443,local,0.6000000000000001,0.1,0.15000000000000002,0.1,0.05
local_0444,local,0.6000000000000001,0.1,0.2,0.05,0.05
local_0445,local,0.6000000000000001,0.15000000000000002,0.05,0.05,0.15000000000000002
local_0446,local,0.6000000000000001,0.15000000000000002,0.05,0.1,0.1
local_0447,local,0.6000000000000001,0.15000000000000002,0.05,0.15000000000000002,0.05
local_0448,local,0.6000000000000001,0.15000000000000002,0.1,0.05,0.1
local_0449,local,0.6000000000000001,0.15000000000000002,0.1,0.1,0.05
local_0450,local,0.6000000000000001,0.15000000000000002,0.15000000000000002,0.05,0.05
local_0451,local,0.6000000000000001,0.2,0.05,0.05,0.1
local_0452,local,0.6000000000000001,0.2,0.05,0.1,0.05
local_0453,local,0.6000000000000001,0.2,0.1,0.05,0.05
local_0454,local,0.6000000000000001,0.25,0.05,0.05,0.05
local_0455,local,0.65,0.1,0.05,0.05,0.15000000000000002
local_0456,local,0.65,0.1,0.05,0.1,0.1
local_0457,local,0.65,0.1,0.05,0.15000000000000002,0.05
local_0458,local,0.65,0.1,0.1,0.05,0.1
local_0459,local,0.65,0.1,0.1,0.1,0.05
local_0460,local,0.65,0.1,0.15000000000000002,0.05,0.05
local_0461,local,0.65,0.15000000000000002,0.05,0.05,0.1
local_0462,local,0.65,0.15000000000000002,0.05,0.1,0.05
local_0463,local,0.65,0.15000000000000002,0.1,0.05,0.05
local_0464,local,0.65,0.2,0.05,0.05,0.05
