scene,method,candidate_id,trial_index,params_json,original_score,original_rank,minimum_score,maximum_score,mean_score,std_score,score_range
bellevue_116th_ne12th,hdbscan,bellevue_116th_ne12th|hdbscan|trial_001,1,"{""min_cluster_size"": 80, ""min_samples"": 10}",0.6131259878641706,1,0.4584745430470801,0.9695648420634898,0.6878627178203941,0.08238226277072658,0.5110902990164097
bellevue_116th_ne12th,hdbscan,bellevue_116th_ne12th|hdbscan|trial_002,2,"{""min_cluster_size"": 80, ""min_samples"": 20}",0.5504040417411744,4,0.37095199568611426,0.9597288499866978,0.6391729208437698,0.09328083322920101,0.5887768543005836
bellevue_116th_ne12th,hdbscan,bellevue_116th_ne12th|hdbscan|trial_003,3,"{""min_cluster_size"": 160, ""min_samples"": 10}",0.5524101672141818,2,0.37069795153910035,0.9696994466342074,0.64102708005713,0.09409973358007835,0.599001495095107
bellevue_116th_ne12th,hdbscan,bellevue_116th_ne12th|hdbscan|trial_004,4,"{""min_cluster_size"": 160, ""min_samples"": 20}",0.5504040417411744,3,0.37095199568611426,0.9597288499866978,0.6391729208437698,0.09328083322920101,0.5887768543005836
bellevue_116th_ne12th,hdbscan,bellevue_116th_ne12th|hdbscan|trial_005,5,"{""min_cluster_size"": 320, ""min_samples"": 10}",0.15000000000000002,5,0.016340542575684305,0.49498318335229774,0.26552884262816157,0.10023307773182497,0.47864264077661345
bellevue_116th_ne12th,hdbscan,bellevue_116th_ne12th|hdbscan|trial_006,6,"{""min_cluster_size"": 320, ""min_samples"": 20}",0.15000000000000002,6,0.016340542575684305,0.49498318335229774,0.26552884262816157,0.10023307773182497,0.47864264077661345
bellevue_116th_ne12th,kmeans,bellevue_116th_ne12th|kmeans|trial_001,1,"{""max_iter"": 300, ""n_clusters"": 2, ""n_init"": 10}",0.46135371499081834,18,0.2580752915033959,0.9631474530083605,0.5422853084726124,0.11191902632417015,0.7050721615049645
bellevue_116th_ne12th,kmeans,bellevue_116th_ne12th|kmeans|trial_002,2,"{""max_iter"": 300, ""n_clusters"": 3, ""n_init"": 10}",0.5524101672141818,15,0.37069795153910035,0.9696994466342074,0.64102708005713,0.09409973358007835,0.599001495095107
bellevue_116th_ne12th,kmeans,bellevue_116th_ne12th|kmeans|trial_003,3,"{""max_iter"": 300, ""n_clusters"": 4, ""n_init"": 10}",0.613933996008798,13,0.4585307975802449,0.9751666524653106,0.68832012250318,0.08264298365866415,0.5166358548850658
bellevue_116th_ne12th,kmeans,bellevue_116th_ne12th|kmeans|trial_004,4,"{""max_iter"": 300, ""n_clusters"": 5, ""n_init"": 10}",0.6809873300199524,10,0.5513402040198097,0.9788168327546413,0.7448664842459077,0.06796229078499766,0.4274766287348316
bellevue_116th_ne12th,kmeans,bellevue_116th_ne12th|kmeans|trial_005,5,"{""max_iter"": 300, ""n_clusters"": 6, ""n_init"": 10}",0.7382559700535173,8,0.6374022357099092,0.9819048454547775,0.7843404312013258,0.054317555848190174,0.34450260974486835
bellevue_116th_ne12th,kmeans,bellevue_116th_ne12th|kmeans|trial_006,6,"{""max_iter"": 300, ""n_clusters"": 7, ""n_init"": 10}",0.7861236415967479,6,0.7116460613460864,0.9826612029520263,0.8070605474149211,0.042669812112896166,0.27101514160593987
bellevue_116th_ne12th,kmeans,bellevue_116th_ne12th|kmeans|trial_007,7,"{""max_iter"": 300, ""n_clusters"": 8, ""n_init"": 10}",0.837468444112984,4,0.7465452278464204,0.98463223294358,0.8360495816385356,0.03613978398210799,0.23808700509715963
bellevue_116th_ne12th,kmeans,bellevue_116th_ne12th|kmeans|trial_008,8,"{""max_iter"": 300, ""n_clusters"": 9, ""n_init"": 10}",0.8890501847998333,2,0.7502946943455143,0.9868060493384869,0.8654966344619097,0.03677751223901894,0.2365113549929726
bellevue_116th_ne12th,kmeans,bellevue_116th_ne12th|kmeans|trial_009,9,"{""max_iter"": 300, ""n_clusters"": 10, ""n_init"": 10}",0.9415434312264103,1,0.7542351746001917,0.992333709968246,0.8965704918462583,0.04418078547288113,0.23809853536805425
bellevue_116th_ne12th,kmeans,bellevue_116th_ne12th|kmeans|trial_010,10,"{""max_iter"": 300, ""n_clusters"": 11, ""n_init"": 10}",0.8847100910166136,3,0.7410507597676991,0.9847747491971938,0.8575806636857055,0.038883356310157165,0.2437239894294947
bellevue_116th_ne12th,kmeans,bellevue_116th_ne12th|kmeans|trial_011,11,"{""max_iter"": 300, ""n_clusters"": 12, ""n_init"": 10}",0.8329828692251464,5,0.7302712359632305,0.9826196209161017,0.8278939881486775,0.03718140594773912,0.25234838495287115
bellevue_116th_ne12th,kmeans,bellevue_116th_ne12th|kmeans|trial_012,12,"{""max_iter"": 300, ""n_clusters"": 13, ""n_init"": 10}",0.7810082924188804,7,0.7039046295906023,0.9798739237405009,0.7977087455748426,0.04131282543459016,0.27596929414989857
bellevue_116th_ne12th,kmeans,bellevue_116th_ne12th|kmeans|trial_013,13,"{""max_iter"": 300, ""n_clusters"": 14, ""n_init"": 10}",0.730528371314747,9,0.6254160964058668,0.9778873731755334,0.7702040922017108,0.05258079403628234,0.3524712767696666
bellevue_116th_ne12th,kmeans,bellevue_116th_ne12th|kmeans|trial_014,14,"{""max_iter"": 300, ""n_clusters"": 15, ""n_init"": 10}",0.6795684895479563,11,0.5448138359385493,0.9758997434498681,0.7418669001009677,0.06656625746048947,0.4310859075113188
bellevue_116th_ne12th,kmeans,bellevue_116th_ne12th|kmeans|trial_015,15,"{""max_iter"": 300, ""n_clusters"": 16, ""n_init"": 10}",0.6297666812994027,12,0.46246116022259404,0.973722292860051,0.7155548393161302,0.08138981585399215,0.511261132637457
bellevue_116th_ne12th,kmeans,bellevue_116th_ne12th|kmeans|trial_016,16,"{""max_iter"": 300, ""n_clusters"": 17, ""n_init"": 10}",0.5846915685276521,14,0.38120255609950093,0.9721221044344389,0.6975036924315509,0.09944900677599879,0.590919548334938
bellevue_116th_ne12th,kmeans,bellevue_116th_ne12th|kmeans|trial_017,17,"{""max_iter"": 300, ""n_clusters"": 18, ""n_init"": 10}",0.5305578979204945,16,0.2958024507551222,0.9691582182348627,0.6634937224236054,0.11519343792012471,0.6733557674797406
bellevue_116th_ne12th,kmeans,bellevue_116th_ne12th|kmeans|trial_018,18,"{""max_iter"": 300, ""n_clusters"": 19, ""n_init"": 10}",0.4821065140865948,17,0.21449919369275297,0.9678103581795212,0.639626846881608,0.13265214632328187,0.7533111644867683
bellevue_116th_ne12th,kmeans,bellevue_116th_ne12th|kmeans|trial_019,19,"{""max_iter"": 300, ""n_clusters"": 20, ""n_init"": 10}",0.4223065598177888,24,0.12652793642246857,0.963555395605756,0.5956053378227403,0.14647611811265157,0.8370274591832874
bellevue_116th_ne12th,kmeans,bellevue_116th_ne12th|kmeans|trial_020,20,"{""max_iter"": 300, ""n_clusters"": 21, ""n_init"": 10}",0.4259753338961203,19,0.1277344734908045,0.9641677755693634,0.6020476996397653,0.147956019342204,0.8364333020785589
bellevue_116th_ne12th,kmeans,bellevue_116th_ne12th|kmeans|trial_021,21,"{""max_iter"": 300, ""n_clusters"": 22, ""n_init"": 10}",0.4212587071751559,27,0.12461794230363282,0.9626761316515948,0.5936332322482142,0.14660715689076897,0.838058189347962
bellevue_116th_ne12th,kmeans,bellevue_116th_ne12th|kmeans|trial_022,22,"{""max_iter"": 300, ""n_clusters"": 23, ""n_init"": 10}",0.4219768066306748,25,0.124825048802444,0.9627430288536212,0.594889025038838,0.14692177820665542,0.8379179800511771
bellevue_116th_ne12th,kmeans,bellevue_116th_ne12th|kmeans|trial_023,23,"{""max_iter"": 300, ""n_clusters"": 24, ""n_init"": 10}",0.4204581196795492,29,0.12313540134565401,0.9621546940006495,0.5921355634593847,0.146691277197867,0.8390192926549954
bellevue_116th_ne12th,kmeans,bellevue_116th_ne12th|kmeans|trial_024,24,"{""max_iter"": 300, ""n_clusters"": 25, ""n_init"": 10}",0.4213772811566726,26,0.12376142206638319,0.9624269354518398,0.5937750821959784,0.14693728889902885,0.8386655133854566
bellevue_116th_ne12th,kmeans,bellevue_116th_ne12th|kmeans|trial_025,25,"{""max_iter"": 300, ""n_clusters"": 26, ""n_init"": 10}",0.42403337805336166,21,0.1258520374092213,0.9631869719208528,0.5985260280945981,0.1476323046049796,0.8373349345116314
bellevue_116th_ne12th,kmeans,bellevue_116th_ne12th|kmeans|trial_026,26,"{""max_iter"": 300, ""n_clusters"": 27, ""n_init"": 10}",0.4240381496305121,20,0.12664316525112174,0.9635847640478402,0.5986038884083261,0.1473315691364783,0.8369415987967185
bellevue_116th_ne12th,kmeans,bellevue_116th_ne12th|kmeans|trial_027,27,"{""max_iter"": 300, ""n_clusters"": 28, ""n_init"": 10}",0.4239425852029486,22,0.1252011688959195,0.9629781085673759,0.598320081234546,0.1477960346909247,0.8377769396714564
bellevue_116th_ne12th,kmeans,bellevue_116th_ne12th|kmeans|trial_028,28,"{""max_iter"": 300, ""n_clusters"": 29, ""n_init"": 10}",0.4229321744969053,23,0.1250455631950617,0.9628488756242499,0.5965579588129576,0.14734252427951944,0.8378033124291883
bellevue_116th_ne12th,kmeans,bellevue_116th_ne12th|kmeans|trial_029,29,"{""max_iter"": 300, ""n_clusters"": 30, ""n_init"": 10}",0.4206260412620599,28,0.12330682092204867,0.9621303032741031,0.5924330525535623,0.14677024407840072,0.8388234823520544
bellevue_116th_ne12th,optics,bellevue_116th_ne12th|optics|trial_001,1,"{""max_eps"": 0.028528990860990387, ""min_samples"": 40, ""xi"": 0.05}",0.4641762069469917,11,0.3164893288930014,0.9195130276098331,0.5895351562258042,0.11816994412947031,0.6030236987168317
bellevue_116th_ne12th,optics,bellevue_116th_ne12th|optics|trial_002,2,"{""max_eps"": 0.0425915111606225, ""min_samples"": 40, ""xi"": 0.05}",0.5704080568864385,5,0.43665454173407847,0.9114870031113962,0.6748824437057952,0.08695890502091153,0.4748324613773177
bellevue_116th_ne12th,optics,bellevue_116th_ne12th|optics|trial_003,3,"{""max_eps"": 0.11784142357479498, ""min_samples"": 40, ""xi"": 0.05}",0.6532451621380561,3,0.5453612947312577,0.9134498479715322,0.730197764695698,0.06579597968803917,0.36808855324027445
bellevue_116th_ne12th,optics,bellevue_116th_ne12th|optics|trial_004,4,"{""max_eps"": 0.31873943664454396, ""min_samples"": 40, ""xi"": 0.05}",0.6568767845677861,1,0.552261124306876,0.8981042010322894,0.7279208084009039,0.06129977906399632,0.34584307672541337
bellevue_116th_ne12th,optics,bellevue_116th_ne12th|optics|trial_005,5,"{""max_eps"": 0.028528990860990387, ""min_samples"": 40, ""xi"": 0.07}",0.4641762069469917,12,0.3164893288930014,0.9195130276098331,0.5895351562258042,0.11816994412947031,0.6030236987168317
bellevue_116th_ne12th,optics,bellevue_116th_ne12th|optics|trial_006,6,"{""max_eps"": 0.0425915111606225, ""min_samples"": 40, ""xi"": 0.07}",0.5704080568864385,6,0.43665454173407847,0.9114870031113962,0.6748824437057952,0.08695890502091153,0.4748324613773177
bellevue_116th_ne12th,optics,bellevue_116th_ne12th|optics|trial_007,7,"{""max_eps"": 0.11784142357479498, ""min_samples"": 40, ""xi"": 0.07}",0.6532451621380561,4,0.5453612947312577,0.9134498479715322,0.730197764695698,0.06579597968803917,0.36808855324027445
bellevue_116th_ne12th,optics,bellevue_116th_ne12th|optics|trial_008,8,"{""max_eps"": 0.31873943664454396, ""min_samples"": 40, ""xi"": 0.07}",0.6568767845677861,2,0.552261124306876,0.8981042010322894,0.7279208084009039,0.06129977906399632,0.34584307672541337
bellevue_116th_ne12th,optics,bellevue_116th_ne12th|optics|trial_009,9,"{""max_eps"": 0.028528990860990387, ""min_samples"": 80, ""xi"": 0.05}",0.15000000000000002,15,0.016340542575684305,0.49498318335229774,0.26552884262816157,0.10023307773182497,0.47864264077661345
bellevue_116th_ne12th,optics,bellevue_116th_ne12th|optics|trial_010,10,"{""max_eps"": 0.0425915111606225, ""min_samples"": 80, ""xi"": 0.05}",0.18533123028391169,13,0.03193700099441191,0.46943963693042356,0.24118606495841358,0.07678690315086606,0.4375026359360117
bellevue_116th_ne12th,optics,bellevue_116th_ne12th|optics|trial_011,11,"{""max_eps"": 0.11784142357479498, ""min_samples"": 80, ""xi"": 0.05}",0.5260424528978814,9,0.36322932593487217,0.8967363403825106,0.6452368421466724,0.09652524666527043,0.5335070144476384
bellevue_116th_ne12th,optics,bellevue_116th_ne12th|optics|trial_012,12,"{""max_eps"": 0.31873943664454396, ""min_samples"": 80, ""xi"": 0.05}",0.5268219015398746,8,0.3696562489893704,0.8440761072312558,0.6206682010347075,0.08819853998186396,0.47441985824188543
bellevue_116th_ne12th,optics,bellevue_116th_ne12th|optics|trial_013,13,"{""max_eps"": 0.028528990860990387, ""min_samples"": 80, ""xi"": 0.07}",0.15000000000000002,16,0.016340542575684305,0.49498318335229774,0.26552884262816157,0.10023307773182497,0.47864264077661345
bellevue_116th_ne12th,optics,bellevue_116th_ne12th|optics|trial_014,14,"{""max_eps"": 0.0425915111606225, ""min_samples"": 80, ""xi"": 0.07}",0.18533123028391169,14,0.03193700099441191,0.46943963693042356,0.24118606495841358,0.07678690315086606,0.4375026359360117
bellevue_116th_ne12th,optics,bellevue_116th_ne12th|optics|trial_015,15,"{""max_eps"": 0.11784142357479498, ""min_samples"": 80, ""xi"": 0.07}",0.5260424528978814,10,0.36322932593487217,0.8967363403825106,0.6452368421466724,0.09652524666527043,0.5335070144476384
bellevue_116th_ne12th,optics,bellevue_116th_ne12th|optics|trial_016,16,"{""max_eps"": 0.31873943664454396, ""min_samples"": 80, ""xi"": 0.07}",0.5275632154900696,7,0.36735093226860466,0.8850199151486273,0.6426048367189849,0.09333834600975409,0.5176689828800227
bellevue_150th_eastgate,hdbscan,bellevue_150th_eastgate|hdbscan|trial_001,1,"{""min_cluster_size"": 80, ""min_samples"": 10}",0.5954395585781475,5,0.4140954726870135,0.9114057899667877,0.7065702297085144,0.09123256540269735,0.49731031727977415
bellevue_150th_eastgate,hdbscan,bellevue_150th_eastgate|hdbscan|trial_002,2,"{""min_cluster_size"": 80, ""min_samples"": 20}",0.5909740106610161,6,0.4131405891286977,0.8959739656977591,0.7011555259517469,0.08985831176394722,0.4828333765690614
bellevue_150th_eastgate,hdbscan,bellevue_150th_eastgate|hdbscan|trial_003,3,"{""min_cluster_size"": 160, ""min_samples"": 10}",0.7755093484649455,3,0.6923990743931453,0.9555393104033088,0.8130235472026841,0.04103658660188234,0.26314023601016345
bellevue_150th_eastgate,hdbscan,bellevue_150th_eastgate|hdbscan|trial_004,4,"{""min_cluster_size"": 160, ""min_samples"": 20}",0.7753792948919151,4,0.692301123482957,0.9553685161894295,0.8128124114999227,0.04102561430426466,0.2630673927064725
bellevue_150th_eastgate,hdbscan,bellevue_150th_eastgate|hdbscan|trial_005,5,"{""min_cluster_size"": 320, ""min_samples"": 10}",0.8822865345854425,1,0.7466860183852135,0.9577716592027649,0.8642464478066166,0.02923040782394217,0.21108564081755132
bellevue_150th_eastgate,hdbscan,bellevue_150th_eastgate|hdbscan|trial_006,6,"{""min_cluster_size"": 320, ""min_samples"": 20}",0.8819131259579891,2,0.7451313169472726,0.9579198409885371,0.8635368538264099,0.029453005396031195,0.21278852404126447
bellevue_150th_eastgate,kmeans,bellevue_150th_eastgate|kmeans|trial_001,1,"{""max_iter"": 300, ""n_clusters"": 2, ""n_init"": 10}",0.4740514270672617,16,0.28135373038414235,0.9625359838044062,0.5508142092176259,0.10530958574526977,0.6811822534202638
bellevue_150th_eastgate,kmeans,bellevue_150th_eastgate|kmeans|trial_002,2,"{""max_iter"": 300, ""n_clusters"": 3, ""n_init"": 10}",0.5730764294669795,13,0.3981367097991768,0.9700830848628346,0.6567948321987215,0.08901486920868018,0.5719463750636578
bellevue_150th_eastgate,kmeans,bellevue_150th_eastgate|kmeans|trial_003,3,"{""max_iter"": 300, ""n_clusters"": 4, ""n_init"": 10}",0.6357330117515883,11,0.49524433824121283,0.9742270407754128,0.6990920529450582,0.07453792551365197,0.47898270253419994
bellevue_150th_eastgate,kmeans,bellevue_150th_eastgate|kmeans|trial_004,4,"{""max_iter"": 300, ""n_clusters"": 5, ""n_init"": 10}",0.7018865444050385,9,0.5855202610995239,0.9765260915376124,0.7470917803282225,0.059512504970496184,0.39100583043808845
bellevue_150th_eastgate,kmeans,bellevue_150th_eastgate|kmeans|trial_005,5,"{""max_iter"": 300, ""n_clusters"": 6, ""n_init"": 10}",0.7616991943701934,7,0.6754241354133955,0.9796545148311326,0.7842605277087293,0.04729726046746468,0.3042303794177371
bellevue_150th_eastgate,kmeans,bellevue_150th_eastgate|kmeans|trial_006,6,"{""max_iter"": 300, ""n_clusters"": 7, ""n_init"": 10}",0.821864689523803,5,0.7307242095032004,0.9827500042883512,0.8220538034856325,0.0385277321614104,0.25202579478515086
bellevue_150th_eastgate,kmeans,bellevue_150th_eastgate|kmeans|trial_007,7,"{""max_iter"": 300, ""n_clusters"": 8, ""n_init"": 10}",0.8860491763055393,3,0.762635679719293,0.9858305836858368,0.8668086210991588,0.0340154785203115,0.22319490396654373
bellevue_150th_eastgate,kmeans,bellevue_150th_eastgate|kmeans|trial_008,8,"{""max_iter"": 300, ""n_clusters"": 9, ""n_init"": 10}",0.9451511583649386,1,0.7835237296892478,0.9930704429459478,0.9027261328750413,0.040972754369721295,0.20954671325670005
bellevue_150th_eastgate,kmeans,bellevue_150th_eastgate|kmeans|trial_009,9,"{""max_iter"": 300, ""n_clusters"": 10, ""n_init"": 10}",0.8906516568883212,2,0.7886595464428837,0.987461124468187,0.8751081983624811,0.031067440582305823,0.1988015780253033
bellevue_150th_eastgate,kmeans,bellevue_150th_eastgate|kmeans|trial_010,10,"{""max_iter"": 300, ""n_clusters"": 11, ""n_init"": 10}",0.836214173272999,4,0.7805344583220647,0.9861199998679405,0.8475900097262992,0.03306673599694964,0.20558554154587583
bellevue_150th_eastgate,kmeans,bellevue_150th_eastgate|kmeans|trial_011,11,"{""max_iter"": 300, ""n_clusters"": 12, ""n_init"": 10}",0.7767319462362611,6,0.6901919397143359,0.9829135762965493,0.8109540657986586,0.045217723519210745,0.2927216365822134
bellevue_150th_eastgate,kmeans,bellevue_150th_eastgate|kmeans|trial_012,12,"{""max_iter"": 300, ""n_clusters"": 13, ""n_init"": 10}",0.716910661327014,8,0.5981381999152633,0.9798250607955682,0.7737835771292904,0.059694390475201003,0.3816868608803049
bellevue_150th_eastgate,kmeans,bellevue_150th_eastgate|kmeans|trial_013,13,"{""max_iter"": 300, ""n_clusters"": 14, ""n_init"": 10}",0.6610924264678805,10,0.5033522977749597,0.9759146408781817,0.7434360790055778,0.0765377984393469,0.472562343103222
bellevue_150th_eastgate,kmeans,bellevue_150th_eastgate|kmeans|trial_014,14,"{""max_iter"": 300, ""n_clusters"": 15, ""n_init"": 10}",0.6027847516836802,12,0.4096065422634951,0.9731406220455949,0.7089230659693412,0.09429302023416677,0.5635340797820998
bellevue_150th_eastgate,kmeans,bellevue_150th_eastgate|kmeans|trial_015,15,"{""max_iter"": 300, ""n_clusters"": 16, ""n_init"": 10}",0.5458080972954211,14,0.31708774326963385,0.9708258834019988,0.6768058150314649,0.11259238686063998,0.653738140132365
bellevue_150th_eastgate,kmeans,bellevue_150th_eastgate|kmeans|trial_016,16,"{""max_iter"": 300, ""n_clusters"": 17, ""n_init"": 10}",0.48729631338828683,15,0.22343733670712443,0.9680463163488743,0.6419450356985589,0.13065779870633976,0.7446089796417499
bellevue_150th_eastgate,kmeans,bellevue_150th_eastgate|kmeans|trial_017,17,"{""max_iter"": 300, ""n_clusters"": 18, ""n_init"": 10}",0.43430787411893806,17,0.13383451006064176,0.9666680527946437,0.6169354953090456,0.15053701970412098,0.832833542734002
bellevue_150th_eastgate,kmeans,bellevue_150th_eastgate|kmeans|trial_018,18,"{""max_iter"": 300, ""n_clusters"": 19, ""n_init"": 10}",0.43179098325721016,18,0.1303544589150663,0.965546626543794,0.6123258215916277,0.15021276162113056,0.8351921676287277
bellevue_150th_eastgate,kmeans,bellevue_150th_eastgate|kmeans|trial_019,19,"{""max_iter"": 300, ""n_clusters"": 20, ""n_init"": 10}",0.4314394653480179,19,0.13080737678395646,0.9655915444944473,0.6117460794967405,0.14987726113545183,0.8347841677104908
bellevue_150th_eastgate,kmeans,bellevue_150th_eastgate|kmeans|trial_020,20,"{""max_iter"": 300, ""n_clusters"": 21, ""n_init"": 10}",0.42914815406459594,21,0.12895511737606102,0.9648485499825996,0.6076390213028672,0.14922458729649235,0.8358934326065386
bellevue_150th_eastgate,kmeans,bellevue_150th_eastgate|kmeans|trial_021,21,"{""max_iter"": 300, ""n_clusters"": 22, ""n_init"": 10}",0.42421102840917607,24,0.12547623721587134,0.9632490145830419,0.5988169747682796,0.1477784571725663,0.8377727773671706
bellevue_150th_eastgate,kmeans,bellevue_150th_eastgate|kmeans|trial_022,22,"{""max_iter"": 300, ""n_clusters"": 23, ""n_init"": 10}",0.42945272503449083,20,0.12909479262573648,0.9649244352684534,0.6081776800271177,0.1493430632691919,0.835829642642717
bellevue_150th_eastgate,kmeans,bellevue_150th_eastgate|kmeans|trial_023,23,"{""max_iter"": 300, ""n_clusters"": 24, ""n_init"": 10}",0.42409497057720685,26,0.12416875543490158,0.9630676110809457,0.5985341539137158,0.14813297906363518,0.8388988556460442
bellevue_150th_eastgate,kmeans,bellevue_150th_eastgate|kmeans|trial_024,24,"{""max_iter"": 300, ""n_clusters"": 25, ""n_init"": 10}",0.4249135692838537,22,0.12542681142308845,0.9634608323469115,0.6000421195220723,0.1481306543642756,0.8380340209238231
bellevue_150th_eastgate,kmeans,bellevue_150th_eastgate|kmeans|trial_025,25,"{""max_iter"": 300, ""n_clusters"": 26, ""n_init"": 10}",0.4241441051105373,25,0.1251511217569404,0.9632827504335884,0.5986863237507547,0.1478223152614568,0.8381316286766479
bellevue_150th_eastgate,kmeans,bellevue_150th_eastgate|kmeans|trial_026,26,"{""max_iter"": 300, ""n_clusters"": 27, ""n_init"": 10}",0.4227068436204863,28,0.12452663852117159,0.9629346546029091,0.5961469486798066,0.14729475599257683,0.8384080160817374
bellevue_150th_eastgate,kmeans,bellevue_150th_eastgate|kmeans|trial_027,27,"{""max_iter"": 300, ""n_clusters"": 28, ""n_init"": 10}",0.4237163209655884,27,0.12376086929554672,0.9623766063706896,0.597811006280478,0.14825399364344313,0.8386157370751428
bellevue_150th_eastgate,kmeans,bellevue_150th_eastgate|kmeans|trial_028,28,"{""max_iter"": 300, ""n_clusters"": 29, ""n_init"": 10}",0.4243048887118137,23,0.12390549056428012,0.9624672621119544,0.5988413917044134,0.14850530408556695,0.8385617715476743
bellevue_150th_eastgate,kmeans,bellevue_150th_eastgate|kmeans|trial_029,29,"{""max_iter"": 300, ""n_clusters"": 30, ""n_init"": 10}",0.42266906416291616,29,0.12278831664503614,0.9619016486287483,0.5959178240909886,0.148137360223088,0.8391133319837121
bellevue_150th_eastgate,optics,bellevue_150th_eastgate|optics|trial_001,1,"{""max_eps"": 0.008633872024647457, ""min_samples"": 40, ""xi"": 0.05}",0.800741479983818,6,0.5712336867982154,0.8829089905880939,0.7840734839509802,0.044694402755880845,0.3116753037898785
bellevue_150th_eastgate,optics,bellevue_150th_eastgate|optics|trial_002,2,"{""max_eps"": 0.013009795194133568, ""min_samples"": 40, ""xi"": 0.05}",0.5771995923550368,16,0.4729116688660355,0.8374338811670384,0.6593183369595352,0.0647476474386818,0.36452221230100296
bellevue_150th_eastgate,optics,bellevue_150th_eastgate|optics|trial_003,3,"{""max_eps"": 0.022171253230168272, ""min_samples"": 40, ""xi"": 0.05}",0.7003018103120854,14,0.6331503171538773,0.8870684685546965,0.7341355047242477,0.0464705255093966,0.2539181514008192
bellevue_150th_eastgate,optics,bellevue_150th_eastgate|optics|trial_004,4,"{""max_eps"": 0.0391223809812431, ""min_samples"": 40, ""xi"": 0.05}",0.7048086751020434,12,0.6574669290015743,0.8819440444359783,0.7373563436965781,0.04230717108450013,0.22447711543440396
bellevue_150th_eastgate,optics,bellevue_150th_eastgate|optics|trial_005,5,"{""max_eps"": 0.008633872024647457, ""min_samples"": 40, ""xi"": 0.07}",0.8010517037697853,5,0.5713243634721671,0.8832497427606131,0.7846264453993541,0.044779686430854226,0.311925379288446
bellevue_150th_eastgate,optics,bellevue_150th_eastgate|optics|trial_006,6,"{""max_eps"": 0.013009795194133568, ""min_samples"": 40, ""xi"": 0.07}",0.5956505854397548,15,0.4836971180598911,0.8500582437396919,0.6801956025966774,0.06446081558004556,0.3663611256798008
bellevue_150th_eastgate,optics,bellevue_150th_eastgate|optics|trial_007,7,"{""max_eps"": 0.022171253230168272, ""min_samples"": 40, ""xi"": 0.07}",0.7297865807002863,9,0.6807164779200748,0.8966329091246774,0.7667380861601443,0.03732634810232157,0.21591643120460258
bellevue_150th_eastgate,optics,bellevue_150th_eastgate|optics|trial_008,8,"{""max_eps"": 0.0391223809812431, ""min_samples"": 40, ""xi"": 0.07}",0.755547240750957,7,0.6455404015022379,0.8889754987041784,0.761283877468314,0.04011460203660977,0.24343509720194045
bellevue_150th_eastgate,optics,bellevue_150th_eastgate|optics|trial_009,9,"{""max_eps"": 0.008633872024647457, ""min_samples"": 80, ""xi"": 0.05}",0.7203891283080718,10,0.4510979662623796,0.8762439709182358,0.7305528931969106,0.05988637028187168,0.4251460046558562
bellevue_150th_eastgate,optics,bellevue_150th_eastgate|optics|trial_010,10,"{""max_eps"": 0.013009795194133568, ""min_samples"": 80, ""xi"": 0.05}",0.810530092691439,3,0.619492914743596,0.8827184779437958,0.7934470697738147,0.03784417378860002,0.26322556320019974
bellevue_150th_eastgate,optics,bellevue_150th_eastgate|optics|trial_011,11,"{""max_eps"": 0.022171253230168272, ""min_samples"": 80, ""xi"": 0.05}",0.8037784186213733,4,0.7469248956627266,0.9079829765272933,0.8184974333087855,0.024419771479752193,0.16105808086456674
bellevue_150th_eastgate,optics,bellevue_150th_eastgate|optics|trial_012,12,"{""max_eps"": 0.0391223809812431, ""min_samples"": 80, ""xi"": 0.05}",0.7045066201689713,13,0.6043348238585122,0.9044183502966837,0.7673939216076247,0.05490529385381874,0.3000835264381715
bellevue_150th_eastgate,optics,bellevue_150th_eastgate|optics|trial_013,13,"{""max_eps"": 0.008633872024647457, ""min_samples"": 80, ""xi"": 0.07}",0.7203891283080718,11,0.4510979662623796,0.8762439709182358,0.7305528931969106,0.05988637028187168,0.4251460046558562
bellevue_150th_eastgate,optics,bellevue_150th_eastgate|optics|trial_014,14,"{""max_eps"": 0.013009795194133568, ""min_samples"": 80, ""xi"": 0.07}",0.8124165974528866,2,0.6385066110161365,0.8803904249235711,0.7933840198341234,0.03495028650513274,0.24188381390743463
bellevue_150th_eastgate,optics,bellevue_150th_eastgate|optics|trial_015,15,"{""max_eps"": 0.022171253230168272, ""min_samples"": 80, ""xi"": 0.07}",0.8522772465309955,1,0.7385133906919084,0.9107118964622544,0.8410839268261118,0.02702484643403129,0.172198505770346
bellevue_150th_eastgate,optics,bellevue_150th_eastgate|optics|trial_016,16,"{""max_eps"": 0.0391223809812431, ""min_samples"": 80, ""xi"": 0.07}",0.751935950181778,8,0.6936714005401016,0.9009777224930193,0.7880242241794297,0.03590614901983608,0.20730632195291776
bellevue_150th_newport,hdbscan,bellevue_150th_newport|hdbscan|trial_001,1,"{""min_cluster_size"": 80, ""min_samples"": 10}",0.692508282405212,1,0.5533160316768911,0.973533248173929,0.7680297097734062,0.07659902220581856,0.4202172164970378
bellevue_150th_newport,hdbscan,bellevue_150th_newport|hdbscan|trial_002,2,"{""min_cluster_size"": 80, ""min_samples"": 20}",0.6924639792369912,2,0.5533370345577572,0.9732350818150223,0.7679990198436019,0.07656890863234904,0.4198980472572651
bellevue_150th_newport,hdbscan,bellevue_150th_newport|hdbscan|trial_003,3,"{""min_cluster_size"": 160, ""min_samples"": 10}",0.6394509579671479,3,0.48304664245207046,0.968238161006786,0.7252245426285625,0.08435016728714155,0.4851915185547155
bellevue_150th_newport,hdbscan,bellevue_150th_newport|hdbscan|trial_004,4,"{""min_cluster_size"": 160, ""min_samples"": 20}",0.6392400639787749,4,0.4830142300969286,0.9678749203903966,0.7248916415024996,0.08427256206287338,0.48486069029346796
bellevue_150th_newport,hdbscan,bellevue_150th_newport|hdbscan|trial_005,5,"{""min_cluster_size"": 320, ""min_samples"": 10}",0.5936177567062557,6,0.41521903459792775,0.9653869548453171,0.6955415137540653,0.09583703082553259,0.5501679202473894
bellevue_150th_newport,hdbscan,bellevue_150th_newport|hdbscan|trial_006,6,"{""min_cluster_size"": 320, ""min_samples"": 20}",0.5937588405025802,5,0.41530767397756635,0.9651534906553781,0.6958446510317428,0.09588017778720576,0.5498458166778117
bellevue_150th_newport,kmeans,bellevue_150th_newport|kmeans|trial_001,1,"{""max_iter"": 300, ""n_clusters"": 2, ""n_init"": 10}",0.4504602803982127,22,0.219317257708795,0.9669231004641957,0.5442979122577816,0.12111421842386963,0.7476058427554007
bellevue_150th_newport,kmeans,bellevue_150th_newport|kmeans|trial_002,2,"{""max_iter"": 300, ""n_clusters"": 3, ""n_init"": 10}",0.5307003704764479,19,0.3265788784053167,0.974002464906038,0.6343340536854729,0.11018699902092408,0.6474235865007214
bellevue_150th_newport,kmeans,bellevue_150th_newport|kmeans|trial_003,3,"{""max_iter"": 300, ""n_clusters"": 4, ""n_init"": 10}",0.5936304097687369,16,0.4131100057428683,0.9762796685529327,0.6935167956983163,0.09584840276054893,0.5631696628100644
bellevue_150th_newport,kmeans,bellevue_150th_newport|kmeans|trial_004,4,"{""max_iter"": 300, ""n_clusters"": 5, ""n_init"": 10}",0.6392095825698303,14,0.4823534363760947,0.9790454129033191,0.7227434225871238,0.08421530800695899,0.49669197652722447
bellevue_150th_newport,kmeans,bellevue_150th_newport|kmeans|trial_005,5,"{""max_iter"": 300, ""n_clusters"": 6, ""n_init"": 10}",0.6872135706355063,12,0.5510170324712592,0.9826128516182185,0.7563220820824355,0.07420074860291814,0.4315958191469593
bellevue_150th_newport,kmeans,bellevue_150th_newport|kmeans|trial_006,6,"{""max_iter"": 300, ""n_clusters"": 7, ""n_init"": 10}",0.7362042590439848,10,0.6109241581916008,0.9867252194174124,0.7917420176678697,0.06539347277255568,0.3758010612258116
bellevue_150th_newport,kmeans,bellevue_150th_newport|kmeans|trial_007,7,"{""max_iter"": 300, ""n_clusters"": 8, ""n_init"": 10}",0.7768587388689442,8,0.6645801376380653,0.9877307366877323,0.8120873872898567,0.05486515341945522,0.3231505990496669
bellevue_150th_newport,kmeans,bellevue_150th_newport|kmeans|trial_008,8,"{""max_iter"": 300, ""n_clusters"": 9, ""n_init"": 10}",0.8157241955646231,6,0.6673907383120501,0.9879851782308772,0.8291704984868483,0.04692722244421619,0.3205944399188271
bellevue_150th_newport,kmeans,bellevue_150th_newport|kmeans|trial_009,9,"{""max_iter"": 300, ""n_clusters"": 10, ""n_init"": 10}",0.856403013062285,4,0.6725842157058587,0.9888252798126788,0.8495156386302487,0.043665870708854096,0.31624106410682007
bellevue_150th_newport,kmeans,bellevue_150th_newport|kmeans|trial_010,10,"{""max_iter"": 300, ""n_clusters"": 11, ""n_init"": 10}",0.8876013427803909,2,0.7079905088387205,0.9855854637583721,0.8527135758351015,0.043907362857371256,0.2775949549196516
bellevue_150th_newport,kmeans,bellevue_150th_newport|kmeans|trial_011,11,"{""max_iter"": 300, ""n_clusters"": 12, ""n_init"": 10}",0.9235568988842722,1,0.716785119196224,0.9905802128617957,0.8645714296353703,0.054711404156238014,0.27379509366557164
bellevue_150th_newport,kmeans,bellevue_150th_newport|kmeans|trial_012,12,"{""max_iter"": 300, ""n_clusters"": 13, ""n_init"": 10}",0.8834001014080525,3,0.6877500596443794,0.9810525785717249,0.8446315852251538,0.04438362486408115,0.2933025189273455
bellevue_150th_newport,kmeans,bellevue_150th_newport|kmeans|trial_013,13,"{""max_iter"": 300, ""n_clusters"": 14, ""n_init"": 10}",0.838691911864715,5,0.6661187802353026,0.9786497268798456,0.8169922937350729,0.0418521778865484,0.31253094664454306
bellevue_150th_newport,kmeans,bellevue_150th_newport|kmeans|trial_014,14,"{""max_iter"": 300, ""n_clusters"": 15, ""n_init"": 10}",0.7973431769428547,7,0.6661708833763645,0.9774190456644064,0.7954022886715346,0.04136921905151018,0.31124816228804186
bellevue_150th_newport,kmeans,bellevue_150th_newport|kmeans|trial_015,15,"{""max_iter"": 300, ""n_clusters"": 16, ""n_init"": 10}",0.7557736239893011,9,0.6457822984007209,0.9745315547584873,0.7731814545736686,0.04801654257387959,0.3287492563577664
bellevue_150th_newport,kmeans,bellevue_150th_newport|kmeans|trial_016,16,"{""max_iter"": 300, ""n_clusters"": 17, ""n_init"": 10}",0.7100313803193692,11,0.5987104747342825,0.9733308858806468,0.7439228413964646,0.05547708010047134,0.37462041114636424
bellevue_150th_newport,kmeans,bellevue_150th_newport|kmeans|trial_017,17,"{""max_iter"": 300, ""n_clusters"": 18, ""n_init"": 10}",0.6689039602249561,13,0.5364977529976915,0.9721968250906243,0.7227554309823607,0.06530775884769961,0.4356990720929328
bellevue_150th_newport,kmeans,bellevue_150th_newport|kmeans|trial_018,18,"{""max_iter"": 300, ""n_clusters"": 19, ""n_init"": 10}",0.6242437464299667,15,0.46408668425318444,0.9684804844787424,0.6950362168071204,0.07842370006759387,0.5043938002255579
bellevue_150th_newport,kmeans,bellevue_150th_newport|kmeans|trial_019,19,"{""max_iter"": 300, ""n_clusters"": 20, ""n_init"": 10}",0.5804802937832843,17,0.39368856080220044,0.9662490127279827,0.6690798818760969,0.09094909297833097,0.5725604519257823
bellevue_150th_newport,kmeans,bellevue_150th_newport|kmeans|trial_020,20,"{""max_iter"": 300, ""n_clusters"": 21, ""n_init"": 10}",0.5393582115475839,18,0.3259785731140606,0.9650994299196164,0.647903112446444,0.10370217673521175,0.6391208568055557
bellevue_150th_newport,kmeans,bellevue_150th_newport|kmeans|trial_021,21,"{""max_iter"": 300, ""n_clusters"": 22, ""n_init"": 10}",0.4957115910180053,20,0.2565131852502981,0.9632238775299533,0.6222228631507591,0.1165682734055695,0.7067106922796552
bellevue_150th_newport,kmeans,bellevue_150th_newport|kmeans|trial_022,22,"{""max_iter"": 300, ""n_clusters"": 23, ""n_init"": 10}",0.4548710272731282,21,0.1884465683445184,0.9619536540012398,0.6015049052298594,0.13045600265114435,0.7735070856567214
bellevue_150th_newport,kmeans,bellevue_150th_newport|kmeans|trial_023,23,"{""max_iter"": 300, ""n_clusters"": 24, ""n_init"": 10}",0.41029413989745345,28,0.1180890936368513,0.9598301572929152,0.5741533922883914,0.14351040739502863,0.8417410636560639
bellevue_150th_newport,kmeans,bellevue_150th_newport|kmeans|trial_024,24,"{""max_iter"": 300, ""n_clusters"": 25, ""n_init"": 10}",0.41148843288754355,25,0.1193236199431677,0.9602846553124762,0.57631310965132,0.1436723710525204,0.8409610353693084
bellevue_150th_newport,kmeans,bellevue_150th_newport|kmeans|trial_025,25,"{""max_iter"": 300, ""n_clusters"": 26, ""n_init"": 10}",0.41231583810204697,23,0.11989411354709362,0.9604959507887666,0.5777870170870997,0.14389474052980034,0.840601837241673
bellevue_150th_newport,kmeans,bellevue_150th_newport|kmeans|trial_026,26,"{""max_iter"": 300, ""n_clusters"": 27, ""n_init"": 10}",0.410422086767921,27,0.11819576174033684,0.9598721808069517,0.5743829404137294,0.14353424807298873,0.8416764190666148
bellevue_150th_newport,kmeans,bellevue_150th_newport|kmeans|trial_027,27,"{""max_iter"": 300, ""n_clusters"": 28, ""n_init"": 10}",0.4087187537842934,29,0.11672606467262699,0.9593081089477554,0.5713240358433901,0.1432313183985015,0.8425820442751284
bellevue_150th_newport,kmeans,bellevue_150th_newport|kmeans|trial_028,28,"{""max_iter"": 300, ""n_clusters"": 29, ""n_init"": 10}",0.4117638338883677,24,0.11984151942491614,0.960424305373278,0.5768260027946505,0.14367673646669515,0.8405827859483619
bellevue_150th_newport,kmeans,bellevue_150th_newport|kmeans|trial_029,29,"{""max_iter"": 300, ""n_clusters"": 30, ""n_init"": 10}",0.41100150833471494,26,0.11931437411398867,0.9602027110604731,0.5754660970405049,0.14349935235515404,0.8408883369464843
bellevue_150th_newport,optics,bellevue_150th_newport|optics|trial_001,1,"{""max_eps"": 0.009519037609703348, ""min_samples"": 40, ""xi"": 0.05}",0.5840720034731722,12,0.5052073728049818,0.8859791186175112,0.6512515005647218,0.06976058104935225,0.38077174581252937
bellevue_150th_newport,optics,bellevue_150th_newport|optics|trial_002,2,"{""max_eps"": 0.012798475487971639, ""min_samples"": 40, ""xi"": 0.05}",0.6741609510305739,6,0.5932774318072471,0.9197547546365138,0.7293769469152541,0.05947935480017432,0.32647732282926667
bellevue_150th_newport,optics,bellevue_150th_newport|optics|trial_003,3,"{""max_eps"": 0.01872090448460329, ""min_samples"": 40, ""xi"": 0.05}",0.6427670756956353,10,0.5237826666664424,0.9311262055955656,0.7182325339109411,0.07600326404091834,0.40734353892912323
bellevue_150th_newport,optics,bellevue_150th_newport|optics|trial_004,4,"{""max_eps"": 0.036343618402565836, ""min_samples"": 40, ""xi"": 0.05}",0.690356024407832,2,0.5828273651406581,0.9190270709588756,0.7413850091574061,0.06038764020901657,0.33619970581821745
bellevue_150th_newport,optics,bellevue_150th_newport|optics|trial_005,5,"{""max_eps"": 0.009519037609703348, ""min_samples"": 40, ""xi"": 0.07}",0.5921404471256492,11,0.509598559878729,0.8906760498423332,0.6609098731454478,0.06779302959355536,0.38107748996360413
bellevue_150th_newport,optics,bellevue_150th_newport|optics|trial_006,6,"{""max_eps"": 0.012798475487971639, ""min_samples"": 40, ""xi"": 0.07}",0.6806028812647191,5,0.6008878851751137,0.9166341482390044,0.7344844501934715,0.05509351999899302,0.31574626306389064
bellevue_150th_newport,optics,bellevue_150th_newport|optics|trial_007,7,"{""max_eps"": 0.01872090448460329, ""min_samples"": 40, ""xi"": 0.07}",0.6679093478321714,7,0.544223582570574,0.9403480998000834,0.7458414093653414,0.0735786210818299,0.39612451722950937
bellevue_150th_newport,optics,bellevue_150th_newport|optics|trial_008,8,"{""max_eps"": 0.036343618402565836, ""min_samples"": 40, ""xi"": 0.07}",0.7183601988894607,1,0.6036206009676841,0.9312589184416283,0.7722710839272153,0.060623028497538596,0.32763831747394423
bellevue_150th_newport,optics,bellevue_150th_newport|optics|trial_009,9,"{""max_eps"": 0.009519037609703348, ""min_samples"": 80, ""xi"": 0.05}",0.16972213264538322,15,0.029549782654367918,0.4681485820938834,0.22936651427307506,0.07919491308374796,0.43859879943951546
bellevue_150th_newport,optics,bellevue_150th_newport|optics|trial_010,10,"{""max_eps"": 0.012798475487971639, ""min_samples"": 80, ""xi"": 0.05}",0.523605610881617,13,0.3735097839659245,0.9265677339706627,0.6407968620203159,0.10336514489210266,0.5530579500047382
bellevue_150th_newport,optics,bellevue_150th_newport|optics|trial_011,11,"{""max_eps"": 0.01872090448460329, ""min_samples"": 80, ""xi"": 0.05}",0.6451004257340307,8,0.5425350402425667,0.9113639392191848,0.7126566702092492,0.06398207798965473,0.3688288989766181
bellevue_150th_newport,optics,bellevue_150th_newport|optics|trial_012,12,"{""max_eps"": 0.036343618402565836, ""min_samples"": 80, ""xi"": 0.05}",0.6806195596750008,3,0.5482884167525045,0.9442066248242649,0.7576323340693688,0.07488953545907102,0.39591820807176037
bellevue_150th_newport,optics,bellevue_150th_newport|optics|trial_013,13,"{""max_eps"": 0.009519037609703348, ""min_samples"": 80, ""xi"": 0.07}",0.16972213264538322,16,0.029549782654367918,0.4681485820938834,0.22936651427307506,0.07919491308374796,0.43859879943951546
bellevue_150th_newport,optics,bellevue_150th_newport|optics|trial_014,14,"{""max_eps"": 0.012798475487971639, ""min_samples"": 80, ""xi"": 0.07}",0.523605610881617,14,0.3735097839659245,0.9265677339706627,0.6407968620203159,0.10336514489210266,0.5530579500047382
bellevue_150th_newport,optics,bellevue_150th_newport|optics|trial_015,15,"{""max_eps"": 0.01872090448460329, ""min_samples"": 80, ""xi"": 0.07}",0.6451004257340307,9,0.5425350402425667,0.9113639392191848,0.7126566702092492,0.06398207798965473,0.3688288989766181
bellevue_150th_newport,optics,bellevue_150th_newport|optics|trial_016,16,"{""max_eps"": 0.036343618402565836, ""min_samples"": 80, ""xi"": 0.07}",0.6806195596750008,4,0.5482884167525045,0.9442066248242649,0.7576323340693688,0.07488953545907102,0.39591820807176037
bellevue_150th_se38th,hdbscan,bellevue_150th_se38th|hdbscan|trial_001,1,"{""min_cluster_size"": 80, ""min_samples"": 10}",0.602065007395811,2,0.44642525968319374,0.9142130823332724,0.6829640052799004,0.07817206626580801,0.4677878226500786
bellevue_150th_se38th,hdbscan,bellevue_150th_se38th|hdbscan|trial_002,2,"{""min_cluster_size"": 80, ""min_samples"": 20}",0.6042337609684472,1,0.45557985243410903,0.8893658572640539,0.6918394530361078,0.0771692139123636,0.4337860048299449
bellevue_150th_se38th,hdbscan,bellevue_150th_se38th|hdbscan|trial_003,3,"{""min_cluster_size"": 160, ""min_samples"": 10}",0.5275169919026174,3,0.3239053175465468,0.9100040852397346,0.6560467534836465,0.10901292084398417,0.5860987676931879
bellevue_150th_se38th,hdbscan,bellevue_150th_se38th|hdbscan|trial_004,4,"{""min_cluster_size"": 160, ""min_samples"": 20}",0.49633398286453057,5,0.2780976896369326,0.9012736455485888,0.6457143057265334,0.12083511941444888,0.6231759559116562
bellevue_150th_se38th,hdbscan,bellevue_150th_se38th|hdbscan|trial_005,5,"{""min_cluster_size"": 320, ""min_samples"": 10}",0.49689385692433097,4,0.2793125029090285,0.8965877238382077,0.6451943874646137,0.12034812312561398,0.6172752209291792
bellevue_150th_se38th,hdbscan,bellevue_150th_se38th|hdbscan|trial_006,6,"{""min_cluster_size"": 320, ""min_samples"": 20}",0.49633398286453057,6,0.2780976896369326,0.9012736455485888,0.6457143057265334,0.12083511941444888,0.6231759559116562
bellevue_150th_se38th,kmeans,bellevue_150th_se38th|kmeans|trial_001,1,"{""max_iter"": 300, ""n_clusters"": 2, ""n_init"": 10}",0.44454331337431274,29,0.199216109454524,0.970971868007243,0.5683061578774891,0.13289983882762313,0.771755758552719
bellevue_150th_se38th,kmeans,bellevue_150th_se38th|kmeans|trial_002,2,"{""max_iter"": 300, ""n_clusters"": 3, ""n_init"": 10}",0.49210966601241396,28,0.2618062036890772,0.9675297610403482,0.6165811509673745,0.11546879858472162,0.705723557351271
bellevue_150th_se38th,kmeans,bellevue_150th_se38th|kmeans|trial_003,3,"{""max_iter"": 300, ""n_clusters"": 4, ""n_init"": 10}",0.5299623221028434,27,0.3161379131973389,0.9716827023780412,0.6494489193512409,0.10910242230784316,0.6555447891807022
bellevue_150th_se38th,kmeans,bellevue_150th_se38th|kmeans|trial_004,4,"{""max_iter"": 300, ""n_clusters"": 5, ""n_init"": 10}",0.5597767757848554,26,0.3580907857437286,0.971594869062473,0.6674818662453329,0.1017778185400903,0.6135040833187444
bellevue_150th_se38th,kmeans,bellevue_150th_se38th|kmeans|trial_005,5,"{""max_iter"": 300, ""n_clusters"": 6, ""n_init"": 10}",0.5847851843189744,24,0.3982316308421399,0.9704369552375727,0.6770446398902651,0.09310506079598885,0.5722053243954328
bellevue_150th_se38th,kmeans,bellevue_150th_se38th|kmeans|trial_006,6,"{""max_iter"": 300, ""n_clusters"": 7, ""n_init"": 10}",0.6224911844538842,22,0.4541098336721303,0.9749898455500263,0.7097693185495203,0.08511691565998114,0.520880011877896
bellevue_150th_se38th,kmeans,bellevue_150th_se38th|kmeans|trial_007,7,"{""max_iter"": 300, ""n_clusters"": 8, ""n_init"": 10}",0.6505924814443367,20,0.49757314256709545,0.9752466212095072,0.7249481791606119,0.07756071149925901,0.4776734786424118
bellevue_150th_se38th,kmeans,bellevue_150th_se38th|kmeans|trial_008,8,"{""max_iter"": 300, ""n_clusters"": 9, ""n_init"": 10}",0.6825487887653329,18,0.5473761190640465,0.9776782492043429,0.747272848957502,0.06959634825188496,0.4303021301402964
bellevue_150th_se38th,kmeans,bellevue_150th_se38th|kmeans|trial_009,9,"{""max_iter"": 300, ""n_clusters"": 10, ""n_init"": 10}",0.7141657912239132,16,0.5971116556333798,0.9800439746483399,0.7690034257075283,0.0616612208560127,0.38293231901496017
bellevue_150th_se38th,kmeans,bellevue_150th_se38th|kmeans|trial_010,10,"{""max_iter"": 300, ""n_clusters"": 11, ""n_init"": 10}",0.7413981378840084,14,0.6386393729853386,0.9806686370060685,0.7827707250002249,0.054499346780996064,0.34202926402073
bellevue_150th_se38th,kmeans,bellevue_150th_se38th|kmeans|trial_011,11,"{""max_iter"": 300, ""n_clusters"": 12, ""n_init"": 10}",0.7722490998129846,12,0.6867175013014651,0.9827466924775473,0.8031153536653607,0.04745934936593422,0.2960291911760822
bellevue_150th_se38th,kmeans,bellevue_150th_se38th|kmeans|trial_012,12,"{""max_iter"": 300, ""n_clusters"": 13, ""n_init"": 10}",0.789345025932211,10,0.6971062131307159,0.9800172681968566,0.7986970651685734,0.0431788006095719,0.2829110550661408
bellevue_150th_se38th,kmeans,bellevue_150th_se38th|kmeans|trial_013,13,"{""max_iter"": 300, ""n_clusters"": 14, ""n_init"": 10}",0.816174140944646,8,0.6939110538112879,0.9805586347049097,0.8117567401632139,0.041417884668571645,0.28664758089362175
bellevue_150th_se38th,kmeans,bellevue_150th_se38th|kmeans|trial_014,14,"{""max_iter"": 300, ""n_clusters"": 15, ""n_init"": 10}",0.8431648269151918,6,0.6950131519634904,0.9812904472059303,0.8251504822212776,0.041290816797666004,0.28627729524243983
bellevue_150th_se38th,kmeans,bellevue_150th_se38th|kmeans|trial_015,15,"{""max_iter"": 300, ""n_clusters"": 16, ""n_init"": 10}",0.8687707986580472,4,0.6883891187922566,0.9815599666194778,0.8360591223690197,0.04449973091056007,0.29317084782722114
bellevue_150th_se38th,kmeans,bellevue_150th_se38th|kmeans|trial_016,16,"{""max_iter"": 300, ""n_clusters"": 17, ""n_init"": 10}",0.8996421776025971,2,0.7024415256793921,0.983366316464975,0.8563508169121516,0.047590782793986854,0.28092479078558286
bellevue_150th_se38th,kmeans,bellevue_150th_se38th|kmeans|trial_017,17,"{""max_iter"": 300, ""n_clusters"": 18, ""n_init"": 10}",0.9260389533222189,1,0.6911385760380029,0.9910237525821298,0.8686114096181483,0.0549014175454292,0.29988517654412694
bellevue_150th_se38th,kmeans,bellevue_150th_se38th|kmeans|trial_018,18,"{""max_iter"": 300, ""n_clusters"": 19, ""n_init"": 10}",0.8910702160171946,3,0.6585574828697708,0.9806398003497023,0.8410005509221956,0.05290431753080107,0.32208231747993155
bellevue_150th_se38th,kmeans,bellevue_150th_se38th|kmeans|trial_019,19,"{""max_iter"": 300, ""n_clusters"": 20, ""n_init"": 10}",0.8656773761102733,5,0.678801371246772,0.9807204088885614,0.830566012839637,0.0455352285485429,0.3019190376417894
bellevue_150th_se38th,kmeans,bellevue_150th_se38th|kmeans|trial_020,20,"{""max_iter"": 300, ""n_clusters"": 21, ""n_init"": 10}",0.8339521307819744,7,0.6572131863719138,0.9775067002737333,0.8086196106522804,0.043552287397504705,0.3202935139018195
bellevue_150th_se38th,kmeans,bellevue_150th_se38th|kmeans|trial_021,21,"{""max_iter"": 300, ""n_clusters"": 22, ""n_init"": 10}",0.8052997688679965,9,0.6508119119290046,0.9763204652741795,0.7922740593216607,0.04286749663034426,0.3255085533451749
bellevue_150th_se38th,kmeans,bellevue_150th_se38th|kmeans|trial_022,22,"{""max_iter"": 300, ""n_clusters"": 23, ""n_init"": 10}",0.7815761609275393,11,0.6425342780844349,0.9745351082655845,0.7844051528643973,0.04617401596374402,0.3320008301811497
bellevue_150th_se38th,kmeans,bellevue_150th_se38th|kmeans|trial_023,23,"{""max_iter"": 300, ""n_clusters"": 24, ""n_init"": 10}",0.7538877672928395,13,0.6383177798215356,0.9735963973122478,0.769779693224767,0.04949423655937523,0.3352786174907122
bellevue_150th_se38th,kmeans,bellevue_150th_se38th|kmeans|trial_024,24,"{""max_iter"": 300, ""n_clusters"": 25, ""n_init"": 10}",0.7242988270841014,15,0.6203649809871727,0.972121705826548,0.7517583908451941,0.05493514694165772,0.35175672483937526
bellevue_150th_se38th,kmeans,bellevue_150th_se38th|kmeans|trial_025,25,"{""max_iter"": 300, ""n_clusters"": 26, ""n_init"": 10}",0.698279079660584,17,0.5795714275850508,0.9717781676472328,0.7401305257804354,0.06039053982835093,0.39220674006218204
bellevue_150th_se38th,kmeans,bellevue_150th_se38th|kmeans|trial_026,26,"{""max_iter"": 300, ""n_clusters"": 27, ""n_init"": 10}",0.6686833881679399,19,0.5337358526893384,0.970268536880794,0.7220898023112152,0.06767206380014676,0.4365326841914555
bellevue_150th_se38th,kmeans,bellevue_150th_se38th|kmeans|trial_027,27,"{""max_iter"": 300, ""n_clusters"": 28, ""n_init"": 10}",0.6422993793071918,21,0.4894763102120587,0.9698632571557915,0.7098238275272325,0.074964137551108,0.4803869469437328
bellevue_150th_se38th,kmeans,bellevue_150th_se38th|kmeans|trial_028,28,"{""max_iter"": 300, ""n_clusters"": 29, ""n_init"": 10}",0.6139299799149962,23,0.44183528757924834,0.9680023070077965,0.6938483911352492,0.08438923678375675,0.5261670194285482
bellevue_150th_se38th,kmeans,bellevue_150th_se38th|kmeans|trial_029,29,"{""max_iter"": 300, ""n_clusters"": 30, ""n_init"": 10}",0.5835650583616838,25,0.3957964223922893,0.9670409030283473,0.6745742243569272,0.09132733735647247,0.571244480636058
bellevue_150th_se38th,optics,bellevue_150th_se38th|optics|trial_001,1,"{""max_eps"": 0.0105626297519378, ""min_samples"": 40, ""xi"": 0.05}",0.5020481285366412,8,0.45362010555161736,0.6626117394539174,0.5414043857548684,0.03501137470177036,0.20899163390230002
bellevue_150th_se38th,optics,bellevue_150th_se38th|optics|trial_002,2,"{""max_eps"": 0.020337294551748715, ""min_samples"": 40, ""xi"": 0.05}",0.5382449164946949,6,0.42791406577225544,0.8661313444888286,0.6191692020504479,0.07177025788518905,0.4382172787165731
bellevue_150th_se38th,optics,bellevue_150th_se38th|optics|trial_003,3,"{""max_eps"": 0.037180729231304936, ""min_samples"": 40, ""xi"": 0.05}",0.6114415555652093,3,0.5289176712217497,0.875162538762291,0.671568161658732,0.057387133368194704,0.3462448675405413
bellevue_150th_se38th,optics,bellevue_150th_se38th|optics|trial_004,4,"{""max_eps"": 0.09623894321033927, ""min_samples"": 40, ""xi"": 0.05}",0.7179002623463407,1,0.6565735046210446,0.8845195349927663,0.7433344773348223,0.03646552339342988,0.22794603037172168
bellevue_150th_se38th,optics,bellevue_150th_se38th|optics|trial_005,5,"{""max_eps"": 0.0105626297519378, ""min_samples"": 40, ""xi"": 0.07}",0.4626941802032156,13,0.4017792892924184,0.6508530996304397,0.5117327072349735,0.04184103895205419,0.24907381033802128
bellevue_150th_se38th,optics,bellevue_150th_se38th|optics|trial_006,6,"{""max_eps"": 0.020337294551748715, ""min_samples"": 40, ""xi"": 0.07}",0.4510648845611271,14,0.27623670807674217,0.9001225363892434,0.5844895407944866,0.11605281559555042,0.6238858283125013
bellevue_150th_se38th,optics,bellevue_150th_se38th|optics|trial_007,7,"{""max_eps"": 0.037180729231304936, ""min_samples"": 40, ""xi"": 0.07}",0.5335680154696965,7,0.38488274793936283,0.8960929192320771,0.6447048853775151,0.09448634416273156,0.5112101712927143
bellevue_150th_se38th,optics,bellevue_150th_se38th|optics|trial_008,8,"{""max_eps"": 0.09623894321033927, ""min_samples"": 40, ""xi"": 0.07}",0.6374868014101779,2,0.5376929392735408,0.8977457071852208,0.7101717451677879,0.06511809044382504,0.36005276791168006
bellevue_150th_se38th,optics,bellevue_150th_se38th|optics|trial_009,9,"{""max_eps"": 0.0105626297519378, ""min_samples"": 80, ""xi"": 0.05}",0.33020697472475835,15,0.18147231589429183,0.7744238895333664,0.45814555006301594,0.11425438244739926,0.5929515736390746
bellevue_150th_se38th,optics,bellevue_150th_se38th|optics|trial_010,10,"{""max_eps"": 0.020337294551748715, ""min_samples"": 80, ""xi"": 0.05}",0.4655336624421137,11,0.2523978923714689,0.9146262677135989,0.6210466895808723,0.12305512986455905,0.66222837534213
bellevue_150th_se38th,optics,bellevue_150th_se38th|optics|trial_011,11,"{""max_eps"": 0.037180729231304936, ""min_samples"": 80, ""xi"": 0.05}",0.47549412635125937,9,0.2589885145578806,0.9176877645402828,0.6313341743011344,0.1228812335497851,0.6586992499824023
bellevue_150th_se38th,optics,bellevue_150th_se38th|optics|trial_012,12,"{""max_eps"": 0.09623894321033927, ""min_samples"": 80, ""xi"": 0.05}",0.5790754673583373,5,0.412708429014839,0.9165811042443274,0.6948908553019639,0.09365510471826018,0.5038726752294884
bellevue_150th_se38th,optics,bellevue_150th_se38th|optics|trial_013,13,"{""max_eps"": 0.0105626297519378, ""min_samples"": 80, ""xi"": 0.07}",0.33020697472475835,16,0.18147231589429183,0.7744238895333664,0.45814555006301594,0.11425438244739926,0.5929515736390746
bellevue_150th_se38th,optics,bellevue_150th_se38th|optics|trial_014,14,"{""max_eps"": 0.020337294551748715, ""min_samples"": 80, ""xi"": 0.07}",0.4655336624421137,12,0.2523978923714689,0.9146262677135989,0.6210466895808723,0.12305512986455905,0.66222837534213
bellevue_150th_se38th,optics,bellevue_150th_se38th|optics|trial_015,15,"{""max_eps"": 0.037180729231304936, ""min_samples"": 80, ""xi"": 0.07}",0.47549412635125937,10,0.2589885145578806,0.9176877645402828,0.6313341743011344,0.1228812335497851,0.6586992499824023
bellevue_150th_se38th,optics,bellevue_150th_se38th|optics|trial_016,16,"{""max_eps"": 0.09623894321033927, ""min_samples"": 80, ""xi"": 0.07}",0.5918856617259634,4,0.4214927342325007,0.9160024997137386,0.707794421610296,0.09469310449834077,0.4945097654812379
bellevue_ne8th,hdbscan,bellevue_ne8th|hdbscan|trial_001,1,"{""min_cluster_size"": 80, ""min_samples"": 10}",0.6362190499851355,5,0.504323824946607,0.8734542600674682,0.7168700445106096,0.06796159816617804,0.3691304351208612
bellevue_ne8th,hdbscan,bellevue_ne8th|hdbscan|trial_002,2,"{""min_cluster_size"": 80, ""min_samples"": 20}",0.6360172462567922,6,0.5059094227949409,0.8725138748274044,0.7182210535774985,0.06822045555769403,0.3666044520324635
bellevue_ne8th,hdbscan,bellevue_ne8th|hdbscan|trial_003,3,"{""min_cluster_size"": 160, ""min_samples"": 10}",0.9273416750207414,1,0.7392221926772501,0.9855724196705955,0.8788195387776332,0.04303216368601449,0.2463502269933454
bellevue_ne8th,hdbscan,bellevue_ne8th|hdbscan|trial_004,4,"{""min_cluster_size"": 160, ""min_samples"": 20}",0.925970404687402,2,0.7415113177029617,0.9845769918746557,0.8775340839218471,0.042522101126015316,0.243065674171694
bellevue_ne8th,hdbscan,bellevue_ne8th|hdbscan|trial_005,5,"{""min_cluster_size"": 320, ""min_samples"": 10}",0.7324475726000339,3,0.6693950620250282,0.8517792261743813,0.7528907321202021,0.033202908672288874,0.1823841641493531
bellevue_ne8th,hdbscan,bellevue_ne8th|hdbscan|trial_006,6,"{""min_cluster_size"": 320, ""min_samples"": 20}",0.7318664969634192,4,0.6703124987426592,0.8505795731069913,0.7529141816974873,0.03274133963957075,0.1802670743643321
bellevue_ne8th,kmeans,bellevue_ne8th|kmeans|trial_001,1,"{""max_iter"": 300, ""n_clusters"": 2, ""n_init"": 10}",0.4889336077306953,15,0.2937950599283117,0.9643503863868474,0.5769233488731186,0.10478323595137295,0.6705553264585358
bellevue_ne8th,kmeans,bellevue_ne8th|kmeans|trial_002,2,"{""max_iter"": 300, ""n_clusters"": 3, ""n_init"": 10}",0.5664521841281425,13,0.39735660765491065,0.9701192143735528,0.6453158306496036,0.0895530923709365,0.5727626067186421
bellevue_ne8th,kmeans,bellevue_ne8th|kmeans|trial_003,3,"{""max_iter"": 300, ""n_clusters"": 4, ""n_init"": 10}",0.6490813208630022,11,0.5014111864785888,0.9762360124344382,0.7226116963321529,0.07520398709199562,0.4748248259558494
bellevue_ne8th,kmeans,bellevue_ne8th|kmeans|trial_004,4,"{""max_iter"": 300, ""n_clusters"": 5, ""n_init"": 10}",0.711746252797741,9,0.5987149950910919,0.9805266687663268,0.7649702079244013,0.06027005774210915,0.38181167367523483
bellevue_ne8th,kmeans,bellevue_ne8th|kmeans|trial_005,5,"{""max_iter"": 300, ""n_clusters"": 6, ""n_init"": 10}",0.774615127288589,7,0.6927011112022119,0.9833660360428949,0.8074023535398399,0.04493147631731552,0.29066492484068296
bellevue_ne8th,kmeans,bellevue_ne8th|kmeans|trial_006,6,"{""max_iter"": 300, ""n_clusters"": 7, ""n_init"": 10}",0.8328594224097188,5,0.773053528288333,0.9851372016864672,0.8415783032281166,0.03412674749936369,0.21208367339813428
bellevue_ne8th,kmeans,bellevue_ne8th|kmeans|trial_007,7,"{""max_iter"": 300, ""n_clusters"": 8, ""n_init"": 10}",0.8934764964761521,3,0.7853056611927751,0.9887891618440067,0.880273684269439,0.029603535572224744,0.20348350065123155
bellevue_ne8th,kmeans,bellevue_ne8th|kmeans|trial_008,8,"{""max_iter"": 300, ""n_clusters"": 9, ""n_init"": 10}",0.9501870492073201,1,0.7894976540387113,0.993472477832136,0.9118884815679532,0.03750799411269582,0.2039748237934247
bellevue_ne8th,kmeans,bellevue_ne8th|kmeans|trial_009,9,"{""max_iter"": 300, ""n_clusters"": 10, ""n_init"": 10}",0.8956442189472456,2,0.7855774113683198,0.9895457470957892,0.8841771223102503,0.02887584536541179,0.20396833572746942
bellevue_ne8th,kmeans,bellevue_ne8th|kmeans|trial_010,10,"{""max_iter"": 300, ""n_clusters"": 11, ""n_init"": 10}",0.8372222946934893,4,0.7828937220143497,0.9861464672568141,0.8493627269533164,0.031789351511262824,0.2032527452424644
bellevue_ne8th,kmeans,bellevue_ne8th|kmeans|trial_011,11,"{""max_iter"": 300, ""n_clusters"": 12, ""n_init"": 10}",0.7746258973442822,6,0.6877554650855511,0.9819083652043825,0.8071368377324617,0.0443009846086334,0.29415290011883144
bellevue_ne8th,kmeans,bellevue_ne8th|kmeans|trial_012,12,"{""max_iter"": 300, ""n_clusters"": 13, ""n_init"": 10}",0.7144074438099016,8,0.5929020679128549,0.9772505536042398,0.7690038592121706,0.05920057149696884,0.3843484856913849
bellevue_ne8th,kmeans,bellevue_ne8th|kmeans|trial_013,13,"{""max_iter"": 300, ""n_clusters"": 14, ""n_init"": 10}",0.6510222968053496,10,0.4950135388783427,0.9728191016835388,0.725386938586579,0.0755250630277449,0.4778055628051961
bellevue_ne8th,kmeans,bellevue_ne8th|kmeans|trial_014,14,"{""max_iter"": 300, ""n_clusters"": 15, ""n_init"": 10}",0.5976168407978079,12,0.4062894875416742,0.9717632649029961,0.6997263679610854,0.09294756677853006,0.5654737773613219
bellevue_ne8th,kmeans,bellevue_ne8th|kmeans|trial_015,15,"{""max_iter"": 300, ""n_clusters"": 16, ""n_init"": 10}",0.5419218639637432,14,0.315442833998504,0.970002449710476,0.6699499773142026,0.1111432784809729,0.654559615711972
bellevue_ne8th,kmeans,bellevue_ne8th|kmeans|trial_016,16,"{""max_iter"": 300, ""n_clusters"": 17, ""n_init"": 10}",0.4862617851014803,16,0.22389540297647217,0.9680988104927962,0.6401865634145496,0.12999691386673468,0.7442034075163241
bellevue_ne8th,kmeans,bellevue_ne8th|kmeans|trial_017,17,"{""max_iter"": 300, ""n_clusters"": 18, ""n_init"": 10}",0.4285420957330649,19,0.13145460391785202,0.9656928248151915,0.6067840387214815,0.14824962982053935,0.8342382208973395
bellevue_ne8th,kmeans,bellevue_ne8th|kmeans|trial_018,18,"{""max_iter"": 300, ""n_clusters"": 19, ""n_init"": 10}",0.42833361851225543,21,0.13081598805630887,0.9655260961780543,0.6063784035269242,0.1483086432785227,0.8347101081217454
bellevue_ne8th,kmeans,bellevue_ne8th|kmeans|trial_019,19,"{""max_iter"": 300, ""n_clusters"": 20, ""n_init"": 10}",0.42837962687864034,20,0.1310068340957102,0.9655705602820711,0.6064711186203596,0.14828120061305347,0.8345637261863609
bellevue_ne8th,kmeans,bellevue_ne8th|kmeans|trial_020,20,"{""max_iter"": 300, ""n_clusters"": 21, ""n_init"": 10}",0.43259986487698676,17,0.13193915608578002,0.9657155696564964,0.6138190904115878,0.15016069892374845,0.8337764135707164
bellevue_ne8th,kmeans,bellevue_ne8th|kmeans|trial_021,21,"{""max_iter"": 300, ""n_clusters"": 22, ""n_init"": 10}",0.42386493907033584,29,0.12751549568224813,0.964145339766622,0.5983898967840025,0.14694540220569544,0.8366298440843738
bellevue_ne8th,kmeans,bellevue_ne8th|kmeans|trial_022,22,"{""max_iter"": 300, ""n_clusters"": 23, ""n_init"": 10}",0.4290285577036675,18,0.1293307813843437,0.9646205917225399,0.6074369384327882,0.14909217302789696,0.8352898103381962
bellevue_ne8th,kmeans,bellevue_ne8th|kmeans|trial_023,23,"{""max_iter"": 300, ""n_clusters"": 24, ""n_init"": 10}",0.42822485592763804,22,0.1276076604132147,0.9641311293794589,0.6059232152729921,0.14918271204694955,0.8365234689662442
bellevue_ne8th,kmeans,bellevue_ne8th|kmeans|trial_024,24,"{""max_iter"": 300, ""n_clusters"": 25, ""n_init"": 10}",0.42793207559862606,25,0.1277140184652769,0.9641090472665442,0.6054217725231416,0.1490039984700714,0.8363950288012674
bellevue_ne8th,kmeans,bellevue_ne8th|kmeans|trial_025,25,"{""max_iter"": 300, ""n_clusters"": 26, ""n_init"": 10}",0.4253889577876415,28,0.12634134144844764,0.9634317846186838,0.600910023661826,0.14816195608644964,0.8370904431702362
bellevue_ne8th,kmeans,bellevue_ne8th|kmeans|trial_026,26,"{""max_iter"": 300, ""n_clusters"": 27, ""n_init"": 10}",0.42811334926529493,23,0.12849688032597323,0.9643021270454718,0.6057899535054415,0.14887360158964288,0.8358052467194985
bellevue_ne8th,kmeans,bellevue_ne8th|kmeans|trial_027,27,"{""max_iter"": 300, ""n_clusters"": 28, ""n_init"": 10}",0.42795194786612023,24,0.12808830251813313,0.9641911912357919,0.6054817508981645,0.14890695798538048,0.8361028887176587
bellevue_ne8th,kmeans,bellevue_ne8th|kmeans|trial_028,28,"{""max_iter"": 300, ""n_clusters"": 29, ""n_init"": 10}",0.4274607118294481,26,0.1277757971991751,0.9640503589267659,0.6046070280829872,0.14875529863823592,0.8362745617275908
bellevue_ne8th,kmeans,bellevue_ne8th|kmeans|trial_029,29,"{""max_iter"": 300, ""n_clusters"": 30, ""n_init"": 10}",0.42600920936011966,27,0.12637685614600458,0.9635337022584449,0.6019900614178787,0.14844909009748247,0.8371568461124403
bellevue_ne8th,optics,bellevue_ne8th|optics|trial_001,1,"{""max_eps"": 0.008851381172013503, ""min_samples"": 40, ""xi"": 0.05}",0.5746424693076988,13,0.4671859556094066,0.8650612777515934,0.662034544288004,0.0717374071145012,0.39787532214218674
bellevue_ne8th,optics,bellevue_ne8th|optics|trial_002,2,"{""max_eps"": 0.014726152743291102, ""min_samples"": 40, ""xi"": 0.05}",0.38160285875631256,16,0.11871064470900781,0.8434908862870101,0.5702595201807528,0.14137780519821092,0.7247802415780022
bellevue_ne8th,optics,bellevue_ne8th|optics|trial_003,3,"{""max_eps"": 0.024361676659123005, ""min_samples"": 40, ""xi"": 0.05}",0.6067298462814592,12,0.47560971338917407,0.8468229357242959,0.6616634616865439,0.05935759030719961,0.37121322233512183
bellevue_ne8th,optics,bellevue_ne8th|optics|trial_004,4,"{""max_eps"": 0.044077065525483884, ""min_samples"": 40, ""xi"": 0.05}",0.5524680738953575,14,0.4568992073274529,0.8451562197043816,0.6331557214373299,0.070935008439879,0.38825701237692867
bellevue_ne8th,optics,bellevue_ne8th|optics|trial_005,5,"{""max_eps"": 0.008851381172013503, ""min_samples"": 40, ""xi"": 0.07}",0.6348495339797565,11,0.5522817598251974,0.8726991105973635,0.6993171458922236,0.05922119102188898,0.32041735077216604
bellevue_ne8th,optics,bellevue_ne8th|optics|trial_006,6,"{""max_eps"": 0.014726152743291102, ""min_samples"": 40, ""xi"": 0.07}",0.4967323307479452,15,0.3040396698255909,0.8606520315789116,0.6369727030772856,0.10485596341305485,0.5566123617533207
bellevue_ne8th,optics,bellevue_ne8th|optics|trial_007,7,"{""max_eps"": 0.024361676659123005, ""min_samples"": 40, ""xi"": 0.07}",0.7530364612656786,8,0.6211752949021359,0.8796463258427011,0.7604529964935015,0.03648466537443415,0.2584710309405652
bellevue_ne8th,optics,bellevue_ne8th|optics|trial_008,8,"{""max_eps"": 0.044077065525483884, ""min_samples"": 40, ""xi"": 0.07}",0.7576025161445095,7,0.38422970863800443,0.9057606808463805,0.7395265269465078,0.07903431110895741,0.5215309722083761
bellevue_ne8th,optics,bellevue_ne8th|optics|trial_009,9,"{""max_eps"": 0.008851381172013503, ""min_samples"": 80, ""xi"": 0.05}",0.7751873036224208,3,0.4474335507401275,0.8898930995611705,0.7597371740396487,0.06558582463458987,0.442459548821043
bellevue_ne8th,optics,bellevue_ne8th|optics|trial_010,10,"{""max_eps"": 0.014726152743291102, ""min_samples"": 80, ""xi"": 0.05}",0.7580136429172061,6,0.6187438126431232,0.8723188012538556,0.7691031664164482,0.03404648133296644,0.25357498861073247
bellevue_ne8th,optics,bellevue_ne8th|optics|trial_011,11,"{""max_eps"": 0.024361676659123005, ""min_samples"": 80, ""xi"": 0.05}",0.6856390576321005,10,0.5411001999991143,0.8709718435134618,0.7225195276765529,0.0489286733586698,0.3298716435143475
bellevue_ne8th,optics,bellevue_ne8th|optics|trial_012,12,"{""max_eps"": 0.044077065525483884, ""min_samples"": 80, ""xi"": 0.05}",0.8218074298801984,2,0.4102165885668064,0.9822827771228121,0.780404625349418,0.08397223618935333,0.5720661885560057
bellevue_ne8th,optics,bellevue_ne8th|optics|trial_013,13,"{""max_eps"": 0.008851381172013503, ""min_samples"": 80, ""xi"": 0.07}",0.7751873036224208,4,0.4474335507401275,0.8898930995611705,0.7597371740396487,0.06558582463458987,0.442459548821043
bellevue_ne8th,optics,bellevue_ne8th|optics|trial_014,14,"{""max_eps"": 0.014726152743291102, ""min_samples"": 80, ""xi"": 0.07}",0.7695090046100824,5,0.6620954735716365,0.8810612599082659,0.7823287531302149,0.02936234853010677,0.21896578633662944
bellevue_ne8th,optics,bellevue_ne8th|optics|trial_015,15,"{""max_eps"": 0.024361676659123005, ""min_samples"": 80, ""xi"": 0.07}",0.7366859995013098,9,0.6872987707130758,0.8589280196317486,0.7671375888982623,0.028735448707153017,0.17162924891867282
bellevue_ne8th,optics,bellevue_ne8th|optics|trial_016,16,"{""max_eps"": 0.044077065525483884, ""min_samples"": 80, ""xi"": 0.07}",0.8623317968520057,1,0.7614945866673255,0.921447296551242,0.8551911093912137,0.024267941029171198,0.15995270988391652
