release,scene,class_id,class_name,count,count_basis,mean_confidence,median_confidence,p10,p25,p75,p90
new_yolo11x_bytetrack,bellevue_116th_ne12th,0,0,128,bounded_proxy_sample,0.3428501444286667,0.34329308569431305,,,,
new_yolo11x_bytetrack,bellevue_116th_ne12th,2,2,42443,bounded_proxy_sample,0.6327271275188071,0.7770874500274658,,,,
new_yolo11x_bytetrack,bellevue_116th_ne12th,6,6,973,bounded_proxy_sample,0.19583449932341707,0.19228002429008484,,,,
new_yolo11x_bytetrack,bellevue_116th_ne12th,7,7,1807,bounded_proxy_sample,0.7221526784268808,0.777779757976532,,,,
new_yolo11x_bytetrack,bellevue_116th_ne12th,9,9,54649,bounded_proxy_sample,0.5413110077354685,0.5421872735023499,,,,
new_yolo11x_bytetrack,bellevue_116th_ne12th,0,0,1448,bounded_proxy_sample,0.35108990654431654,0.349464550614357,,,,
new_yolo11x_bytetrack,bellevue_116th_ne12th,2,2,29563,bounded_proxy_sample,0.5809636987800955,0.6353278160095215,,,,
new_yolo11x_bytetrack,bellevue_116th_ne12th,3,3,32,bounded_proxy_sample,0.20041075139306486,0.2033625990152359,,,,
new_yolo11x_bytetrack,bellevue_116th_ne12th,5,5,137,bounded_proxy_sample,0.7151771821897396,0.7895189523696899,,,,
new_yolo11x_bytetrack,bellevue_116th_ne12th,7,7,524,bounded_proxy_sample,0.4385637423407485,0.4172181487083435,,,,
new_yolo11x_bytetrack,bellevue_116th_ne12th,9,9,68296,bounded_proxy_sample,0.29006425755706544,0.28315919637680054,,,,
new_yolo11x_bytetrack,bellevue_116th_ne12th,0,0,709,bounded_proxy_sample,0.3023867229018124,0.3015962243080139,,,,
new_yolo11x_bytetrack,bellevue_116th_ne12th,2,2,20630,bounded_proxy_sample,0.5345720169111414,0.5705730020999908,,,,
new_yolo11x_bytetrack,bellevue_116th_ne12th,3,3,1,bounded_proxy_sample,0.12999887764453888,0.12999887764453888,,,,
new_yolo11x_bytetrack,bellevue_116th_ne12th,5,5,81,bounded_proxy_sample,0.5896986502188223,0.618420422077179,,,,
new_yolo11x_bytetrack,bellevue_116th_ne12th,7,7,341,bounded_proxy_sample,0.48231889362121955,0.46488067507743835,,,,
new_yolo11x_bytetrack,bellevue_116th_ne12th,9,9,78238,bounded_proxy_sample,0.3004260531209131,0.2945324182510376,,,,
new_yolo11x_bytetrack,bellevue_116th_ne12th,0,0,563,bounded_proxy_sample,0.3054452946485677,0.3072309195995331,,,,
new_yolo11x_bytetrack,bellevue_116th_ne12th,2,2,19658,bounded_proxy_sample,0.5668902127910775,0.6536270081996918,,,,
new_yolo11x_bytetrack,bellevue_116th_ne12th,3,3,29,bounded_proxy_sample,0.1589839962022058,0.15155214071273804,,,,
new_yolo11x_bytetrack,bellevue_116th_ne12th,5,5,108,bounded_proxy_sample,0.6389883904269448,0.6826930940151215,,,,
new_yolo11x_bytetrack,bellevue_116th_ne12th,6,6,1,bounded_proxy_sample,0.2735448479652405,0.2735448479652405,,,,
new_yolo11x_bytetrack,bellevue_116th_ne12th,7,7,110,bounded_proxy_sample,0.41193766472014515,0.4144314378499985,,,,
new_yolo11x_bytetrack,bellevue_116th_ne12th,9,9,68280,bounded_proxy_sample,0.2830334032726963,0.2735913544893265,,,,
new_yolo11x_bytetrack,bellevue_116th_ne12th,0,0,1253,bounded_proxy_sample,0.32096103249163815,0.31845492124557495,,,,
new_yolo11x_bytetrack,bellevue_116th_ne12th,2,2,12179,bounded_proxy_sample,0.39846247625927594,0.3298150599002838,,,,
new_yolo11x_bytetrack,bellevue_116th_ne12th,3,3,18,bounded_proxy_sample,0.016070543477932613,0.013453612569719553,,,,
new_yolo11x_bytetrack,bellevue_116th_ne12th,4,4,20,bounded_proxy_sample,0.030544917937368153,0.02919804397970438,,,,
new_yolo11x_bytetrack,bellevue_116th_ne12th,5,5,74,bounded_proxy_sample,0.4930087615912025,0.4786435663700104,,,,
new_yolo11x_bytetrack,bellevue_116th_ne12th,7,7,411,bounded_proxy_sample,0.4657190153919106,0.413524329662323,,,,
new_yolo11x_bytetrack,bellevue_116th_ne12th,9,9,86045,bounded_proxy_sample,0.28504420387384866,0.2770724296569824,,,,
new_yolo11x_bytetrack,bellevue_116th_ne12th,0,0,1826,bounded_proxy_sample,0.32457733957294826,0.325466588139534,,,,
new_yolo11x_bytetrack,bellevue_116th_ne12th,2,2,5091,bounded_proxy_sample,0.3940107981000989,0.3227229118347168,,,,
new_yolo11x_bytetrack,bellevue_116th_ne12th,3,3,5,bounded_proxy_sample,0.3465788632631302,0.3938443660736084,,,,
new_yolo11x_bytetrack,bellevue_116th_ne12th,5,5,7,bounded_proxy_sample,0.2843957149556705,0.33074262738227844,,,,
new_yolo11x_bytetrack,bellevue_116th_ne12th,7,7,547,bounded_proxy_sample,0.7013175785541534,0.715817391872406,,,,
new_yolo11x_bytetrack,bellevue_116th_ne12th,9,9,92524,bounded_proxy_sample,0.29221648802841227,0.2863238453865051,,,,
new_yolo11x_bytetrack,bellevue_116th_ne12th,0,0,1907,bounded_proxy_sample,0.32342416276118957,0.3226989507675171,,,,
new_yolo11x_bytetrack,bellevue_116th_ne12th,2,2,7608,bounded_proxy_sample,0.4283587659300784,0.3446424603462219,,,,
new_yolo11x_bytetrack,bellevue_116th_ne12th,3,3,13,bounded_proxy_sample,0.0603943934950691,0.01741093583405018,,,,
new_yolo11x_bytetrack,bellevue_116th_ne12th,4,4,2,bounded_proxy_sample,0.03673140984028578,0.03673140984028578,,,,
new_yolo11x_bytetrack,bellevue_116th_ne12th,7,7,9,bounded_proxy_sample,0.32406240867243874,0.3692413568496704,,,,
new_yolo11x_bytetrack,bellevue_116th_ne12th,9,9,90461,bounded_proxy_sample,0.28624142067986114,0.2809142768383026,,,,
new_yolo11x_bytetrack,bellevue_116th_ne12th,0,0,2327,bounded_proxy_sample,0.3294583931533267,0.330325186252594,,,,
new_yolo11x_bytetrack,bellevue_116th_ne12th,2,2,5989,bounded_proxy_sample,0.39041130313776357,0.31245070695877075,,,,
new_yolo11x_bytetrack,bellevue_116th_ne12th,3,3,6,bounded_proxy_sample,0.1329981212814649,0.12454748898744583,,,,
new_yolo11x_bytetrack,bellevue_116th_ne12th,7,7,9,bounded_proxy_sample,0.37908262345525956,0.3933752775192261,,,,
new_yolo11x_bytetrack,bellevue_116th_ne12th,9,9,91669,bounded_proxy_sample,0.2886071586389211,0.28616127371788025,,,,
new_yolo11x_bytetrack,bellevue_116th_ne12th,0,0,1813,bounded_proxy_sample,0.3272279574563013,0.32866933941841125,,,,
new_yolo11x_bytetrack,bellevue_116th_ne12th,2,2,3705,bounded_proxy_sample,0.3078569939322317,0.27690282464027405,,,,
new_yolo11x_bytetrack,bellevue_116th_ne12th,6,6,4,bounded_proxy_sample,0.1927576493471861,0.14326303452253342,,,,
new_yolo11x_bytetrack,bellevue_116th_ne12th,7,7,292,bounded_proxy_sample,0.6150256834975253,0.6563357412815094,,,,
new_yolo11x_bytetrack,bellevue_116th_ne12th,9,9,94186,bounded_proxy_sample,0.289686324104331,0.28826992213726044,,,,
new_yolo11x_bytetrack,bellevue_116th_ne12th,0,0,1880,bounded_proxy_sample,0.3310149021407074,0.3322445899248123,,,,
new_yolo11x_bytetrack,bellevue_116th_ne12th,2,2,4555,bounded_proxy_sample,0.3827708209859684,0.31074953079223633,,,,
new_yolo11x_bytetrack,bellevue_116th_ne12th,7,7,14,bounded_proxy_sample,0.5105807589633125,0.5008141845464706,,,,
new_yolo11x_bytetrack,bellevue_116th_ne12th,9,9,93551,bounded_proxy_sample,0.29748246342705437,0.29649946093559265,,,,
new_yolo11x_bytetrack,bellevue_116th_ne12th,0,0,969,bounded_proxy_sample,0.32140062708634465,0.32143616676330566,,,,
new_yolo11x_bytetrack,bellevue_116th_ne12th,2,2,10353,bounded_proxy_sample,0.4340415020562089,0.39075347781181335,,,,
new_yolo11x_bytetrack,bellevue_116th_ne12th,5,5,141,bounded_proxy_sample,0.6548191628134843,0.6951517462730408,,,,
new_yolo11x_bytetrack,bellevue_116th_ne12th,6,6,1,bounded_proxy_sample,0.18476973474025726,0.18476973474025726,,,,
new_yolo11x_bytetrack,bellevue_116th_ne12th,7,7,870,bounded_proxy_sample,0.6238097028057465,0.6604015231132507,,,,
new_yolo11x_bytetrack,bellevue_116th_ne12th,9,9,56376,bounded_proxy_sample,0.30362245495302537,0.30299757421016693,,,,
new_yolo11x_bytetrack,bellevue_116th_ne12th,0,0,28,bounded_proxy_sample,0.18079841452916817,0.11798183247447014,,,,
new_yolo11x_bytetrack,bellevue_116th_ne12th,2,2,32742,bounded_proxy_sample,0.5341329535833897,0.5565696358680725,,,,
new_yolo11x_bytetrack,bellevue_116th_ne12th,5,5,560,bounded_proxy_sample,0.5548411922263248,0.522324949502945,,,,
new_yolo11x_bytetrack,bellevue_116th_ne12th,6,6,5,bounded_proxy_sample,0.3391642987728119,0.39378929138183594,,,,
new_yolo11x_bytetrack,bellevue_116th_ne12th,7,7,3486,bounded_proxy_sample,0.48194403851397305,0.44797682762145996,,,,
new_yolo11x_bytetrack,bellevue_116th_ne12th,8,8,1,bounded_proxy_sample,0.2256181687116623,0.2256181687116623,,,,
new_yolo11x_bytetrack,bellevue_116th_ne12th,9,9,63178,bounded_proxy_sample,0.31358609373007484,0.3015850633382797,,,,
new_yolo11x_bytetrack,bellevue_116th_ne12th,0,0,1,bounded_proxy_sample,0.11346697807312012,0.11346697807312012,,,,
new_yolo11x_bytetrack,bellevue_116th_ne12th,2,2,55984,bounded_proxy_sample,0.5609361138000497,0.5450731217861176,,,,
new_yolo11x_bytetrack,bellevue_116th_ne12th,5,5,1436,bounded_proxy_sample,0.7830721091136627,0.8315102756023407,,,,
new_yolo11x_bytetrack,bellevue_116th_ne12th,6,6,120,bounded_proxy_sample,0.2564776680121819,0.2795450985431671,,,,
new_yolo11x_bytetrack,bellevue_116th_ne12th,7,7,2198,bounded_proxy_sample,0.6076258605310492,0.632739245891571,,,,
new_yolo11x_bytetrack,bellevue_116th_ne12th,9,9,40261,bounded_proxy_sample,0.5177717076583548,0.5418970584869385,,,,
new_yolo11x_bytetrack,bellevue_116th_ne12th,0,0,1183,bounded_proxy_sample,0.5027399651725113,0.540170431137085,,,,
new_yolo11x_bytetrack,bellevue_116th_ne12th,1,1,1,bounded_proxy_sample,0.3184971511363983,0.3184971511363983,,,,
new_yolo11x_bytetrack,bellevue_116th_ne12th,2,2,83664,bounded_proxy_sample,0.695951343850915,0.7692913115024567,,,,
new_yolo11x_bytetrack,bellevue_116th_ne12th,3,3,71,bounded_proxy_sample,0.3946234182992452,0.39471349120140076,,,,
new_yolo11x_bytetrack,bellevue_116th_ne12th,5,5,944,bounded_proxy_sample,0.6791375758820923,0.6912886798381805,,,,
new_yolo11x_bytetrack,bellevue_116th_ne12th,7,7,1332,bounded_proxy_sample,0.5429905847207204,0.5312637686729431,,,,
new_yolo11x_bytetrack,bellevue_116th_ne12th,9,9,12805,bounded_proxy_sample,0.43704193109055134,0.4578297734260559,,,,
new_yolo11x_bytetrack,bellevue_116th_ne12th,0,0,199,bounded_proxy_sample,0.4790461910280151,0.49184584617614746,,,,
new_yolo11x_bytetrack,bellevue_116th_ne12th,1,1,13,bounded_proxy_sample,0.3845144384182416,0.3842088282108307,,,,
new_yolo11x_bytetrack,bellevue_116th_ne12th,2,2,86740,bounded_proxy_sample,0.6634638361834678,0.7154133021831512,,,,
new_yolo11x_bytetrack,bellevue_116th_ne12th,3,3,126,bounded_proxy_sample,0.42860938295248957,0.43012119829654694,,,,
new_yolo11x_bytetrack,bellevue_116th_ne12th,5,5,53,bounded_proxy_sample,0.600663792412236,0.6195238828659058,,,,
new_yolo11x_bytetrack,bellevue_116th_ne12th,6,6,47,bounded_proxy_sample,0.2682816650956235,0.29188498854637146,,,,
new_yolo11x_bytetrack,bellevue_116th_ne12th,7,7,1232,bounded_proxy_sample,0.49724608621039945,0.485640287399292,,,,
new_yolo11x_bytetrack,bellevue_116th_ne12th,9,9,11590,bounded_proxy_sample,0.46114496387624865,0.471884623169899,,,,
new_yolo11x_bytetrack,bellevue_116th_ne12th,0,0,379,bounded_proxy_sample,0.4010645603284358,0.4098019301891327,,,,
new_yolo11x_bytetrack,bellevue_116th_ne12th,2,2,83235,bounded_proxy_sample,0.6646975884296955,0.7294862866401672,,,,
new_yolo11x_bytetrack,bellevue_116th_ne12th,5,5,1,bounded_proxy_sample,0.4624202251434326,0.4624202251434326,,,,
new_yolo11x_bytetrack,bellevue_116th_ne12th,6,6,71,bounded_proxy_sample,0.23035554210065115,0.2908378541469574,,,,
new_yolo11x_bytetrack,bellevue_116th_ne12th,7,7,2666,bounded_proxy_sample,0.7058112274656954,0.837947815656662,,,,
new_yolo11x_bytetrack,bellevue_116th_ne12th,9,9,13648,bounded_proxy_sample,0.4631079794066016,0.46099792420864105,,,,
new_yolo11x_bytetrack,bellevue_116th_ne12th,0,0,148,bounded_proxy_sample,0.35245165027476644,0.3532167971134186,,,,
new_yolo11x_bytetrack,bellevue_116th_ne12th,2,2,71854,bounded_proxy_sample,0.6286296824965787,0.6538515686988831,,,,
new_yolo11x_bytetrack,bellevue_116th_ne12th,5,5,271,bounded_proxy_sample,0.7618103469979719,0.8734932541847229,,,,
new_yolo11x_bytetrack,bellevue_116th_ne12th,7,7,5270,bounded_proxy_sample,0.4828902024528333,0.4347629249095917,,,,
new_yolo11x_bytetrack,bellevue_116th_ne12th,9,9,12445,bounded_proxy_sample,0.4897521008259563,0.5103783011436462,,,,
new_yolo11x_bytetrack,bellevue_116th_ne12th,0,0,576,bounded_proxy_sample,0.41813284672227585,0.38943997025489807,,,,
new_yolo11x_bytetrack,bellevue_116th_ne12th,2,2,75803,bounded_proxy_sample,0.6520564872935889,0.6880045533180237,,,,
new_yolo11x_bytetrack,bellevue_116th_ne12th,5,5,32,bounded_proxy_sample,0.5869110003113747,0.604968249797821,,,,
new_yolo11x_bytetrack,bellevue_116th_ne12th,7,7,5836,bounded_proxy_sample,0.5980551150436574,0.5515712201595306,,,,
new_yolo11x_bytetrack,bellevue_116th_ne12th,9,9,17753,bounded_proxy_sample,0.44816391581395293,0.4353038966655731,,,,
new_yolo11x_bytetrack,bellevue_116th_ne12th,0,0,66,bounded_proxy_sample,0.22512912434158902,0.2185371145606041,,,,
new_yolo11x_bytetrack,bellevue_116th_ne12th,2,2,43600,bounded_proxy_sample,0.6079144706964972,0.6262949705123901,,,,
new_yolo11x_bytetrack,bellevue_116th_ne12th,5,5,95,bounded_proxy_sample,0.8019160007175646,0.910889208316803,,,,
new_yolo11x_bytetrack,bellevue_116th_ne12th,7,7,2389,bounded_proxy_sample,0.5688087959583208,0.47310373187065125,,,,
new_yolo11x_bytetrack,bellevue_116th_ne12th,9,9,5588,bounded_proxy_sample,0.46196134452846066,0.5026383399963379,,,,
new_yolo11x_bytetrack,bellevue_116th_ne12th,0,0,25,bounded_proxy_sample,0.22282977342605592,0.17040881514549255,,,,
new_yolo11x_bytetrack,bellevue_116th_ne12th,2,2,35898,bounded_proxy_sample,0.7001213137697786,0.76817986369133,,,,
new_yolo11x_bytetrack,bellevue_116th_ne12th,5,5,35,bounded_proxy_sample,0.6098226121493748,0.6227681040763855,,,,
new_yolo11x_bytetrack,bellevue_116th_ne12th,7,7,658,bounded_proxy_sample,0.503626336703094,0.43497583270072937,,,,
new_yolo11x_bytetrack,bellevue_116th_ne12th,8,8,1,bounded_proxy_sample,0.23087218403816223,0.23087218403816223,,,,
new_yolo11x_bytetrack,bellevue_116th_ne12th,9,9,5001,bounded_proxy_sample,0.3694634010832421,0.37401267886161804,,,,
new_yolo11x_bytetrack,bellevue_116th_ne12th,0,0,863,bounded_proxy_sample,0.4018350749310033,0.3625171482563019,,,,
new_yolo11x_bytetrack,bellevue_116th_ne12th,2,2,82626,bounded_proxy_sample,0.6413446033252058,0.7074911296367645,,,,
new_yolo11x_bytetrack,bellevue_116th_ne12th,3,3,1,bounded_proxy_sample,0.10032197088003159,0.10032197088003159,,,,
new_yolo11x_bytetrack,bellevue_116th_ne12th,4,4,7,bounded_proxy_sample,0.3806102616446359,0.30877697467803955,,,,
new_yolo11x_bytetrack,bellevue_116th_ne12th,5,5,894,bounded_proxy_sample,0.616370835660288,0.5975474119186401,,,,
new_yolo11x_bytetrack,bellevue_116th_ne12th,7,7,2534,bounded_proxy_sample,0.5202868975840079,0.504128485918045,,,,
new_yolo11x_bytetrack,bellevue_116th_ne12th,9,9,13075,bounded_proxy_sample,0.3306630607493521,0.32808926701545715,,,,
new_yolo11x_bytetrack,bellevue_150th_eastgate,0,0,25,bounded_proxy_sample,0.36554357677698135,0.37950918078422546,,,,
new_yolo11x_bytetrack,bellevue_150th_eastgate,2,2,51631,bounded_proxy_sample,0.572674808128293,0.6130906343460083,,,,
new_yolo11x_bytetrack,bellevue_150th_eastgate,4,4,35,bounded_proxy_sample,0.15722343091453825,0.14118969440460205,,,,
new_yolo11x_bytetrack,bellevue_150th_eastgate,5,5,4734,bounded_proxy_sample,0.4229588751497403,0.40349431335926056,,,,
new_yolo11x_bytetrack,bellevue_150th_eastgate,7,7,564,bounded_proxy_sample,0.4647741322108406,0.4696086496114731,,,,
new_yolo11x_bytetrack,bellevue_150th_eastgate,9,9,43005,bounded_proxy_sample,0.49345767160752196,0.5341934561729431,,,,
new_yolo11x_bytetrack,bellevue_150th_eastgate,11,11,6,bounded_proxy_sample,0.2926772137482961,0.28403615951538086,,,,
new_yolo11x_bytetrack,bellevue_150th_eastgate,2,2,62586,bounded_proxy_sample,0.5543682578903145,0.5528161227703094,,,,
new_yolo11x_bytetrack,bellevue_150th_eastgate,3,3,75,bounded_proxy_sample,0.13322810292243958,0.1331431120634079,,,,
new_yolo11x_bytetrack,bellevue_150th_eastgate,4,4,175,bounded_proxy_sample,0.22290413865021297,0.22899174690246582,,,,
new_yolo11x_bytetrack,bellevue_150th_eastgate,5,5,5726,bounded_proxy_sample,0.5966063189068812,0.6004743874073029,,,,
new_yolo11x_bytetrack,bellevue_150th_eastgate,7,7,1128,bounded_proxy_sample,0.5403976109578994,0.5317783355712891,,,,
new_yolo11x_bytetrack,bellevue_150th_eastgate,9,9,30310,bounded_proxy_sample,0.41149450873397475,0.4158191680908203,,,,
new_yolo11x_bytetrack,bellevue_150th_eastgate,0,0,1290,bounded_proxy_sample,0.24060952087589937,0.21847715973854065,,,,
new_yolo11x_bytetrack,bellevue_150th_eastgate,2,2,46719,bounded_proxy_sample,0.4825928440792871,0.4741765558719635,,,,
new_yolo11x_bytetrack,bellevue_150th_eastgate,3,3,7,bounded_proxy_sample,0.14346692923988616,0.13504593074321747,,,,
new_yolo11x_bytetrack,bellevue_150th_eastgate,5,5,103,bounded_proxy_sample,0.287719251027385,0.28197506070137024,,,,
new_yolo11x_bytetrack,bellevue_150th_eastgate,7,7,1850,bounded_proxy_sample,0.42784509189225534,0.4057784527540207,,,,
new_yolo11x_bytetrack,bellevue_150th_eastgate,9,9,50027,bounded_proxy_sample,0.45130006010796475,0.4529191553592682,,,,
new_yolo11x_bytetrack,bellevue_150th_eastgate,10,10,4,bounded_proxy_sample,0.2353455275297165,0.21985001862049103,,,,
new_yolo11x_bytetrack,bellevue_150th_eastgate,0,0,2627,bounded_proxy_sample,0.2473311737395304,0.21646490693092346,,,,
new_yolo11x_bytetrack,bellevue_150th_eastgate,2,2,42115,bounded_proxy_sample,0.4767795962552751,0.4534383714199066,,,,
new_yolo11x_bytetrack,bellevue_150th_eastgate,3,3,1,bounded_proxy_sample,0.3285534083843231,0.3285534083843231,,,,
new_yolo11x_bytetrack,bellevue_150th_eastgate,5,5,13,bounded_proxy_sample,0.3927524256018492,0.38079825043678284,,,,
new_yolo11x_bytetrack,bellevue_150th_eastgate,7,7,2019,bounded_proxy_sample,0.4366683220216813,0.42479971051216125,,,,
new_yolo11x_bytetrack,bellevue_150th_eastgate,8,8,1,bounded_proxy_sample,0.18753644824028015,0.18753644824028015,,,,
new_yolo11x_bytetrack,bellevue_150th_eastgate,9,9,53211,bounded_proxy_sample,0.4613595522130986,0.47190314531326294,,,,
new_yolo11x_bytetrack,bellevue_150th_eastgate,10,10,13,bounded_proxy_sample,0.22044200679430595,0.1465434730052948,,,,
new_yolo11x_bytetrack,bellevue_150th_eastgate,0,0,3853,bounded_proxy_sample,0.23570774681237713,0.21089817583560944,,,,
new_yolo11x_bytetrack,bellevue_150th_eastgate,2,2,31773,bounded_proxy_sample,0.48531303556086497,0.4833250045776367,,,,
new_yolo11x_bytetrack,bellevue_150th_eastgate,5,5,97,bounded_proxy_sample,0.33717216420726676,0.3276281952857971,,,,
new_yolo11x_bytetrack,bellevue_150th_eastgate,7,7,933,bounded_proxy_sample,0.3886423330805948,0.37665849924087524,,,,
new_yolo11x_bytetrack,bellevue_150th_eastgate,9,9,63331,bounded_proxy_sample,0.4557869734599876,0.4679481089115143,,,,
new_yolo11x_bytetrack,bellevue_150th_eastgate,10,10,13,bounded_proxy_sample,0.13888816478160712,0.13369065523147583,,,,
new_yolo11x_bytetrack,bellevue_150th_eastgate,0,0,5435,bounded_proxy_sample,0.2491443793243954,0.23210451006889343,,,,
new_yolo11x_bytetrack,bellevue_150th_eastgate,2,2,16169,bounded_proxy_sample,0.43633063975255043,0.4095855951309204,,,,
new_yolo11x_bytetrack,bellevue_150th_eastgate,5,5,16,bounded_proxy_sample,0.28029749915003777,0.3094623237848282,,,,
new_yolo11x_bytetrack,bellevue_150th_eastgate,7,7,416,bounded_proxy_sample,0.47630244291100937,0.45690859854221344,,,,
new_yolo11x_bytetrack,bellevue_150th_eastgate,9,9,77958,bounded_proxy_sample,0.44486455652536794,0.4545414298772812,,,,
new_yolo11x_bytetrack,bellevue_150th_eastgate,10,10,6,bounded_proxy_sample,0.11008878921469052,0.10449821501970291,,,,
new_yolo11x_bytetrack,bellevue_150th_eastgate,0,0,6630,bounded_proxy_sample,0.23978083646585138,0.2267792969942093,,,,
new_yolo11x_bytetrack,bellevue_150th_eastgate,2,2,16935,bounded_proxy_sample,0.4295695776256763,0.372550904750824,,,,
new_yolo11x_bytetrack,bellevue_150th_eastgate,3,3,1,bounded_proxy_sample,0.1410621851682663,0.1410621851682663,,,,
new_yolo11x_bytetrack,bellevue_150th_eastgate,5,5,20,bounded_proxy_sample,0.4836983047425747,0.46479199826717377,,,,
new_yolo11x_bytetrack,bellevue_150th_eastgate,7,7,1726,bounded_proxy_sample,0.6736164216992476,0.7329983711242676,,,,
new_yolo11x_bytetrack,bellevue_150th_eastgate,9,9,74683,bounded_proxy_sample,0.4224214229450473,0.4233315587043762,,,,
new_yolo11x_bytetrack,bellevue_150th_eastgate,10,10,5,bounded_proxy_sample,0.1315191239118576,0.1320798248052597,,,,
new_yolo11x_bytetrack,bellevue_150th_eastgate,0,0,6616,bounded_proxy_sample,0.24645384386907632,0.2323891967535019,,,,
new_yolo11x_bytetrack,bellevue_150th_eastgate,2,2,18221,bounded_proxy_sample,0.4112495076303624,0.3360041677951813,,,,
new_yolo11x_bytetrack,bellevue_150th_eastgate,5,5,3,bounded_proxy_sample,0.3978929618994395,0.41770610213279724,,,,
new_yolo11x_bytetrack,bellevue_150th_eastgate,7,7,680,bounded_proxy_sample,0.5219936066142776,0.5118603110313416,,,,
new_yolo11x_bytetrack,bellevue_150th_eastgate,9,9,74475,bounded_proxy_sample,0.41368240849669247,0.40649792551994324,,,,
new_yolo11x_bytetrack,bellevue_150th_eastgate,10,10,5,bounded_proxy_sample,0.1227625384926796,0.12343412637710571,,,,
new_yolo11x_bytetrack,bellevue_150th_eastgate,0,0,6100,bounded_proxy_sample,0.2430339221659376,0.22824542224407196,,,,
new_yolo11x_bytetrack,bellevue_150th_eastgate,2,2,12424,bounded_proxy_sample,0.32169875240528206,0.2809846103191376,,,,
new_yolo11x_bytetrack,bellevue_150th_eastgate,5,5,1,bounded_proxy_sample,0.4055701196193695,0.4055701196193695,,,,
new_yolo11x_bytetrack,bellevue_150th_eastgate,7,7,197,bounded_proxy_sample,0.4220622170924535,0.43063783645629883,,,,
new_yolo11x_bytetrack,bellevue_150th_eastgate,9,9,81266,bounded_proxy_sample,0.402798996811066,0.3904440551996231,,,,
new_yolo11x_bytetrack,bellevue_150th_eastgate,10,10,12,bounded_proxy_sample,0.11598136237201591,0.12402603402733803,,,,
new_yolo11x_bytetrack,bellevue_150th_eastgate,0,0,7533,bounded_proxy_sample,0.24937428285084792,0.23836375772953033,,,,
new_yolo11x_bytetrack,bellevue_150th_eastgate,2,2,12742,bounded_proxy_sample,0.29607010257300714,0.259907066822052,,,,
new_yolo11x_bytetrack,bellevue_150th_eastgate,5,5,7,bounded_proxy_sample,0.3694312998226711,0.47868138551712036,,,,
new_yolo11x_bytetrack,bellevue_150th_eastgate,7,7,1025,bounded_proxy_sample,0.647896499168582,0.6812199950218201,,,,
new_yolo11x_bytetrack,bellevue_150th_eastgate,9,9,78681,bounded_proxy_sample,0.3976451655575511,0.38514065742492676,,,,
new_yolo11x_bytetrack,bellevue_150th_eastgate,10,10,12,bounded_proxy_sample,0.19197641623516878,0.14238125830888748,,,,
new_yolo11x_bytetrack,bellevue_150th_eastgate,0,0,20698,bounded_proxy_sample,0.24756040643903873,0.23841919749975204,,,,
new_yolo11x_bytetrack,bellevue_150th_eastgate,2,2,16422,bounded_proxy_sample,0.33298116530068406,0.2810116708278656,,,,
new_yolo11x_bytetrack,bellevue_150th_eastgate,5,5,79,bounded_proxy_sample,0.5022096293447893,0.5516989827156067,,,,
new_yolo11x_bytetrack,bellevue_150th_eastgate,7,7,886,bounded_proxy_sample,0.596853400586892,0.5711438357830048,,,,
new_yolo11x_bytetrack,bellevue_150th_eastgate,9,9,61915,bounded_proxy_sample,0.40569334326947165,0.4041176438331604,,,,
new_yolo11x_bytetrack,bellevue_150th_eastgate,0,0,18494,bounded_proxy_sample,0.264843407591314,0.2577933669090271,,,,
new_yolo11x_bytetrack,bellevue_150th_eastgate,2,2,21395,bounded_proxy_sample,0.41233655400060554,0.35871800780296326,,,,
new_yolo11x_bytetrack,bellevue_150th_eastgate,3,3,2,bounded_proxy_sample,0.2516903802752495,0.2516903802752495,,,,
new_yolo11x_bytetrack,bellevue_150th_eastgate,5,5,684,bounded_proxy_sample,0.6954790882069116,0.7863188683986664,,,,
new_yolo11x_bytetrack,bellevue_150th_eastgate,7,7,2977,bounded_proxy_sample,0.5220930783599265,0.5145477652549744,,,,
new_yolo11x_bytetrack,bellevue_150th_eastgate,9,9,56448,bounded_proxy_sample,0.41022858643416493,0.40884387493133545,,,,
new_yolo11x_bytetrack,bellevue_150th_eastgate,0,0,1270,bounded_proxy_sample,0.2087501903453211,0.19502858817577362,,,,
new_yolo11x_bytetrack,bellevue_150th_eastgate,2,2,31622,bounded_proxy_sample,0.5018248540404026,0.48341360688209534,,,,
new_yolo11x_bytetrack,bellevue_150th_eastgate,3,3,4,bounded_proxy_sample,0.1546069160103798,0.1361141800880432,,,,
new_yolo11x_bytetrack,bellevue_150th_eastgate,5,5,982,bounded_proxy_sample,0.7342091475949146,0.85905322432518,,,,
new_yolo11x_bytetrack,bellevue_150th_eastgate,7,7,2621,bounded_proxy_sample,0.39889215125081556,0.3763265013694763,,,,
new_yolo11x_bytetrack,bellevue_150th_eastgate,9,9,63501,bounded_proxy_sample,0.3718931199080347,0.32915329933166504,,,,
new_yolo11x_bytetrack,bellevue_150th_eastgate,0,0,261,bounded_proxy_sample,0.28906581867700337,0.30262258648872375,,,,
new_yolo11x_bytetrack,bellevue_150th_eastgate,2,2,71169,bounded_proxy_sample,0.6147096886541813,0.6530694365501404,,,,
new_yolo11x_bytetrack,bellevue_150th_eastgate,3,3,8,bounded_proxy_sample,0.31946046464145184,0.3110988140106201,,,,
new_yolo11x_bytetrack,bellevue_150th_eastgate,5,5,3853,bounded_proxy_sample,0.6506001306796829,0.7390944957733154,,,,
new_yolo11x_bytetrack,bellevue_150th_eastgate,7,7,8992,bounded_proxy_sample,0.586578207684588,0.6003588140010834,,,,
new_yolo11x_bytetrack,bellevue_150th_eastgate,9,9,15717,bounded_proxy_sample,0.43640768253749024,0.42591580748558044,,,,
new_yolo11x_bytetrack,bellevue_150th_eastgate,0,0,94,bounded_proxy_sample,0.36441626146118694,0.34319619834423065,,,,
new_yolo11x_bytetrack,bellevue_150th_eastgate,1,1,197,bounded_proxy_sample,0.2566920433023254,0.2704581916332245,,,,
new_yolo11x_bytetrack,bellevue_150th_eastgate,2,2,78587,bounded_proxy_sample,0.5916158002563097,0.6059748530387878,,,,
new_yolo11x_bytetrack,bellevue_150th_eastgate,3,3,8,bounded_proxy_sample,0.15786041878163815,0.16484547406435013,,,,
new_yolo11x_bytetrack,bellevue_150th_eastgate,4,4,7,bounded_proxy_sample,0.23398192439760482,0.24331726133823395,,,,
new_yolo11x_bytetrack,bellevue_150th_eastgate,5,5,2921,bounded_proxy_sample,0.47540551216144833,0.42299801111221313,,,,
new_yolo11x_bytetrack,bellevue_150th_eastgate,7,7,9390,bounded_proxy_sample,0.4858819536118906,0.4552973359823227,,,,
new_yolo11x_bytetrack,bellevue_150th_eastgate,9,9,8796,bounded_proxy_sample,0.3343143821687604,0.33775293827056885,,,,
new_yolo11x_bytetrack,bellevue_150th_eastgate,0,0,484,bounded_proxy_sample,0.22514747418771106,0.20889275521039963,,,,
new_yolo11x_bytetrack,bellevue_150th_eastgate,1,1,456,bounded_proxy_sample,0.3669860255005851,0.3712114095687866,,,,
new_yolo11x_bytetrack,bellevue_150th_eastgate,2,2,74159,bounded_proxy_sample,0.5832756665425523,0.6051443219184875,,,,
new_yolo11x_bytetrack,bellevue_150th_eastgate,5,5,4504,bounded_proxy_sample,0.5765898340906068,0.6852541267871857,,,,
new_yolo11x_bytetrack,bellevue_150th_eastgate,7,7,6290,bounded_proxy_sample,0.44410449919928996,0.4178215265274048,,,,
new_yolo11x_bytetrack,bellevue_150th_eastgate,9,9,14107,bounded_proxy_sample,0.42170206181577713,0.4222068190574646,,,,
new_yolo11x_bytetrack,bellevue_150th_eastgate,0,0,65,bounded_proxy_sample,0.33196534262253685,0.3522627055644989,,,,
new_yolo11x_bytetrack,bellevue_150th_eastgate,1,1,2175,bounded_proxy_sample,0.31149231952839884,0.30259451270103455,,,,
new_yolo11x_bytetrack,bellevue_150th_eastgate,2,2,74884,bounded_proxy_sample,0.5979881533810353,0.6426764726638794,,,,
new_yolo11x_bytetrack,bellevue_150th_eastgate,3,3,36,bounded_proxy_sample,0.4340301963190238,0.4226943999528885,,,,
new_yolo11x_bytetrack,bellevue_150th_eastgate,5,5,799,bounded_proxy_sample,0.28277183941405765,0.27585703134536743,,,,
new_yolo11x_bytetrack,bellevue_150th_eastgate,7,7,4441,bounded_proxy_sample,0.593186127380513,0.657779335975647,,,,
new_yolo11x_bytetrack,bellevue_150th_eastgate,9,9,17600,bounded_proxy_sample,0.47551854618317024,0.4939502030611038,,,,
new_yolo11x_bytetrack,bellevue_150th_eastgate,0,0,1170,bounded_proxy_sample,0.1786548781662415,0.1628454029560089,,,,
new_yolo11x_bytetrack,bellevue_150th_eastgate,1,1,1256,bounded_proxy_sample,0.21889013505190802,0.1998181790113449,,,,
new_yolo11x_bytetrack,bellevue_150th_eastgate,2,2,70837,bounded_proxy_sample,0.6435349838712755,0.691270649433136,,,,
new_yolo11x_bytetrack,bellevue_150th_eastgate,5,5,646,bounded_proxy_sample,0.5517992858570242,0.49979472160339355,,,,
new_yolo11x_bytetrack,bellevue_150th_eastgate,7,7,6246,bounded_proxy_sample,0.5087954276505282,0.4907331317663193,,,,
new_yolo11x_bytetrack,bellevue_150th_eastgate,9,9,19845,bounded_proxy_sample,0.39615923043581663,0.38814929127693176,,,,
new_yolo11x_bytetrack,bellevue_150th_eastgate,0,0,967,bounded_proxy_sample,0.3053207501322185,0.29032424092292786,,,,
new_yolo11x_bytetrack,bellevue_150th_eastgate,1,1,824,bounded_proxy_sample,0.2939947480968769,0.2776013910770416,,,,
new_yolo11x_bytetrack,bellevue_150th_eastgate,2,2,76610,bounded_proxy_sample,0.6449342854364767,0.7017390131950378,,,,
new_yolo11x_bytetrack,bellevue_150th_eastgate,3,3,68,bounded_proxy_sample,0.37300777457216205,0.3764038681983948,,,,
new_yolo11x_bytetrack,bellevue_150th_eastgate,5,5,1070,bounded_proxy_sample,0.4119789255069238,0.30082711577415466,,,,
new_yolo11x_bytetrack,bellevue_150th_eastgate,7,7,7228,bounded_proxy_sample,0.6009891350832461,0.6903839707374573,,,,
new_yolo11x_bytetrack,bellevue_150th_eastgate,9,9,13233,bounded_proxy_sample,0.4883566831062551,0.534885823726654,,,,
new_yolo11x_bytetrack,bellevue_150th_eastgate,0,0,3347,bounded_proxy_sample,0.47020923077374527,0.4443484842777252,,,,
new_yolo11x_bytetrack,bellevue_150th_eastgate,2,2,69352,bounded_proxy_sample,0.6734841786331853,0.7356800138950348,,,,
new_yolo11x_bytetrack,bellevue_150th_eastgate,5,5,441,bounded_proxy_sample,0.7584049295372163,0.8169289827346802,,,,
new_yolo11x_bytetrack,bellevue_150th_eastgate,7,7,9683,bounded_proxy_sample,0.4191836436249975,0.3842298090457916,,,,
new_yolo11x_bytetrack,bellevue_150th_eastgate,9,9,17177,bounded_proxy_sample,0.44124996020575374,0.3475777506828308,,,,
new_yolo11x_bytetrack,bellevue_150th_eastgate,0,0,2209,bounded_proxy_sample,0.46909926886024816,0.49164658784866333,,,,
new_yolo11x_bytetrack,bellevue_150th_eastgate,2,2,66168,bounded_proxy_sample,0.6334855982710836,0.6815837621688843,,,,
new_yolo11x_bytetrack,bellevue_150th_eastgate,5,5,1568,bounded_proxy_sample,0.3626292532034294,0.2779741883277893,,,,
new_yolo11x_bytetrack,bellevue_150th_eastgate,7,7,9709,bounded_proxy_sample,0.5147805801142022,0.4684543311595917,,,,
new_yolo11x_bytetrack,bellevue_150th_eastgate,9,9,20339,bounded_proxy_sample,0.4266958689766124,0.3590478301048279,,,,
new_yolo11x_bytetrack,bellevue_150th_eastgate,13,13,1,bounded_proxy_sample,0.3334375023841858,0.3334375023841858,,,,
new_yolo11x_bytetrack,bellevue_150th_eastgate,26,26,6,bounded_proxy_sample,0.11359650269150734,0.10917164757847786,,,,
new_yolo11x_bytetrack,bellevue_150th_eastgate,0,0,343,bounded_proxy_sample,0.24771946025659322,0.2357524037361145,,,,
new_yolo11x_bytetrack,bellevue_150th_eastgate,1,1,423,bounded_proxy_sample,0.27935866196034365,0.3002845048904419,,,,
new_yolo11x_bytetrack,bellevue_150th_eastgate,2,2,77575,bounded_proxy_sample,0.6342724952068092,0.6779545545578003,,,,
new_yolo11x_bytetrack,bellevue_150th_eastgate,5,5,4601,bounded_proxy_sample,0.43621886520768166,0.3874594271183014,,,,
new_yolo11x_bytetrack,bellevue_150th_eastgate,7,7,5655,bounded_proxy_sample,0.6154277222186564,0.71049964427948,,,,
new_yolo11x_bytetrack,bellevue_150th_eastgate,9,9,11403,bounded_proxy_sample,0.45641970066339793,0.3636733889579773,,,,
new_yolo11x_bytetrack,bellevue_150th_eastgate,0,0,1144,bounded_proxy_sample,0.5984664114804327,0.6796815395355225,,,,
new_yolo11x_bytetrack,bellevue_150th_eastgate,2,2,86507,bounded_proxy_sample,0.632470103964496,0.6975417137145996,,,,
new_yolo11x_bytetrack,bellevue_150th_eastgate,5,5,2082,bounded_proxy_sample,0.3457122762525574,0.28065161406993866,,,,
new_yolo11x_bytetrack,bellevue_150th_eastgate,7,7,1264,bounded_proxy_sample,0.496549311872053,0.5034282803535461,,,,
new_yolo11x_bytetrack,bellevue_150th_eastgate,9,9,9003,bounded_proxy_sample,0.47898371891469993,0.46800553798675537,,,,
new_yolo11x_bytetrack,bellevue_150th_eastgate,0,0,8,bounded_proxy_sample,0.26651189662516117,0.20390083640813828,,,,
new_yolo11x_bytetrack,bellevue_150th_eastgate,2,2,80810,bounded_proxy_sample,0.6199625021340218,0.6748018264770508,,,,
new_yolo11x_bytetrack,bellevue_150th_eastgate,3,3,28,bounded_proxy_sample,0.4911868955407824,0.5185365080833435,,,,
new_yolo11x_bytetrack,bellevue_150th_eastgate,4,4,4,bounded_proxy_sample,0.25027759559452534,0.24428334087133408,,,,
new_yolo11x_bytetrack,bellevue_150th_eastgate,5,5,3119,bounded_proxy_sample,0.3732209038317834,0.303805410861969,,,,
new_yolo11x_bytetrack,bellevue_150th_eastgate,7,7,1785,bounded_proxy_sample,0.4940959053922768,0.4820021986961365,,,,
new_yolo11x_bytetrack,bellevue_150th_eastgate,9,9,14244,bounded_proxy_sample,0.4096371286267002,0.41641393303871155,,,,
new_yolo11x_bytetrack,bellevue_150th_eastgate,24,24,2,bounded_proxy_sample,0.15836133807897568,0.15836133807897568,,,,
new_yolo11x_bytetrack,bellevue_150th_newport,0,0,313,bounded_proxy_sample,0.5936674776311499,0.6711506843566895,,,,
new_yolo11x_bytetrack,bellevue_150th_newport,1,1,4,bounded_proxy_sample,0.5989668667316437,0.6185344159603119,,,,
new_yolo11x_bytetrack,bellevue_150th_newport,2,2,65394,bounded_proxy_sample,0.6097709085681445,0.6774499118328094,,,,
new_yolo11x_bytetrack,bellevue_150th_newport,4,4,10716,bounded_proxy_sample,0.5349855291309163,0.5580025315284729,,,,
new_yolo11x_bytetrack,bellevue_150th_newport,5,5,254,bounded_proxy_sample,0.8094411238617315,0.9100421071052551,,,,
new_yolo11x_bytetrack,bellevue_150th_newport,7,7,3415,bounded_proxy_sample,0.38257912736642413,0.3279988765716553,,,,
new_yolo11x_bytetrack,bellevue_150th_newport,8,8,9,bounded_proxy_sample,0.3715922815932168,0.4041282534599304,,,,
new_yolo11x_bytetrack,bellevue_150th_newport,9,9,19894,bounded_proxy_sample,0.495352100616135,0.47880101203918457,,,,
new_yolo11x_bytetrack,bellevue_150th_newport,56,56,1,bounded_proxy_sample,0.3166911005973816,0.3166911005973816,,,,
new_yolo11x_bytetrack,bellevue_150th_newport,0,0,1,bounded_proxy_sample,0.3761640191078186,0.3761640191078186,,,,
new_yolo11x_bytetrack,bellevue_150th_newport,2,2,44929,bounded_proxy_sample,0.5575639191852336,0.5756807327270508,,,,
new_yolo11x_bytetrack,bellevue_150th_newport,3,3,40,bounded_proxy_sample,0.47017992809414866,0.47545085847377777,,,,
new_yolo11x_bytetrack,bellevue_150th_newport,4,4,2418,bounded_proxy_sample,0.4786098368428925,0.46580567955970764,,,,
new_yolo11x_bytetrack,bellevue_150th_newport,5,5,8,bounded_proxy_sample,0.4237990863621235,0.42290063202381134,,,,
new_yolo11x_bytetrack,bellevue_150th_newport,7,7,2507,bounded_proxy_sample,0.5324627588446225,0.5104088187217712,,,,
new_yolo11x_bytetrack,bellevue_150th_newport,9,9,50097,bounded_proxy_sample,0.44685316352907223,0.4009151756763458,,,,
new_yolo11x_bytetrack,bellevue_150th_newport,0,0,449,bounded_proxy_sample,0.5493471869049731,0.5938211679458618,,,,
new_yolo11x_bytetrack,bellevue_150th_newport,2,2,41475,bounded_proxy_sample,0.6128050135664368,0.6692878007888794,,,,
new_yolo11x_bytetrack,bellevue_150th_newport,3,3,4,bounded_proxy_sample,0.2175556905567646,0.2172512337565422,,,,
new_yolo11x_bytetrack,bellevue_150th_newport,4,4,8495,bounded_proxy_sample,0.37021799298894625,0.3487553894519806,,,,
new_yolo11x_bytetrack,bellevue_150th_newport,5,5,176,bounded_proxy_sample,0.8554185142909939,0.9115468859672546,,,,
new_yolo11x_bytetrack,bellevue_150th_newport,6,6,2,bounded_proxy_sample,0.15611661225557327,0.15611661225557327,,,,
new_yolo11x_bytetrack,bellevue_150th_newport,7,7,1211,bounded_proxy_sample,0.5447551430157647,0.5452833771705627,,,,
new_yolo11x_bytetrack,bellevue_150th_newport,9,9,48185,bounded_proxy_sample,0.38987066962572503,0.327786386013031,,,,
new_yolo11x_bytetrack,bellevue_150th_newport,28,28,2,bounded_proxy_sample,0.29723648726940155,0.29723648726940155,,,,
new_yolo11x_bytetrack,bellevue_150th_newport,56,56,1,bounded_proxy_sample,0.32569876313209534,0.32569876313209534,,,,
new_yolo11x_bytetrack,bellevue_150th_newport,0,0,633,bounded_proxy_sample,0.5489857521431895,0.5993832349777222,,,,
new_yolo11x_bytetrack,bellevue_150th_newport,2,2,30134,bounded_proxy_sample,0.620622912002613,0.6858177781105042,,,,
new_yolo11x_bytetrack,bellevue_150th_newport,3,3,105,bounded_proxy_sample,0.39306202076730273,0.40877822041511536,,,,
new_yolo11x_bytetrack,bellevue_150th_newport,4,4,9597,bounded_proxy_sample,0.36044109480026004,0.34101971983909607,,,,
new_yolo11x_bytetrack,bellevue_150th_newport,5,5,7,bounded_proxy_sample,0.3175261137740953,0.41476503014564514,,,,
new_yolo11x_bytetrack,bellevue_150th_newport,6,6,3,bounded_proxy_sample,0.21594165513912836,0.21314772963523865,,,,
new_yolo11x_bytetrack,bellevue_150th_newport,7,7,1475,bounded_proxy_sample,0.5305787746633513,0.5426526665687561,,,,
new_yolo11x_bytetrack,bellevue_150th_newport,9,9,58046,bounded_proxy_sample,0.4559740640199409,0.41021278500556946,,,,
new_yolo11x_bytetrack,bellevue_150th_newport,0,0,14,bounded_proxy_sample,0.3081358288015638,0.33053505420684814,,,,
new_yolo11x_bytetrack,bellevue_150th_newport,2,2,21334,bounded_proxy_sample,0.5960097385061746,0.6516075432300568,,,,
new_yolo11x_bytetrack,bellevue_150th_newport,3,3,8,bounded_proxy_sample,0.343092231079936,0.35683418810367584,,,,
new_yolo11x_bytetrack,bellevue_150th_newport,4,4,13622,bounded_proxy_sample,0.3732495982046214,0.35474278032779694,,,,
new_yolo11x_bytetrack,bellevue_150th_newport,5,5,209,bounded_proxy_sample,0.8454317007053411,0.9110504388809204,,,,
new_yolo11x_bytetrack,bellevue_150th_newport,6,6,1,bounded_proxy_sample,0.20710693299770355,0.20710693299770355,,,,
new_yolo11x_bytetrack,bellevue_150th_newport,7,7,1162,bounded_proxy_sample,0.5447601473372488,0.5494841933250427,,,,
new_yolo11x_bytetrack,bellevue_150th_newport,9,9,63650,bounded_proxy_sample,0.4682398410091134,0.41169051826000214,,,,
new_yolo11x_bytetrack,bellevue_150th_newport,0,0,5,bounded_proxy_sample,0.3417720705270767,0.3710865378379822,,,,
new_yolo11x_bytetrack,bellevue_150th_newport,2,2,12682,bounded_proxy_sample,0.6123375978507072,0.6759779155254364,,,,
new_yolo11x_bytetrack,bellevue_150th_newport,3,3,2,bounded_proxy_sample,0.28284479677677155,0.28284479677677155,,,,
new_yolo11x_bytetrack,bellevue_150th_newport,4,4,16189,bounded_proxy_sample,0.38249065192766424,0.36357760429382324,,,,
new_yolo11x_bytetrack,bellevue_150th_newport,5,5,176,bounded_proxy_sample,0.8237304662100293,0.8962119221687317,,,,
new_yolo11x_bytetrack,bellevue_150th_newport,7,7,1556,bounded_proxy_sample,0.6144007751933637,0.6295996308326721,,,,
new_yolo11x_bytetrack,bellevue_150th_newport,9,9,69390,bounded_proxy_sample,0.4511008568169284,0.3902854174375534,,,,
new_yolo11x_bytetrack,bellevue_150th_newport,0,0,1048,bounded_proxy_sample,0.4812791460044398,0.49185287952423096,,,,
new_yolo11x_bytetrack,bellevue_150th_newport,2,2,3962,bounded_proxy_sample,0.6026215547078009,0.6552848219871521,,,,
new_yolo11x_bytetrack,bellevue_150th_newport,3,3,1,bounded_proxy_sample,0.3262808620929718,0.3262808620929718,,,,
new_yolo11x_bytetrack,bellevue_150th_newport,4,4,19565,bounded_proxy_sample,0.3921370369228688,0.37838008999824524,,,,
new_yolo11x_bytetrack,bellevue_150th_newport,7,7,334,bounded_proxy_sample,0.5384981357631926,0.5788025259971619,,,,
new_yolo11x_bytetrack,bellevue_150th_newport,9,9,75090,bounded_proxy_sample,0.44600708501100667,0.38633568584918976,,,,
new_yolo11x_bytetrack,bellevue_150th_newport,0,0,56,bounded_proxy_sample,0.2600479855069092,0.2607465982437134,,,,
new_yolo11x_bytetrack,bellevue_150th_newport,2,2,1527,bounded_proxy_sample,0.5386419667085949,0.5728898644447327,,,,
new_yolo11x_bytetrack,bellevue_150th_newport,4,4,18529,bounded_proxy_sample,0.37221819799341344,0.3543154299259186,,,,
new_yolo11x_bytetrack,bellevue_150th_newport,7,7,77,bounded_proxy_sample,0.6000761829993941,0.5856075882911682,,,,
new_yolo11x_bytetrack,bellevue_150th_newport,9,9,79811,bounded_proxy_sample,0.4424728591541794,0.38965150713920593,,,,
new_yolo11x_bytetrack,bellevue_150th_newport,0,0,55,bounded_proxy_sample,0.28114409392530265,0.28714486956596375,,,,
new_yolo11x_bytetrack,bellevue_150th_newport,2,2,1299,bounded_proxy_sample,0.5555867516852233,0.5834142565727234,,,,
new_yolo11x_bytetrack,bellevue_150th_newport,4,4,17391,bounded_proxy_sample,0.36402886186689815,0.34746381640434265,,,,
new_yolo11x_bytetrack,bellevue_150th_newport,7,7,214,bounded_proxy_sample,0.5590766148171692,0.5517341196537018,,,,
new_yolo11x_bytetrack,bellevue_150th_newport,9,9,81041,bounded_proxy_sample,0.4403773912860324,0.3893340528011322,,,,
new_yolo11x_bytetrack,bellevue_150th_newport,0,0,120,bounded_proxy_sample,0.2766966052974264,0.270714208483696,,,,
new_yolo11x_bytetrack,bellevue_150th_newport,2,2,835,bounded_proxy_sample,0.6083408030653428,0.6469764113426208,,,,
new_yolo11x_bytetrack,bellevue_150th_newport,4,4,16810,bounded_proxy_sample,0.355384676215604,0.33757802844047546,,,,
new_yolo11x_bytetrack,bellevue_150th_newport,5,5,6,bounded_proxy_sample,0.4684310605128606,0.45655255019664764,,,,
new_yolo11x_bytetrack,bellevue_150th_newport,6,6,1,bounded_proxy_sample,0.3533626198768616,0.3533626198768616,,,,
new_yolo11x_bytetrack,bellevue_150th_newport,7,7,317,bounded_proxy_sample,0.6996521176505917,0.7770202159881592,,,,
new_yolo11x_bytetrack,bellevue_150th_newport,9,9,81911,bounded_proxy_sample,0.42790084282463786,0.36698442697525024,,,,
new_yolo11x_bytetrack,bellevue_150th_newport,0,0,211,bounded_proxy_sample,0.2684437859256121,0.26382920145988464,,,,
new_yolo11x_bytetrack,bellevue_150th_newport,2,2,3339,bounded_proxy_sample,0.6027771584392844,0.6319124698638916,,,,
new_yolo11x_bytetrack,bellevue_150th_newport,4,4,15855,bounded_proxy_sample,0.3675444528540389,0.3460773229598999,,,,
new_yolo11x_bytetrack,bellevue_150th_newport,7,7,32,bounded_proxy_sample,0.3362828802783042,0.32688650488853455,,,,
new_yolo11x_bytetrack,bellevue_150th_newport,9,9,80563,bounded_proxy_sample,0.420085018020684,0.3525199592113495,,,,
new_yolo11x_bytetrack,bellevue_150th_newport,0,0,111,bounded_proxy_sample,0.3619106706601005,0.3486410081386566,,,,
new_yolo11x_bytetrack,bellevue_150th_newport,1,1,14,bounded_proxy_sample,0.2914044106645243,0.2621452733874321,,,,
new_yolo11x_bytetrack,bellevue_150th_newport,2,2,6701,bounded_proxy_sample,0.6431503297844194,0.7170751094818115,,,,
new_yolo11x_bytetrack,bellevue_150th_newport,3,3,22,bounded_proxy_sample,0.3279710875993425,0.3086955398321152,,,,
new_yolo11x_bytetrack,bellevue_150th_newport,4,4,7246,bounded_proxy_sample,0.3236413087347266,0.30546674132347107,,,,
new_yolo11x_bytetrack,bellevue_150th_newport,5,5,66,bounded_proxy_sample,0.7509737972057227,0.8162892162799835,,,,
new_yolo11x_bytetrack,bellevue_150th_newport,6,6,2,bounded_proxy_sample,0.5097993910312653,0.5097993910312653,,,,
new_yolo11x_bytetrack,bellevue_150th_newport,7,7,706,bounded_proxy_sample,0.35747359470377227,0.3117498755455017,,,,
new_yolo11x_bytetrack,bellevue_150th_newport,9,9,85132,bounded_proxy_sample,0.4085112726507083,0.34119030833244324,,,,
new_yolo11x_bytetrack,bellevue_150th_newport,0,0,36,bounded_proxy_sample,0.28246178809139466,0.29392296075820923,,,,
new_yolo11x_bytetrack,bellevue_150th_newport,2,2,21836,bounded_proxy_sample,0.5133801351565295,0.494244709610939,,,,
new_yolo11x_bytetrack,bellevue_150th_newport,4,4,6113,bounded_proxy_sample,0.30175306447765626,0.2912016808986664,,,,
new_yolo11x_bytetrack,bellevue_150th_newport,5,5,499,bounded_proxy_sample,0.8058039660085896,0.8589730262756348,,,,
new_yolo11x_bytetrack,bellevue_150th_newport,6,6,5,bounded_proxy_sample,0.4863149404525757,0.5152814388275146,,,,
new_yolo11x_bytetrack,bellevue_150th_newport,7,7,768,bounded_proxy_sample,0.5649519854341634,0.5615499913692474,,,,
new_yolo11x_bytetrack,bellevue_150th_newport,9,9,70743,bounded_proxy_sample,0.39797849969888716,0.35835129022598267,,,,
new_yolo11x_bytetrack,bellevue_150th_newport,0,0,260,bounded_proxy_sample,0.43323106224147173,0.43080849945545197,,,,
new_yolo11x_bytetrack,bellevue_150th_newport,2,2,50212,bounded_proxy_sample,0.605162741485495,0.6520477831363678,,,,
new_yolo11x_bytetrack,bellevue_150th_newport,3,3,69,bounded_proxy_sample,0.41422522985848825,0.43039700388908386,,,,
new_yolo11x_bytetrack,bellevue_150th_newport,4,4,3450,bounded_proxy_sample,0.3685553876170214,0.3547980934381485,,,,
new_yolo11x_bytetrack,bellevue_150th_newport,5,5,162,bounded_proxy_sample,0.722329048094926,0.7624877691268921,,,,
new_yolo11x_bytetrack,bellevue_150th_newport,6,6,5,bounded_proxy_sample,0.4110099017620087,0.36053258180618286,,,,
new_yolo11x_bytetrack,bellevue_150th_newport,7,7,941,bounded_proxy_sample,0.5817473686590204,0.5898635983467102,,,,
new_yolo11x_bytetrack,bellevue_150th_newport,9,9,44901,bounded_proxy_sample,0.497141944238157,0.5233270525932312,,,,
new_yolo11x_bytetrack,bellevue_150th_newport,0,0,1693,bounded_proxy_sample,0.4032964152446247,0.3724060356616974,,,,
new_yolo11x_bytetrack,bellevue_150th_newport,1,1,1,bounded_proxy_sample,0.32433465123176575,0.32433465123176575,,,,
new_yolo11x_bytetrack,bellevue_150th_newport,2,2,68825,bounded_proxy_sample,0.5744466760569471,0.6042607426643372,,,,
new_yolo11x_bytetrack,bellevue_150th_newport,3,3,928,bounded_proxy_sample,0.4645377819763561,0.4483030289411545,,,,
new_yolo11x_bytetrack,bellevue_150th_newport,4,4,1335,bounded_proxy_sample,0.34255324404561116,0.31177666783332825,,,,
new_yolo11x_bytetrack,bellevue_150th_newport,5,5,162,bounded_proxy_sample,0.7102376367942786,0.7292526960372925,,,,
new_yolo11x_bytetrack,bellevue_150th_newport,7,7,3735,bounded_proxy_sample,0.39257007981918585,0.36877167224884033,,,,
new_yolo11x_bytetrack,bellevue_150th_newport,9,9,23321,bounded_proxy_sample,0.44489700693820355,0.43661031126976013,,,,
new_yolo11x_bytetrack,bellevue_150th_newport,0,0,3557,bounded_proxy_sample,0.34987891192286413,0.327668696641922,,,,
new_yolo11x_bytetrack,bellevue_150th_newport,2,2,66706,bounded_proxy_sample,0.6063819764698495,0.6534585952758789,,,,
new_yolo11x_bytetrack,bellevue_150th_newport,4,4,1344,bounded_proxy_sample,0.35050402538451764,0.35290728509426117,,,,
new_yolo11x_bytetrack,bellevue_150th_newport,5,5,275,bounded_proxy_sample,0.8108319811929356,0.9061992764472961,,,,
new_yolo11x_bytetrack,bellevue_150th_newport,7,7,2607,bounded_proxy_sample,0.39680303068489325,0.3886018991470337,,,,
new_yolo11x_bytetrack,bellevue_150th_newport,9,9,25511,bounded_proxy_sample,0.40330799069295165,0.3687581717967987,,,,
new_yolo11x_bytetrack,bellevue_150th_newport,0,0,681,bounded_proxy_sample,0.2969798811228615,0.23938216269016266,,,,
new_yolo11x_bytetrack,bellevue_150th_newport,1,1,92,bounded_proxy_sample,0.7811147677509681,0.8071396350860596,,,,
new_yolo11x_bytetrack,bellevue_150th_newport,2,2,52826,bounded_proxy_sample,0.5547921162700746,0.5395758152008057,,,,
new_yolo11x_bytetrack,bellevue_150th_newport,4,4,6557,bounded_proxy_sample,0.5495709310060906,0.5590208768844604,,,,
new_yolo11x_bytetrack,bellevue_150th_newport,5,5,615,bounded_proxy_sample,0.5909753159051988,0.5297495126724243,,,,
new_yolo11x_bytetrack,bellevue_150th_newport,7,7,7377,bounded_proxy_sample,0.4479299621141198,0.40858596563339233,,,,
new_yolo11x_bytetrack,bellevue_150th_newport,8,8,81,bounded_proxy_sample,0.37812412392210076,0.3216603398323059,,,,
new_yolo11x_bytetrack,bellevue_150th_newport,9,9,31771,bounded_proxy_sample,0.4029732682728958,0.3871561586856842,,,,
new_yolo11x_bytetrack,bellevue_150th_newport,0,0,132,bounded_proxy_sample,0.4064403466993209,0.40144361555576324,,,,
new_yolo11x_bytetrack,bellevue_150th_newport,2,2,52506,bounded_proxy_sample,0.6226649173703805,0.6457157135009766,,,,
new_yolo11x_bytetrack,bellevue_150th_newport,3,3,45,bounded_proxy_sample,0.4340992374552621,0.4536556303501129,,,,
new_yolo11x_bytetrack,bellevue_150th_newport,4,4,4060,bounded_proxy_sample,0.33210649362632205,0.32412585616111755,,,,
new_yolo11x_bytetrack,bellevue_150th_newport,5,5,123,bounded_proxy_sample,0.5378953156069042,0.5724186897277832,,,,
new_yolo11x_bytetrack,bellevue_150th_newport,7,7,5699,bounded_proxy_sample,0.4836557261315035,0.44447198510169983,,,,
new_yolo11x_bytetrack,bellevue_150th_newport,8,8,2,bounded_proxy_sample,0.26013297587633133,0.26013297587633133,,,,
new_yolo11x_bytetrack,bellevue_150th_newport,9,9,37433,bounded_proxy_sample,0.3713715094284298,0.3657548427581787,,,,
new_yolo11x_bytetrack,bellevue_150th_newport,2,2,67157,bounded_proxy_sample,0.5775858133507424,0.5949024558067322,,,,
new_yolo11x_bytetrack,bellevue_150th_newport,4,4,3399,bounded_proxy_sample,0.3677181060233864,0.3648427426815033,,,,
new_yolo11x_bytetrack,bellevue_150th_newport,5,5,42,bounded_proxy_sample,0.5407499039456958,0.5156597197055817,,,,
new_yolo11x_bytetrack,bellevue_150th_newport,7,7,8626,bounded_proxy_sample,0.4560540042793408,0.4206790626049042,,,,
new_yolo11x_bytetrack,bellevue_150th_newport,9,9,20776,bounded_proxy_sample,0.3060046799293001,0.28991109132766724,,,,
new_yolo11x_bytetrack,bellevue_150th_newport,0,0,33,bounded_proxy_sample,0.11576479944315823,0.11402332037687302,,,,
new_yolo11x_bytetrack,bellevue_150th_newport,2,2,63465,bounded_proxy_sample,0.5879399585166712,0.6711637377738953,,,,
new_yolo11x_bytetrack,bellevue_150th_newport,4,4,6534,bounded_proxy_sample,0.4215547000110733,0.3963106870651245,,,,
new_yolo11x_bytetrack,bellevue_150th_newport,5,5,289,bounded_proxy_sample,0.609480470831419,0.6456847786903381,,,,
new_yolo11x_bytetrack,bellevue_150th_newport,7,7,4476,bounded_proxy_sample,0.44186211329442887,0.4228809326887131,,,,
new_yolo11x_bytetrack,bellevue_150th_newport,8,8,15,bounded_proxy_sample,0.6143845955530802,0.6117511987686157,,,,
new_yolo11x_bytetrack,bellevue_150th_newport,9,9,22954,bounded_proxy_sample,0.44898610122692056,0.3693072199821472,,,,
new_yolo11x_bytetrack,bellevue_150th_newport,58,58,2234,bounded_proxy_sample,0.1941522803080861,0.18427135050296783,,,,
new_yolo11x_bytetrack,bellevue_150th_newport,2,2,50931,bounded_proxy_sample,0.5675212080056459,0.6124808192253113,,,,
new_yolo11x_bytetrack,bellevue_150th_newport,3,3,198,bounded_proxy_sample,0.1839228105740716,0.165018692612648,,,,
new_yolo11x_bytetrack,bellevue_150th_newport,4,4,1401,bounded_proxy_sample,0.23691047075537594,0.21983057260513306,,,,
new_yolo11x_bytetrack,bellevue_150th_newport,5,5,384,bounded_proxy_sample,0.6205242714107347,0.5995810925960541,,,,
new_yolo11x_bytetrack,bellevue_150th_newport,6,6,10,bounded_proxy_sample,0.3621339097619057,0.34806202352046967,,,,
new_yolo11x_bytetrack,bellevue_150th_newport,7,7,4685,bounded_proxy_sample,0.5035323081826324,0.4564403295516968,,,,
new_yolo11x_bytetrack,bellevue_150th_newport,9,9,42391,bounded_proxy_sample,0.5126196850978888,0.4994948208332062,,,,
new_yolo11x_bytetrack,bellevue_150th_newport,0,0,325,bounded_proxy_sample,0.3666006079316139,0.37169793248176575,,,,
new_yolo11x_bytetrack,bellevue_150th_newport,1,1,1,bounded_proxy_sample,0.17086614668369293,0.17086614668369293,,,,
new_yolo11x_bytetrack,bellevue_150th_newport,2,2,63126,bounded_proxy_sample,0.5553880433625115,0.5602604150772095,,,,
new_yolo11x_bytetrack,bellevue_150th_newport,3,3,150,bounded_proxy_sample,0.47863766784469286,0.5291020572185516,,,,
new_yolo11x_bytetrack,bellevue_150th_newport,4,4,817,bounded_proxy_sample,0.23830488193757385,0.21994049847126007,,,,
new_yolo11x_bytetrack,bellevue_150th_newport,5,5,698,bounded_proxy_sample,0.5820965200534522,0.5831791162490845,,,,
new_yolo11x_bytetrack,bellevue_150th_newport,7,7,5797,bounded_proxy_sample,0.4868449522890838,0.49304553866386414,,,,
new_yolo11x_bytetrack,bellevue_150th_newport,9,9,29086,bounded_proxy_sample,0.5046304100400122,0.5526271462440491,,,,
new_yolo11x_bytetrack,bellevue_150th_newport,0,0,98,bounded_proxy_sample,0.39426824085566464,0.38957490026950836,,,,
new_yolo11x_bytetrack,bellevue_150th_newport,2,2,85704,bounded_proxy_sample,0.5933742248862224,0.6204764544963837,,,,
new_yolo11x_bytetrack,bellevue_150th_newport,3,3,298,bounded_proxy_sample,0.2506915685414468,0.2251388505101204,,,,
new_yolo11x_bytetrack,bellevue_150th_newport,4,4,165,bounded_proxy_sample,0.2735049140724269,0.2723606526851654,,,,
new_yolo11x_bytetrack,bellevue_150th_newport,5,5,90,bounded_proxy_sample,0.5773844309979015,0.5842463076114655,,,,
new_yolo11x_bytetrack,bellevue_150th_newport,7,7,6026,bounded_proxy_sample,0.36579256361351037,0.31519053876399994,,,,
new_yolo11x_bytetrack,bellevue_150th_newport,9,9,7619,bounded_proxy_sample,0.33738735230564526,0.2933756113052368,,,,
new_yolo11x_bytetrack,bellevue_150th_newport,2,2,70291,bounded_proxy_sample,0.6016024988562209,0.6735656261444092,,,,
new_yolo11x_bytetrack,bellevue_150th_newport,5,5,364,bounded_proxy_sample,0.7877204088637462,0.898606538772583,,,,
new_yolo11x_bytetrack,bellevue_150th_newport,7,7,9343,bounded_proxy_sample,0.5285009694390655,0.5324037671089172,,,,
new_yolo11x_bytetrack,bellevue_150th_newport,9,9,20002,bounded_proxy_sample,0.42063261961338877,0.40091849863529205,,,,
new_yolo11x_bytetrack,bellevue_150th_se38th,0,0,572,bounded_proxy_sample,0.28298770666278744,0.2439730390906334,,,,
new_yolo11x_bytetrack,bellevue_150th_se38th,2,2,53800,bounded_proxy_sample,0.6160371154312695,0.6922423541545868,,,,
new_yolo11x_bytetrack,bellevue_150th_se38th,3,3,2,bounded_proxy_sample,0.23109499365091324,0.23109499365091324,,,,
new_yolo11x_bytetrack,bellevue_150th_se38th,4,4,470,bounded_proxy_sample,0.2513612183326102,0.234476737678051,,,,
new_yolo11x_bytetrack,bellevue_150th_se38th,5,5,1246,bounded_proxy_sample,0.2771060574518735,0.24778690189123154,,,,
new_yolo11x_bytetrack,bellevue_150th_se38th,6,6,110,bounded_proxy_sample,0.13601980019699444,0.13620778173208237,,,,
new_yolo11x_bytetrack,bellevue_150th_se38th,7,7,3625,bounded_proxy_sample,0.309050307467066,0.27670636773109436,,,,
new_yolo11x_bytetrack,bellevue_150th_se38th,9,9,39879,bounded_proxy_sample,0.47329666026975564,0.45941996574401855,,,,
new_yolo11x_bytetrack,bellevue_150th_se38th,25,25,295,bounded_proxy_sample,0.2794441531017675,0.28007495403289795,,,,
new_yolo11x_bytetrack,bellevue_150th_se38th,56,56,1,bounded_proxy_sample,0.1597566306591034,0.1597566306591034,,,,
new_yolo11x_bytetrack,bellevue_150th_se38th,0,0,1,bounded_proxy_sample,0.11023984104394913,0.11023984104394913,,,,
new_yolo11x_bytetrack,bellevue_150th_se38th,2,2,39339,bounded_proxy_sample,0.6368098779579096,0.6516331434249878,,,,
new_yolo11x_bytetrack,bellevue_150th_se38th,3,3,20,bounded_proxy_sample,0.1525725282728672,0.13184528797864914,,,,
new_yolo11x_bytetrack,bellevue_150th_se38th,4,4,1,bounded_proxy_sample,0.17607907950878143,0.17607907950878143,,,,
new_yolo11x_bytetrack,bellevue_150th_se38th,5,5,517,bounded_proxy_sample,0.2258380492662784,0.20300550758838654,,,,
new_yolo11x_bytetrack,bellevue_150th_se38th,7,7,7238,bounded_proxy_sample,0.4271520379242086,0.3936779648065567,,,,
new_yolo11x_bytetrack,bellevue_150th_se38th,9,9,52882,bounded_proxy_sample,0.6061412449766227,0.6422683894634247,,,,
new_yolo11x_bytetrack,bellevue_150th_se38th,24,24,2,bounded_proxy_sample,0.10527806729078293,0.10527806729078293,,,,
new_yolo11x_bytetrack,bellevue_150th_se38th,0,0,67,bounded_proxy_sample,0.2340050985786452,0.20928986370563507,,,,
new_yolo11x_bytetrack,bellevue_150th_se38th,2,2,46134,bounded_proxy_sample,0.5228188442870656,0.5397307872772217,,,,
new_yolo11x_bytetrack,bellevue_150th_se38th,5,5,169,bounded_proxy_sample,0.7309921272760312,0.8008332252502441,,,,
new_yolo11x_bytetrack,bellevue_150th_se38th,7,7,3087,bounded_proxy_sample,0.31122863139917367,0.2873539924621582,,,,
new_yolo11x_bytetrack,bellevue_150th_se38th,9,9,50543,bounded_proxy_sample,0.5052341176138522,0.5563346147537231,,,,
new_yolo11x_bytetrack,bellevue_150th_se38th,0,0,3970,bounded_proxy_sample,0.2459474481623479,0.23005501180887222,,,,
new_yolo11x_bytetrack,bellevue_150th_se38th,2,2,33210,bounded_proxy_sample,0.544848673438019,0.5806936621665955,,,,
new_yolo11x_bytetrack,bellevue_150th_se38th,3,3,1,bounded_proxy_sample,0.18354402482509613,0.18354402482509613,,,,
new_yolo11x_bytetrack,bellevue_150th_se38th,5,5,28,bounded_proxy_sample,0.44519120188696043,0.43290290236473083,,,,
new_yolo11x_bytetrack,bellevue_150th_se38th,7,7,2082,bounded_proxy_sample,0.33052959888958794,0.27784624695777893,,,,
new_yolo11x_bytetrack,bellevue_150th_se38th,9,9,60708,bounded_proxy_sample,0.50438641108977,0.5552622377872467,,,,
new_yolo11x_bytetrack,bellevue_150th_se38th,56,56,1,bounded_proxy_sample,0.10399781167507172,0.10399781167507172,,,,
new_yolo11x_bytetrack,bellevue_150th_se38th,0,0,5498,bounded_proxy_sample,0.2549431993080274,0.2420954704284668,,,,
new_yolo11x_bytetrack,bellevue_150th_se38th,2,2,21383,bounded_proxy_sample,0.4882267420000916,0.46959245204925537,,,,
new_yolo11x_bytetrack,bellevue_150th_se38th,5,5,196,bounded_proxy_sample,0.7545219653723191,0.8527186214923859,,,,
new_yolo11x_bytetrack,bellevue_150th_se38th,7,7,2604,bounded_proxy_sample,0.3046959250816323,0.28152404725551605,,,,
new_yolo11x_bytetrack,bellevue_150th_se38th,9,9,70314,bounded_proxy_sample,0.5033236353200095,0.5562227964401245,,,,
new_yolo11x_bytetrack,bellevue_150th_se38th,56,56,5,bounded_proxy_sample,0.1196042314171791,0.1049656867980957,,,,
new_yolo11x_bytetrack,bellevue_150th_se38th,0,0,4579,bounded_proxy_sample,0.23655563449073394,0.22448697686195374,,,,
new_yolo11x_bytetrack,bellevue_150th_se38th,2,2,24006,bounded_proxy_sample,0.4863371409787408,0.4454020857810974,,,,
new_yolo11x_bytetrack,bellevue_150th_se38th,3,3,2,bounded_proxy_sample,0.18780676275491714,0.18780676275491714,,,,
new_yolo11x_bytetrack,bellevue_150th_se38th,4,4,7,bounded_proxy_sample,0.2367464303970337,0.24073763191699982,,,,
new_yolo11x_bytetrack,bellevue_150th_se38th,5,5,67,bounded_proxy_sample,0.5714920198739465,0.587613582611084,,,,
new_yolo11x_bytetrack,bellevue_150th_se38th,7,7,3253,bounded_proxy_sample,0.3489599182762038,0.32850080728530884,,,,
new_yolo11x_bytetrack,bellevue_150th_se38th,9,9,68077,bounded_proxy_sample,0.5048036447996365,0.5746775269508362,,,,
new_yolo11x_bytetrack,bellevue_150th_se38th,56,56,9,bounded_proxy_sample,0.11592613657315572,0.11274317651987076,,,,
new_yolo11x_bytetrack,bellevue_150th_se38th,0,0,7389,bounded_proxy_sample,0.24368894748346362,0.23071202635765076,,,,
new_yolo11x_bytetrack,bellevue_150th_se38th,2,2,9321,bounded_proxy_sample,0.41427221001569403,0.35423168540000916,,,,
new_yolo11x_bytetrack,bellevue_150th_se38th,4,4,3,bounded_proxy_sample,0.22344590226809183,0.18966493010520935,,,,
new_yolo11x_bytetrack,bellevue_150th_se38th,5,5,4,bounded_proxy_sample,0.3906674310564995,0.3788829445838928,,,,
new_yolo11x_bytetrack,bellevue_150th_se38th,7,7,1713,bounded_proxy_sample,0.27019775405273894,0.2529808580875397,,,,
new_yolo11x_bytetrack,bellevue_150th_se38th,9,9,81541,bounded_proxy_sample,0.5077617075850941,0.5843892693519592,,,,
new_yolo11x_bytetrack,bellevue_150th_se38th,56,56,29,bounded_proxy_sample,0.13978023082017899,0.11442654579877853,,,,
new_yolo11x_bytetrack,bellevue_150th_se38th,0,0,7588,bounded_proxy_sample,0.23489259672388002,0.22055211663246155,,,,
new_yolo11x_bytetrack,bellevue_150th_se38th,2,2,6998,bounded_proxy_sample,0.44364704480317535,0.36238692700862885,,,,
new_yolo11x_bytetrack,bellevue_150th_se38th,5,5,1,bounded_proxy_sample,0.30263617634773254,0.30263617634773254,,,,
new_yolo11x_bytetrack,bellevue_150th_se38th,7,7,2261,bounded_proxy_sample,0.23793329004229619,0.21598601341247559,,,,
new_yolo11x_bytetrack,bellevue_150th_se38th,9,9,83099,bounded_proxy_sample,0.5004354835581921,0.5812633633613586,,,,
new_yolo11x_bytetrack,bellevue_150th_se38th,56,56,53,bounded_proxy_sample,0.12456052005290985,0.11697316914796829,,,,
new_yolo11x_bytetrack,bellevue_150th_se38th,0,0,7621,bounded_proxy_sample,0.23317370605881704,0.21989305317401886,,,,
new_yolo11x_bytetrack,bellevue_150th_se38th,2,2,5175,bounded_proxy_sample,0.36969408757732686,0.29518744349479675,,,,
new_yolo11x_bytetrack,bellevue_150th_se38th,3,3,1,bounded_proxy_sample,0.12126785516738892,0.12126785516738892,,,,
new_yolo11x_bytetrack,bellevue_150th_se38th,5,5,15,bounded_proxy_sample,0.565604297320048,0.6026774048805237,,,,
new_yolo11x_bytetrack,bellevue_150th_se38th,7,7,2393,bounded_proxy_sample,0.42999277515761086,0.2944764196872711,,,,
new_yolo11x_bytetrack,bellevue_150th_se38th,9,9,84727,bounded_proxy_sample,0.5006381063031499,0.5807389616966248,,,,
new_yolo11x_bytetrack,bellevue_150th_se38th,56,56,68,bounded_proxy_sample,0.13434957690975247,0.12487618625164032,,,,
new_yolo11x_bytetrack,bellevue_150th_se38th,0,0,7574,bounded_proxy_sample,0.23469728491128136,0.2221282348036766,,,,
new_yolo11x_bytetrack,bellevue_150th_se38th,2,2,4734,bounded_proxy_sample,0.3697526081688277,0.2800840884447098,,,,
new_yolo11x_bytetrack,bellevue_150th_se38th,7,7,1214,bounded_proxy_sample,0.20200924706665255,0.18835072964429855,,,,
new_yolo11x_bytetrack,bellevue_150th_se38th,9,9,86443,bounded_proxy_sample,0.5008414272894376,0.5801472067832947,,,,
new_yolo11x_bytetrack,bellevue_150th_se38th,56,56,35,bounded_proxy_sample,0.12562134861946106,0.11633332073688507,,,,
new_yolo11x_bytetrack,bellevue_150th_se38th,0,0,5310,bounded_proxy_sample,0.23243891886819554,0.21863186359405518,,,,
new_yolo11x_bytetrack,bellevue_150th_se38th,2,2,6715,bounded_proxy_sample,0.4177554131452929,0.3190944492816925,,,,
new_yolo11x_bytetrack,bellevue_150th_se38th,7,7,1107,bounded_proxy_sample,0.25211763038033286,0.18595701456069946,,,,
new_yolo11x_bytetrack,bellevue_150th_se38th,9,9,86851,bounded_proxy_sample,0.49836494904835676,0.5772305130958557,,,,
new_yolo11x_bytetrack,bellevue_150th_se38th,56,56,17,bounded_proxy_sample,0.1220558539909475,0.11618561297655106,,,,
new_yolo11x_bytetrack,bellevue_150th_se38th,0,0,4700,bounded_proxy_sample,0.22953101414790814,0.2139613851904869,,,,
new_yolo11x_bytetrack,bellevue_150th_se38th,2,2,10414,bounded_proxy_sample,0.39668486825155963,0.32168637216091156,,,,
new_yolo11x_bytetrack,bellevue_150th_se38th,5,5,35,bounded_proxy_sample,0.4455088762300355,0.4712184965610504,,,,
new_yolo11x_bytetrack,bellevue_150th_se38th,7,7,1907,bounded_proxy_sample,0.3632785299129679,0.29588577151298523,,,,
new_yolo11x_bytetrack,bellevue_150th_se38th,9,9,82935,bounded_proxy_sample,0.5001230663532963,0.5677414536476135,,,,
new_yolo11x_bytetrack,bellevue_150th_se38th,56,56,9,bounded_proxy_sample,0.12056110302607219,0.11789119988679886,,,,
new_yolo11x_bytetrack,bellevue_150th_se38th,0,0,23,bounded_proxy_sample,0.2582329488966776,0.2384093850851059,,,,
new_yolo11x_bytetrack,bellevue_150th_se38th,2,2,32855,bounded_proxy_sample,0.49491512954797473,0.4932834208011627,,,,
new_yolo11x_bytetrack,bellevue_150th_se38th,5,5,35,bounded_proxy_sample,0.3558147306953158,0.40049105882644653,,,,
new_yolo11x_bytetrack,bellevue_150th_se38th,7,7,5513,bounded_proxy_sample,0.32965030508045273,0.29268157482147217,,,,
new_yolo11x_bytetrack,bellevue_150th_se38th,9,9,61572,bounded_proxy_sample,0.5033552362712147,0.5495024025440216,,,,
new_yolo11x_bytetrack,bellevue_150th_se38th,36,36,2,bounded_proxy_sample,0.2647087201476097,0.2647087201476097,,,,
new_yolo11x_bytetrack,bellevue_150th_se38th,0,0,124,bounded_proxy_sample,0.4258318357169628,0.3937670886516571,,,,
new_yolo11x_bytetrack,bellevue_150th_se38th,2,2,48226,bounded_proxy_sample,0.6369297464762055,0.7126582860946655,,,,
new_yolo11x_bytetrack,bellevue_150th_se38th,3,3,6,bounded_proxy_sample,0.5003790706396103,0.5001706779003143,,,,
new_yolo11x_bytetrack,bellevue_150th_se38th,4,4,40,bounded_proxy_sample,0.21235291473567486,0.16742397844791412,,,,
new_yolo11x_bytetrack,bellevue_150th_se38th,5,5,952,bounded_proxy_sample,0.4210788423289396,0.28015755116939545,,,,
new_yolo11x_bytetrack,bellevue_150th_se38th,7,7,3245,bounded_proxy_sample,0.5503407082246338,0.5727904438972473,,,,
new_yolo11x_bytetrack,bellevue_150th_se38th,9,9,47406,bounded_proxy_sample,0.5792094099843449,0.6134733557701111,,,,
new_yolo11x_bytetrack,bellevue_150th_se38th,10,10,1,bounded_proxy_sample,0.1112285703420639,0.1112285703420639,,,,
new_yolo11x_bytetrack,bellevue_150th_se38th,0,0,12,bounded_proxy_sample,0.27777225089569885,0.28531962633132935,,,,
new_yolo11x_bytetrack,bellevue_150th_se38th,2,2,72192,bounded_proxy_sample,0.656141088786184,0.739391565322876,,,,
new_yolo11x_bytetrack,bellevue_150th_se38th,3,3,72,bounded_proxy_sample,0.3233850213388602,0.32006843388080597,,,,
new_yolo11x_bytetrack,bellevue_150th_se38th,4,4,1,bounded_proxy_sample,0.18904560804367065,0.18904560804367065,,,,
new_yolo11x_bytetrack,bellevue_150th_se38th,5,5,1883,bounded_proxy_sample,0.3659884161333169,0.3100024163722992,,,,
new_yolo11x_bytetrack,bellevue_150th_se38th,7,7,3961,bounded_proxy_sample,0.45040682575725843,0.3824130594730377,,,,
new_yolo11x_bytetrack,bellevue_150th_se38th,9,9,21879,bounded_proxy_sample,0.4922076505231075,0.4344556927680969,,,,
new_yolo11x_bytetrack,bellevue_150th_se38th,0,0,783,bounded_proxy_sample,0.37336711076446266,0.3780236542224884,,,,
new_yolo11x_bytetrack,bellevue_150th_se38th,2,2,76140,bounded_proxy_sample,0.6207198253731724,0.6922851204872131,,,,
new_yolo11x_bytetrack,bellevue_150th_se38th,3,3,12,bounded_proxy_sample,0.22470180441935858,0.19758406281471252,,,,
new_yolo11x_bytetrack,bellevue_150th_se38th,4,4,1,bounded_proxy_sample,0.2685259282588959,0.2685259282588959,,,,
new_yolo11x_bytetrack,bellevue_150th_se38th,5,5,3506,bounded_proxy_sample,0.33137398322377964,0.3129255175590515,,,,
new_yolo11x_bytetrack,bellevue_150th_se38th,7,7,4961,bounded_proxy_sample,0.4515760067600297,0.4316173791885376,,,,
new_yolo11x_bytetrack,bellevue_150th_se38th,9,9,14597,bounded_proxy_sample,0.4717009471684864,0.47222426533699036,,,,
new_yolo11x_bytetrack,bellevue_150th_se38th,0,0,62,bounded_proxy_sample,0.3044164493199318,0.30292341113090515,,,,
new_yolo11x_bytetrack,bellevue_150th_se38th,2,2,73694,bounded_proxy_sample,0.6354260441789037,0.6999184489250183,,,,
new_yolo11x_bytetrack,bellevue_150th_se38th,3,3,11,bounded_proxy_sample,0.19683901152827524,0.18206679821014404,,,,
new_yolo11x_bytetrack,bellevue_150th_se38th,4,4,18,bounded_proxy_sample,0.27672335753838223,0.255330890417099,,,,
new_yolo11x_bytetrack,bellevue_150th_se38th,5,5,643,bounded_proxy_sample,0.6646730821944692,0.6514254808425903,,,,
new_yolo11x_bytetrack,bellevue_150th_se38th,7,7,4414,bounded_proxy_sample,0.5059923448856865,0.48739370703697205,,,,
new_yolo11x_bytetrack,bellevue_150th_se38th,9,9,21157,bounded_proxy_sample,0.4707905871163003,0.4653020203113556,,,,
new_yolo11x_bytetrack,bellevue_150th_se38th,61,61,1,bounded_proxy_sample,0.1186114251613617,0.1186114251613617,,,,
new_yolo11x_bytetrack,bellevue_150th_se38th,0,0,4,bounded_proxy_sample,0.15304449945688248,0.14911707118153572,,,,
new_yolo11x_bytetrack,bellevue_150th_se38th,2,2,68146,bounded_proxy_sample,0.5840030353973023,0.6209602653980255,,,,
new_yolo11x_bytetrack,bellevue_150th_se38th,4,4,92,bounded_proxy_sample,0.28755341243484744,0.2685229480266571,,,,
new_yolo11x_bytetrack,bellevue_150th_se38th,5,5,7,bounded_proxy_sample,0.2734064364007541,0.24712178111076355,,,,
new_yolo11x_bytetrack,bellevue_150th_se38th,7,7,1886,bounded_proxy_sample,0.5460832493847843,0.4945407509803772,,,,
new_yolo11x_bytetrack,bellevue_150th_se38th,8,8,31,bounded_proxy_sample,0.29895190317784587,0.2970292866230011,,,,
new_yolo11x_bytetrack,bellevue_150th_se38th,9,9,29834,bounded_proxy_sample,0.592819599265788,0.6292212307453156,,,,
new_yolo11x_bytetrack,bellevue_150th_se38th,0,0,42,bounded_proxy_sample,0.29000544281942503,0.3009684234857559,,,,
new_yolo11x_bytetrack,bellevue_150th_se38th,1,1,33,bounded_proxy_sample,0.36259078166701575,0.3793298900127411,,,,
new_yolo11x_bytetrack,bellevue_150th_se38th,2,2,71211,bounded_proxy_sample,0.6347460997566091,0.7247865796089172,,,,
new_yolo11x_bytetrack,bellevue_150th_se38th,3,3,9,bounded_proxy_sample,0.27783160987827515,0.24040207266807556,,,,
new_yolo11x_bytetrack,bellevue_150th_se38th,4,4,39,bounded_proxy_sample,0.24881827888580468,0.18238626420497894,,,,
new_yolo11x_bytetrack,bellevue_150th_se38th,5,5,578,bounded_proxy_sample,0.2843682212709968,0.2684132754802704,,,,
new_yolo11x_bytetrack,bellevue_150th_se38th,7,7,5705,bounded_proxy_sample,0.45955765777700935,0.4173431396484375,,,,
new_yolo11x_bytetrack,bellevue_150th_se38th,9,9,22383,bounded_proxy_sample,0.607428925980758,0.6702424883842468,,,,
new_yolo11x_bytetrack,bellevue_150th_se38th,0,0,1,bounded_proxy_sample,0.10025821626186371,0.10025821626186371,,,,
new_yolo11x_bytetrack,bellevue_150th_se38th,2,2,64282,bounded_proxy_sample,0.6609106851455213,0.7384447157382965,,,,
new_yolo11x_bytetrack,bellevue_150th_se38th,5,5,290,bounded_proxy_sample,0.2452743359423917,0.23881026357412338,,,,
new_yolo11x_bytetrack,bellevue_150th_se38th,7,7,1262,bounded_proxy_sample,0.5703588554107255,0.5594020187854767,,,,
new_yolo11x_bytetrack,bellevue_150th_se38th,9,9,34165,bounded_proxy_sample,0.6265511744610827,0.6850727796554565,,,,
new_yolo11x_bytetrack,bellevue_150th_se38th,0,0,1000,bounded_proxy_sample,0.3990493342652917,0.3575160950422287,,,,
new_yolo11x_bytetrack,bellevue_150th_se38th,2,2,58230,bounded_proxy_sample,0.6416286696330105,0.7493696212768555,,,,
new_yolo11x_bytetrack,bellevue_150th_se38th,3,3,1,bounded_proxy_sample,0.2228163778781891,0.2228163778781891,,,,
new_yolo11x_bytetrack,bellevue_150th_se38th,5,5,1181,bounded_proxy_sample,0.8131322316024184,0.8801000118255615,,,,
new_yolo11x_bytetrack,bellevue_150th_se38th,7,7,5755,bounded_proxy_sample,0.5230372947508827,0.4978959560394287,,,,
new_yolo11x_bytetrack,bellevue_150th_se38th,9,9,33833,bounded_proxy_sample,0.6217617716826207,0.7171906232833862,,,,
new_yolo11x_bytetrack,bellevue_150th_se38th,0,0,195,bounded_proxy_sample,0.20946098329165044,0.17334683239459991,,,,
new_yolo11x_bytetrack,bellevue_150th_se38th,2,2,75730,bounded_proxy_sample,0.6153652095374974,0.6554462015628815,,,,
new_yolo11x_bytetrack,bellevue_150th_se38th,4,4,2377,bounded_proxy_sample,0.3268021943598522,0.3148455321788788,,,,
new_yolo11x_bytetrack,bellevue_150th_se38th,5,5,133,bounded_proxy_sample,0.2731685833375257,0.2592281699180603,,,,
new_yolo11x_bytetrack,bellevue_150th_se38th,7,7,5591,bounded_proxy_sample,0.5930984086063718,0.6319639086723328,,,,
new_yolo11x_bytetrack,bellevue_150th_se38th,8,8,14,bounded_proxy_sample,0.7088460049458912,0.8218281865119934,,,,
new_yolo11x_bytetrack,bellevue_150th_se38th,9,9,15960,bounded_proxy_sample,0.632238006904105,0.7178812623023987,,,,
new_yolo11x_bytetrack,bellevue_150th_se38th,0,0,20,bounded_proxy_sample,0.1783024612814188,0.18559503555297852,,,,
new_yolo11x_bytetrack,bellevue_150th_se38th,2,2,81762,bounded_proxy_sample,0.6171820128068595,0.6468396186828613,,,,
new_yolo11x_bytetrack,bellevue_150th_se38th,3,3,1,bounded_proxy_sample,0.11028143018484116,0.11028143018484116,,,,
new_yolo11x_bytetrack,bellevue_150th_se38th,4,4,886,bounded_proxy_sample,0.27910818865955817,0.25085605680942535,,,,
new_yolo11x_bytetrack,bellevue_150th_se38th,5,5,398,bounded_proxy_sample,0.45757162074872,0.33634713292121887,,,,
new_yolo11x_bytetrack,bellevue_150th_se38th,7,7,2647,bounded_proxy_sample,0.5420601268759484,0.5630410313606262,,,,
new_yolo11x_bytetrack,bellevue_150th_se38th,9,9,14286,bounded_proxy_sample,0.5064907022515224,0.5125596225261688,,,,
new_yolo11x_bytetrack,bellevue_ne8th,0,0,4368,bounded_proxy_sample,0.31607660650865826,0.2799627482891083,,,,
new_yolo11x_bytetrack,bellevue_ne8th,1,1,9,bounded_proxy_sample,0.3528450065188938,0.3270440101623535,,,,
new_yolo11x_bytetrack,bellevue_ne8th,2,2,86244,bounded_proxy_sample,0.6471618681167797,0.707101970911026,,,,
new_yolo11x_bytetrack,bellevue_ne8th,3,3,88,bounded_proxy_sample,0.2343534972857345,0.18696000427007675,,,,
new_yolo11x_bytetrack,bellevue_ne8th,5,5,677,bounded_proxy_sample,0.40728148382206614,0.3911905884742737,,,,
new_yolo11x_bytetrack,bellevue_ne8th,7,7,1663,bounded_proxy_sample,0.35717053223520034,0.3424718976020813,,,,
new_yolo11x_bytetrack,bellevue_ne8th,9,9,6951,bounded_proxy_sample,0.5664811122397727,0.6959142684936523,,,,
new_yolo11x_bytetrack,bellevue_ne8th,0,0,15739,bounded_proxy_sample,0.38313838151089535,0.34216880798339844,,,,
new_yolo11x_bytetrack,bellevue_ne8th,1,1,7,bounded_proxy_sample,0.2578373508793967,0.21100278198719025,,,,
new_yolo11x_bytetrack,bellevue_ne8th,2,2,72563,bounded_proxy_sample,0.7299532695801586,0.796837329864502,,,,
new_yolo11x_bytetrack,bellevue_ne8th,3,3,440,bounded_proxy_sample,0.2909641884097999,0.26845937967300415,,,,
new_yolo11x_bytetrack,bellevue_ne8th,5,5,2,bounded_proxy_sample,0.20735174417495728,0.20735174417495728,,,,
new_yolo11x_bytetrack,bellevue_ne8th,7,7,845,bounded_proxy_sample,0.44123883945702097,0.4239179491996765,,,,
new_yolo11x_bytetrack,bellevue_ne8th,9,9,10404,bounded_proxy_sample,0.4961596610828782,0.46800661087036133,,,,
new_yolo11x_bytetrack,bellevue_ne8th,0,0,14885,bounded_proxy_sample,0.3803801172695426,0.3728080689907074,,,,
new_yolo11x_bytetrack,bellevue_ne8th,2,2,69295,bounded_proxy_sample,0.6093311202409756,0.6393405199050903,,,,
new_yolo11x_bytetrack,bellevue_ne8th,3,3,1203,bounded_proxy_sample,0.28668702957363595,0.2567538917064667,,,,
new_yolo11x_bytetrack,bellevue_ne8th,4,4,2,bounded_proxy_sample,0.2598590552806854,0.2598590552806854,,,,
new_yolo11x_bytetrack,bellevue_ne8th,7,7,35,bounded_proxy_sample,0.46763749207769123,0.4594029486179352,,,,
new_yolo11x_bytetrack,bellevue_ne8th,9,9,14580,bounded_proxy_sample,0.4310624316702654,0.437269851565361,,,,
new_yolo11x_bytetrack,bellevue_ne8th,0,0,13405,bounded_proxy_sample,0.3885643838969063,0.37058258056640625,,,,
new_yolo11x_bytetrack,bellevue_ne8th,2,2,52305,bounded_proxy_sample,0.7007263819623057,0.7843490242958069,,,,
new_yolo11x_bytetrack,bellevue_ne8th,3,3,159,bounded_proxy_sample,0.2491854248369265,0.2002488374710083,,,,
new_yolo11x_bytetrack,bellevue_ne8th,7,7,84,bounded_proxy_sample,0.3601929462026982,0.34720979630947113,,,,
new_yolo11x_bytetrack,bellevue_ne8th,9,9,34047,bounded_proxy_sample,0.38963548664945574,0.3863188624382019,,,,
new_yolo11x_bytetrack,bellevue_ne8th,0,0,10139,bounded_proxy_sample,0.33434013512662697,0.3170412480831146,,,,
new_yolo11x_bytetrack,bellevue_ne8th,2,2,26852,bounded_proxy_sample,0.6362873084435835,0.691222608089447,,,,
new_yolo11x_bytetrack,bellevue_ne8th,3,3,62,bounded_proxy_sample,0.22818304141682963,0.19675448536872864,,,,
new_yolo11x_bytetrack,bellevue_ne8th,5,5,46,bounded_proxy_sample,0.4982853496204252,0.46400095522403717,,,,
new_yolo11x_bytetrack,bellevue_ne8th,7,7,133,bounded_proxy_sample,0.4720042465548766,0.43784183263778687,,,,
new_yolo11x_bytetrack,bellevue_ne8th,9,9,62768,bounded_proxy_sample,0.39649545549543963,0.39099450409412384,,,,
new_yolo11x_bytetrack,bellevue_ne8th,0,0,5947,bounded_proxy_sample,0.32623378511775697,0.3113301396369934,,,,
new_yolo11x_bytetrack,bellevue_ne8th,2,2,23040,bounded_proxy_sample,0.6565897565755424,0.7608629167079926,,,,
new_yolo11x_bytetrack,bellevue_ne8th,3,3,102,bounded_proxy_sample,0.21927430977423987,0.21226951479911804,,,,
new_yolo11x_bytetrack,bellevue_ne8th,4,4,10,bounded_proxy_sample,0.16765558570623398,0.11796528473496437,,,,
new_yolo11x_bytetrack,bellevue_ne8th,5,5,416,bounded_proxy_sample,0.7749346863979903,0.8355335891246796,,,,
new_yolo11x_bytetrack,bellevue_ne8th,7,7,402,bounded_proxy_sample,0.3753747214836564,0.37656642496585846,,,,
new_yolo11x_bytetrack,bellevue_ne8th,9,9,70083,bounded_proxy_sample,0.3826540016213973,0.3756614923477173,,,,
new_yolo11x_bytetrack,bellevue_ne8th,0,0,2118,bounded_proxy_sample,0.25061006300904143,0.23042897880077362,,,,
new_yolo11x_bytetrack,bellevue_ne8th,2,2,16491,bounded_proxy_sample,0.5194398606416636,0.47353455424308777,,,,
new_yolo11x_bytetrack,bellevue_ne8th,3,3,2,bounded_proxy_sample,0.3746940642595291,0.3746940642595291,,,,
new_yolo11x_bytetrack,bellevue_ne8th,4,4,29,bounded_proxy_sample,0.2836110291296038,0.2980665862560272,,,,
new_yolo11x_bytetrack,bellevue_ne8th,5,5,2,bounded_proxy_sample,0.49843354523181915,0.49843354523181915,,,,
new_yolo11x_bytetrack,bellevue_ne8th,7,7,62,bounded_proxy_sample,0.46651327405725757,0.4626457840204239,,,,
new_yolo11x_bytetrack,bellevue_ne8th,9,9,81296,bounded_proxy_sample,0.3691246742882125,0.3519503027200699,,,,
new_yolo11x_bytetrack,bellevue_ne8th,0,0,2845,bounded_proxy_sample,0.22240849625980497,0.20838461816310883,,,,
new_yolo11x_bytetrack,bellevue_ne8th,2,2,10879,bounded_proxy_sample,0.5153118716892715,0.47812214493751526,,,,
new_yolo11x_bytetrack,bellevue_ne8th,3,3,59,bounded_proxy_sample,0.30587743841490506,0.3076445758342743,,,,
new_yolo11x_bytetrack,bellevue_ne8th,4,4,24,bounded_proxy_sample,0.360479819898804,0.3672349750995636,,,,
new_yolo11x_bytetrack,bellevue_ne8th,5,5,23,bounded_proxy_sample,0.37363023991170136,0.3719209134578705,,,,
new_yolo11x_bytetrack,bellevue_ne8th,7,7,936,bounded_proxy_sample,0.4619529475338566,0.4778929799795151,,,,
new_yolo11x_bytetrack,bellevue_ne8th,9,9,85233,bounded_proxy_sample,0.37130042325372287,0.35285088419914246,,,,
new_yolo11x_bytetrack,bellevue_ne8th,13,13,1,bounded_proxy_sample,0.10152383148670197,0.10152383148670197,,,,
new_yolo11x_bytetrack,bellevue_ne8th,0,0,1651,bounded_proxy_sample,0.33852688861229,0.3041801452636719,,,,
new_yolo11x_bytetrack,bellevue_ne8th,2,2,8080,bounded_proxy_sample,0.2882734597992558,0.2613307535648346,,,,
new_yolo11x_bytetrack,bellevue_ne8th,3,3,4,bounded_proxy_sample,0.3109992817044258,0.32909606397151947,,,,
new_yolo11x_bytetrack,bellevue_ne8th,4,4,3,bounded_proxy_sample,0.17319012433290482,0.1109815165400505,,,,
new_yolo11x_bytetrack,bellevue_ne8th,7,7,170,bounded_proxy_sample,0.32561735905268613,0.22294040769338608,,,,
new_yolo11x_bytetrack,bellevue_ne8th,9,9,90092,bounded_proxy_sample,0.3819765033052268,0.3631875365972519,,,,
new_yolo11x_bytetrack,bellevue_ne8th,0,0,2301,bounded_proxy_sample,0.20461566613801715,0.18416909873485565,,,,
new_yolo11x_bytetrack,bellevue_ne8th,1,1,2,bounded_proxy_sample,0.4526664465665817,0.4526664465665817,,,,
new_yolo11x_bytetrack,bellevue_ne8th,2,2,7376,bounded_proxy_sample,0.4007292350525857,0.29656969010829926,,,,
new_yolo11x_bytetrack,bellevue_ne8th,3,3,1,bounded_proxy_sample,0.31618982553482056,0.31618982553482056,,,,
new_yolo11x_bytetrack,bellevue_ne8th,4,4,15,bounded_proxy_sample,0.3800068775812785,0.38200679421424866,,,,
new_yolo11x_bytetrack,bellevue_ne8th,5,5,54,bounded_proxy_sample,0.6412705127839688,0.6682332158088684,,,,
new_yolo11x_bytetrack,bellevue_ne8th,7,7,201,bounded_proxy_sample,0.4084958620925448,0.32303211092948914,,,,
new_yolo11x_bytetrack,bellevue_ne8th,9,9,90047,bounded_proxy_sample,0.39784064275901126,0.3839927017688751,,,,
new_yolo11x_bytetrack,bellevue_ne8th,67,67,3,bounded_proxy_sample,0.4018302361170451,0.3956598937511444,,,,
new_yolo11x_bytetrack,bellevue_ne8th,0,0,1322,bounded_proxy_sample,0.2139885212701947,0.20058712363243103,,,,
new_yolo11x_bytetrack,bellevue_ne8th,2,2,16820,bounded_proxy_sample,0.3543068926613091,0.28066055476665497,,,,
new_yolo11x_bytetrack,bellevue_ne8th,3,3,3,bounded_proxy_sample,0.28032319247722626,0.22077494859695435,,,,
new_yolo11x_bytetrack,bellevue_ne8th,5,5,38,bounded_proxy_sample,0.614066490217259,0.6339976191520691,,,,
new_yolo11x_bytetrack,bellevue_ne8th,7,7,127,bounded_proxy_sample,0.45838295310501037,0.42438381910324097,,,,
new_yolo11x_bytetrack,bellevue_ne8th,9,9,81690,bounded_proxy_sample,0.3941430310548731,0.3721012622117996,,,,
new_yolo11x_bytetrack,bellevue_ne8th,0,0,2708,bounded_proxy_sample,0.34080687933154347,0.2975931912660599,,,,
new_yolo11x_bytetrack,bellevue_ne8th,2,2,16479,bounded_proxy_sample,0.4503141127717105,0.39278438687324524,,,,
new_yolo11x_bytetrack,bellevue_ne8th,4,4,10,bounded_proxy_sample,0.12771252617239953,0.13034220039844513,,,,
new_yolo11x_bytetrack,bellevue_ne8th,5,5,57,bounded_proxy_sample,0.5299291783257535,0.5548561215400696,,,,
new_yolo11x_bytetrack,bellevue_ne8th,7,7,608,bounded_proxy_sample,0.4642168525851479,0.46132881939411163,,,,
new_yolo11x_bytetrack,bellevue_ne8th,9,9,80138,bounded_proxy_sample,0.39027209621093967,0.36121807992458344,,,,
new_yolo11x_bytetrack,bellevue_ne8th,0,0,1705,bounded_proxy_sample,0.28092254691284774,0.26996302604675293,,,,
new_yolo11x_bytetrack,bellevue_ne8th,2,2,29663,bounded_proxy_sample,0.5655467193703696,0.6085134148597717,,,,
new_yolo11x_bytetrack,bellevue_ne8th,3,3,13,bounded_proxy_sample,0.2615774359840613,0.23716506361961365,,,,
new_yolo11x_bytetrack,bellevue_ne8th,5,5,207,bounded_proxy_sample,0.5034104386245571,0.49010810256004333,,,,
new_yolo11x_bytetrack,bellevue_ne8th,7,7,3505,bounded_proxy_sample,0.656825426539749,0.6744599938392639,,,,
new_yolo11x_bytetrack,bellevue_ne8th,9,9,64907,bounded_proxy_sample,0.4187520584477664,0.4074876606464386,,,,
new_yolo11x_bytetrack,bellevue_ne8th,0,0,12210,bounded_proxy_sample,0.4926427749363152,0.517267256975174,,,,
new_yolo11x_bytetrack,bellevue_ne8th,1,1,39,bounded_proxy_sample,0.3714201706342208,0.42019733786582947,,,,
new_yolo11x_bytetrack,bellevue_ne8th,2,2,62977,bounded_proxy_sample,0.6402964119814505,0.6905601024627686,,,,
new_yolo11x_bytetrack,bellevue_ne8th,3,3,194,bounded_proxy_sample,0.2649045395328827,0.2579316198825836,,,,
new_yolo11x_bytetrack,bellevue_ne8th,5,5,102,bounded_proxy_sample,0.44488561993428305,0.45156368613243103,,,,
new_yolo11x_bytetrack,bellevue_ne8th,7,7,5785,bounded_proxy_sample,0.5187070233549347,0.4770321249961853,,,,
new_yolo11x_bytetrack,bellevue_ne8th,9,9,18681,bounded_proxy_sample,0.5576689067108684,0.5668527483940125,,,,
new_yolo11x_bytetrack,bellevue_ne8th,58,58,12,bounded_proxy_sample,0.12946327403187752,0.12324202805757523,,,,
new_yolo11x_bytetrack,bellevue_ne8th,0,0,699,bounded_proxy_sample,0.36351101964882687,0.361435204744339,,,,
new_yolo11x_bytetrack,bellevue_ne8th,2,2,86851,bounded_proxy_sample,0.6728292894555941,0.7541961073875427,,,,
new_yolo11x_bytetrack,bellevue_ne8th,3,3,13,bounded_proxy_sample,0.23031069281009528,0.18626976013183594,,,,
new_yolo11x_bytetrack,bellevue_ne8th,5,5,375,bounded_proxy_sample,0.6551427700519562,0.6648204326629639,,,,
new_yolo11x_bytetrack,bellevue_ne8th,6,6,1,bounded_proxy_sample,0.11150557547807693,0.11150557547807693,,,,
new_yolo11x_bytetrack,bellevue_ne8th,7,7,2988,bounded_proxy_sample,0.3883285319839057,0.3039669096469879,,,,
new_yolo11x_bytetrack,bellevue_ne8th,8,8,31,bounded_proxy_sample,0.624119998466584,0.6078134179115295,,,,
new_yolo11x_bytetrack,bellevue_ne8th,9,9,9042,bounded_proxy_sample,0.5162622636875018,0.6404020190238953,,,,
new_yolo11x_bytetrack,bellevue_ne8th,0,0,7170,bounded_proxy_sample,0.45978197709785845,0.4597710371017456,,,,
new_yolo11x_bytetrack,bellevue_ne8th,1,1,41,bounded_proxy_sample,0.23794040865287547,0.25359952449798584,,,,
new_yolo11x_bytetrack,bellevue_ne8th,2,2,68498,bounded_proxy_sample,0.6933346922927623,0.7956713736057281,,,,
new_yolo11x_bytetrack,bellevue_ne8th,3,3,221,bounded_proxy_sample,0.321311031935981,0.3229074478149414,,,,
new_yolo11x_bytetrack,bellevue_ne8th,5,5,318,bounded_proxy_sample,0.6624581754769919,0.648390918970108,,,,
new_yolo11x_bytetrack,bellevue_ne8th,7,7,8325,bounded_proxy_sample,0.6574886901806425,0.7032282948493958,,,,
new_yolo11x_bytetrack,bellevue_ne8th,9,9,15427,bounded_proxy_sample,0.5762133395026807,0.6639487743377686,,,,
new_yolo11x_bytetrack,bellevue_ne8th,0,0,9223,bounded_proxy_sample,0.37788871918885425,0.35796695947647095,,,,
new_yolo11x_bytetrack,bellevue_ne8th,2,2,69836,bounded_proxy_sample,0.6884842042363823,0.7312447428703308,,,,
new_yolo11x_bytetrack,bellevue_ne8th,3,3,195,bounded_proxy_sample,0.36077936941232436,0.35091128945350647,,,,
new_yolo11x_bytetrack,bellevue_ne8th,5,5,6,bounded_proxy_sample,0.26549549028277397,0.23245374113321304,,,,
new_yolo11x_bytetrack,bellevue_ne8th,7,7,6443,bounded_proxy_sample,0.647024324611026,0.6583551168441772,,,,
new_yolo11x_bytetrack,bellevue_ne8th,9,9,14296,bounded_proxy_sample,0.39059153789363565,0.2875893861055374,,,,
new_yolo11x_bytetrack,bellevue_ne8th,10,10,1,bounded_proxy_sample,0.39409345388412476,0.39409345388412476,,,,
new_yolo11x_bytetrack,bellevue_ne8th,0,0,3688,bounded_proxy_sample,0.4424046262989625,0.44851264357566833,,,,
new_yolo11x_bytetrack,bellevue_ne8th,1,1,2,bounded_proxy_sample,0.11293601989746094,0.11293601989746094,,,,
new_yolo11x_bytetrack,bellevue_ne8th,2,2,83338,bounded_proxy_sample,0.7035213258288106,0.7938994467258453,,,,
new_yolo11x_bytetrack,bellevue_ne8th,3,3,237,bounded_proxy_sample,0.234839246745854,0.2237873077392578,,,,
new_yolo11x_bytetrack,bellevue_ne8th,5,5,264,bounded_proxy_sample,0.6301346036295096,0.6215091645717621,,,,
new_yolo11x_bytetrack,bellevue_ne8th,7,7,2736,bounded_proxy_sample,0.47428020476281907,0.4477313607931137,,,,
new_yolo11x_bytetrack,bellevue_ne8th,9,9,9735,bounded_proxy_sample,0.49625192900452786,0.5459789037704468,,,,
new_yolo11x_bytetrack,bellevue_ne8th,0,0,5782,bounded_proxy_sample,0.3769718488412244,0.35212938487529755,,,,
new_yolo11x_bytetrack,bellevue_ne8th,1,1,4,bounded_proxy_sample,0.18828150629997253,0.2025388851761818,,,,
new_yolo11x_bytetrack,bellevue_ne8th,2,2,82411,bounded_proxy_sample,0.6299828696526804,0.7051854133605957,,,,
new_yolo11x_bytetrack,bellevue_ne8th,3,3,61,bounded_proxy_sample,0.28183773831754433,0.23903904855251312,,,,
new_yolo11x_bytetrack,bellevue_ne8th,5,5,1930,bounded_proxy_sample,0.41267395371986176,0.4025839865207672,,,,
new_yolo11x_bytetrack,bellevue_ne8th,7,7,3216,bounded_proxy_sample,0.47830281463400715,0.43207554519176483,,,,
new_yolo11x_bytetrack,bellevue_ne8th,9,9,6595,bounded_proxy_sample,0.42290158890543605,0.4054349362850189,,,,
new_yolo11x_bytetrack,bellevue_ne8th,58,58,1,bounded_proxy_sample,0.15225134789943695,0.15225134789943695,,,,
new_yolo11x_bytetrack,bellevue_ne8th,0,0,13459,bounded_proxy_sample,0.4411931628762272,0.453851580619812,,,,
new_yolo11x_bytetrack,bellevue_ne8th,1,1,17,bounded_proxy_sample,0.19820315259344437,0.19121083617210388,,,,
new_yolo11x_bytetrack,bellevue_ne8th,2,2,76262,bounded_proxy_sample,0.6508664875915451,0.7117471694946289,,,,
new_yolo11x_bytetrack,bellevue_ne8th,3,3,55,bounded_proxy_sample,0.2100054075772112,0.17906884849071503,,,,
new_yolo11x_bytetrack,bellevue_ne8th,5,5,19,bounded_proxy_sample,0.6472224938242059,0.6911712884902954,,,,
new_yolo11x_bytetrack,bellevue_ne8th,7,7,2232,bounded_proxy_sample,0.7988123401505439,0.9199438691139221,,,,
new_yolo11x_bytetrack,bellevue_ne8th,9,9,7954,bounded_proxy_sample,0.4695370612557821,0.44646476209163666,,,,
new_yolo11x_bytetrack,bellevue_ne8th,58,58,2,bounded_proxy_sample,0.1303957775235176,0.1303957775235176,,,,
new_yolo11x_bytetrack,bellevue_ne8th,0,0,7426,bounded_proxy_sample,0.3967640374910308,0.38630640506744385,,,,
new_yolo11x_bytetrack,bellevue_ne8th,1,1,58,bounded_proxy_sample,0.4785383939743042,0.4764404892921448,,,,
new_yolo11x_bytetrack,bellevue_ne8th,2,2,80785,bounded_proxy_sample,0.6097209907369558,0.6200726628303528,,,,
new_yolo11x_bytetrack,bellevue_ne8th,3,3,153,bounded_proxy_sample,0.26954355027550964,0.24085846543312073,,,,
new_yolo11x_bytetrack,bellevue_ne8th,5,5,227,bounded_proxy_sample,0.6422440866869977,0.6495696902275085,,,,
new_yolo11x_bytetrack,bellevue_ne8th,7,7,5472,bounded_proxy_sample,0.627720842388464,0.5937537252902985,,,,
new_yolo11x_bytetrack,bellevue_ne8th,9,9,5879,bounded_proxy_sample,0.5301185712094088,0.565265417098999,,,,
new_yolo11x_bytetrack,bellevue_ne8th,0,0,6723,bounded_proxy_sample,0.39506715889751387,0.376323938369751,,,,
new_yolo11x_bytetrack,bellevue_ne8th,2,2,88430,bounded_proxy_sample,0.6480742092844952,0.6966816782951355,,,,
new_yolo11x_bytetrack,bellevue_ne8th,3,3,129,bounded_proxy_sample,0.33306166339059207,0.3234573006629944,,,,
new_yolo11x_bytetrack,bellevue_ne8th,7,7,1582,bounded_proxy_sample,0.5530120487479133,0.541523277759552,,,,
new_yolo11x_bytetrack,bellevue_ne8th,9,9,3136,bounded_proxy_sample,0.412686332357021,0.4195169657468796,,,,
new_yolo11x_bytetrack,bellevue_ne8th,0,0,3136,bounded_proxy_sample,0.35256084712098673,0.35134637355804443,,,,
new_yolo11x_bytetrack,bellevue_ne8th,1,1,30,bounded_proxy_sample,0.35081857939561206,0.33963604271411896,,,,
new_yolo11x_bytetrack,bellevue_ne8th,2,2,81367,bounded_proxy_sample,0.6352243876075048,0.6799092888832092,,,,
new_yolo11x_bytetrack,bellevue_ne8th,3,3,239,bounded_proxy_sample,0.3352948866441659,0.31555530428886414,,,,
new_yolo11x_bytetrack,bellevue_ne8th,5,5,2596,bounded_proxy_sample,0.6104712884511528,0.554225891828537,,,,
new_yolo11x_bytetrack,bellevue_ne8th,7,7,4429,bounded_proxy_sample,0.44683126075545293,0.4370325803756714,,,,
new_yolo11x_bytetrack,bellevue_ne8th,9,9,8203,bounded_proxy_sample,0.5133631493999335,0.6112324595451355,,,,
